# Blender 4.4.0
# www.blender.org
mtllib Meshy_AI_Brown_Crescent_0907042735_texture.mtl
o Meshy_AI_Brown_Crescent_0907042735_texture
v 0.928204 -0.083338 0.041284
v 0.949799 -0.066274 0.003273
v 0.933703 -0.075761 -0.039042
v 0.907474 -0.118990 -0.004112
v -0.916346 0.032769 -0.042523
v -0.923528 -0.009091 0.080305
v -0.901377 -0.347615 0.056762
v -0.895024 -0.364373 -0.052058
v 0.922131 -0.080318 0.045683
v 0.919336 -0.085270 0.045146
v 0.928072 -0.087509 0.039633
v 0.932810 -0.086717 0.036474
v 0.931601 -0.081638 0.039469
v 0.924854 -0.075955 0.045303
v 0.948621 -0.061196 0.003763
v 0.948489 -0.062283 0.008017
v 0.949895 -0.068549 0.005658
v 0.950067 -0.067780 0.000083
v 0.948849 -0.061094 -0.000993
v 0.950410 -0.071782 0.002198
v 0.928011 -0.071759 -0.043949
v 0.930499 -0.067450 -0.042500
v 0.936804 -0.074387 -0.036490
v 0.937914 -0.079651 -0.034577
v 0.933442 -0.079911 -0.038372
v 0.925339 -0.076488 -0.045013
v 0.910320 -0.118225 -0.007338
v 0.914572 -0.117986 -0.004133
v 0.909696 -0.118952 -0.000864
v 0.898804 -0.119378 -0.003723
v 0.899410 -0.118862 -0.009237
v 0.899016 -0.119619 0.001745
v -0.910048 0.042322 -0.047271
v -0.910774 0.031089 -0.067947
v -0.919458 0.021439 -0.054152
v -0.925509 0.014581 -0.039498
v -0.918971 0.032330 -0.029986
v -0.910660 0.046515 -0.029222
v -0.916086 -0.000532 0.091811
v -0.918591 0.007792 0.075989
v -0.926729 -0.007839 0.067558
v -0.925149 -0.019948 0.084819
v -0.915447 -0.013197 0.103969
v -0.931055 -0.022603 0.067651
v -0.905359 -0.335697 0.061295
v -0.911471 -0.332062 0.041602
v -0.904117 -0.349920 0.042262
v -0.892569 -0.359714 0.066068
v -0.894351 -0.345648 0.079669
v -0.893409 -0.369520 0.046910
v -0.900024 -0.351314 -0.057155
v -0.886192 -0.366188 -0.074576
v -0.882849 -0.380799 -0.059781
v -0.896546 -0.367779 -0.037529
v -0.905530 -0.348805 -0.038786
v -0.881141 -0.391458 -0.040311
v -0.859422 -0.410378 -0.045645
v -0.857801 -0.416773 -0.021123
v -0.880779 -0.397245 -0.018335
v -0.896355 -0.373193 -0.017790
v -0.862038 -0.399149 -0.068214
v -0.832845 -0.410470 -0.074016
v -0.829144 -0.420202 -0.050116
v -0.866161 -0.383831 -0.087190
v -0.838855 -0.396268 -0.095791
v -0.808020 -0.398007 -0.103087
v -0.800326 -0.410297 -0.079874
v -0.871404 -0.364917 -0.102640
v -0.846650 -0.377356 -0.114542
v -0.818174 -0.381125 -0.123630
v -0.788106 -0.375376 -0.133443
v -0.777078 -0.390256 -0.112127
v -0.854514 -0.354186 -0.130434
v -0.828460 -0.359576 -0.141497
v -0.799635 -0.356523 -0.151771
v -0.769332 -0.345342 -0.161274
v -0.757349 -0.362650 -0.142619
v -0.837638 -0.333899 -0.156490
v -0.810704 -0.333431 -0.167533
v -0.781127 -0.324674 -0.176798
v -0.751031 -0.309112 -0.184047
v -0.738839 -0.328733 -0.168523
v -0.820758 -0.306293 -0.180237
v -0.792442 -0.300013 -0.189511
v -0.763447 -0.286410 -0.196308
v -0.735344 -0.268456 -0.201110
v -0.722024 -0.290219 -0.188689
v -0.803969 -0.272132 -0.198979
v -0.777173 -0.260418 -0.205638
v -0.750497 -0.244093 -0.210492
v -0.723469 -0.226589 -0.213314
v -0.708123 -0.249446 -0.203874
v -0.792566 -0.231448 -0.211955
v -0.766841 -0.217563 -0.216956
v -0.738301 -0.202165 -0.219934
v -0.706703 -0.185641 -0.221057
v -0.694739 -0.208148 -0.214512
v -0.776759 -0.187450 -0.221294
v -0.745407 -0.176241 -0.224367
v -0.713607 -0.161477 -0.225572
v -0.684279 -0.142233 -0.226533
v -0.676334 -0.166838 -0.221594
v -0.748186 -0.146468 -0.227503
v -0.718833 -0.132091 -0.228956
v -0.691792 -0.113520 -0.229977
v -0.666538 -0.094250 -0.230611
v -0.657754 -0.122572 -0.227269
v -0.724217 -0.100788 -0.230619
v -0.699207 -0.082473 -0.231516
v -0.675385 -0.063832 -0.231881
v -0.652426 -0.046287 -0.231748
v -0.642515 -0.076108 -0.230720
v -0.707080 -0.049867 -0.231036
v -0.684684 -0.032056 -0.230946
v -0.662615 -0.015237 -0.230541
v -0.640543 0.000526 -0.229830
v -0.629843 -0.029959 -0.231302
v -0.694854 0.000867 -0.227626
v -0.673393 0.016693 -0.226821
v -0.651596 0.031667 -0.225897
v -0.629453 0.045925 -0.224879
v -0.618291 0.015402 -0.228917
v -0.684697 0.048575 -0.219913
v -0.662882 0.062626 -0.218671
v -0.640677 0.076177 -0.217438
v -0.618105 0.089205 -0.216005
v -0.606983 0.059535 -0.223715
v -0.673954 0.091977 -0.206458
v -0.651607 0.104838 -0.204992
v -0.628905 0.117338 -0.203482
v -0.605867 0.129503 -0.201995
v -0.595244 0.101812 -0.214595
v -0.661734 0.130586 -0.187166
v -0.638917 0.142663 -0.185737
v -0.615709 0.154438 -0.184264
v -0.592158 0.165905 -0.182774
v -0.582496 0.141292 -0.200449
v -0.647752 0.164447 -0.163501
v -0.624465 0.175978 -0.162231
v -0.600789 0.187232 -0.160909
v -0.576731 0.198160 -0.159532
v -0.568255 0.177048 -0.181257
v -0.631899 0.193828 -0.136800
v -0.608165 0.204899 -0.135670
v -0.584026 0.215696 -0.134502
v -0.559542 0.226230 -0.133311
v -0.552356 0.208811 -0.158156
v -0.614201 0.218996 -0.108019
v -0.590031 0.229690 -0.107068
v -0.565506 0.240207 -0.106130
v -0.540625 0.250468 -0.105199
v -0.534756 0.236544 -0.132166
v -0.594675 0.240275 -0.077943
v -0.570116 0.250740 -0.077228
v -0.545193 0.260995 -0.076532
v -0.519896 0.270965 -0.075848
v -0.515414 0.260480 -0.104286
v -0.573226 0.257817 -0.047124
v -0.548299 0.268100 -0.046676
v -0.522984 0.278113 -0.046244
v -0.497341 0.287920 -0.045823
v -0.494325 0.280829 -0.075227
v -0.549807 0.271739 -0.016099
v -0.524472 0.281723 -0.015902
v -0.498821 0.291540 -0.015723
v -0.472851 0.301128 -0.015545
v -0.471394 0.297530 -0.045427
v -0.524312 0.281815 0.014672
v -0.498661 0.291581 0.014633
v -0.472719 0.301164 0.014582
v -0.446449 0.310502 0.014539
v -0.446579 0.310506 -0.015368
v -0.496883 0.288044 0.044731
v -0.470980 0.297594 0.044465
v -0.444788 0.306920 0.044212
v -0.418312 0.315936 0.043984
v -0.419915 0.319609 0.014509
v -0.467756 0.290518 0.073624
v -0.441671 0.299761 0.073167
v -0.415323 0.308774 0.072750
v -0.388726 0.317554 0.072366
v -0.391601 0.324742 0.043788
v -0.437262 0.289256 0.100976
v -0.411068 0.298245 0.100355
v -0.384635 0.307043 0.099801
v -0.357942 0.315579 0.099238
v -0.361900 0.326150 0.072013
v -0.405681 0.284453 0.126335
v -0.379413 0.293191 0.125553
v -0.352916 0.301748 0.124819
v -0.326167 0.309972 0.124065
v -0.331002 0.323810 0.098657
v -0.373205 0.276168 0.149115
v -0.346935 0.284733 0.148210
v -0.320428 0.292994 0.147314
v -0.293721 0.301004 0.146469
v -0.299226 0.318025 0.123378
v -0.340160 0.264748 0.168910
v -0.313914 0.273010 0.167860
v -0.287486 0.281013 0.166877
v -0.260872 0.288768 0.165975
v -0.266816 0.308734 0.145655
v -0.306794 0.250314 0.185119
v -0.280662 0.258352 0.184063
v -0.254366 0.266147 0.183101
v -0.227899 0.273752 0.182286
v -0.234082 0.296318 0.165178
v -0.273403 0.233389 0.197432
v -0.247431 0.241238 0.196438
v -0.221297 0.248845 0.195539
v -0.194974 0.256153 0.194702
v -0.201222 0.281014 0.181435
v -0.240212 0.214609 0.205646
v -0.214435 0.222266 0.204791
v -0.188489 0.229638 0.204071
v -0.162386 0.236670 0.203311
v -0.168482 0.263157 0.193918
v -0.207418 0.194849 0.210806
v -0.181861 0.202231 0.210079
v -0.156163 0.209285 0.209379
v -0.130315 0.215999 0.208775
v -0.136131 0.243375 0.202590
v -0.175050 0.174479 0.213495
v -0.149748 0.181553 0.212863
v -0.124311 0.188275 0.212279
v -0.098752 0.194624 0.211692
v -0.104329 0.222328 0.208132
v -0.143100 0.153778 0.213923
v -0.118066 0.160495 0.213322
v -0.092937 0.166844 0.212737
v -0.067693 0.172769 0.212165
v -0.073047 0.200560 0.211143
v -0.111628 0.132882 0.211873
v -0.086930 0.139210 0.211259
v -0.062172 0.145115 0.210605
v -0.037321 0.150554 0.209904
v -0.042356 0.178230 0.211540
v -0.080858 0.111933 0.206979
v -0.056562 0.117821 0.206247
v -0.032236 0.123254 0.205462
v -0.007838 0.128185 0.204660
v -0.012423 0.155507 0.209116
v -0.051045 0.091182 0.198997
v -0.027199 0.096586 0.198230
v -0.003292 0.101534 0.197432
v 0.020621 0.106023 0.196536
v 0.016567 0.132624 0.203786
v -0.022341 0.070990 0.187994
v 0.001088 0.075959 0.187215
v 0.024537 0.080462 0.186368
v 0.047968 0.084536 0.185333
v 0.044566 0.110014 0.195498
v 0.005229 0.051878 0.173915
v 0.028219 0.056456 0.173071
v 0.051178 0.060600 0.172072
v 0.074125 0.064231 0.170987
v 0.071414 0.088072 0.184198
v 0.031597 0.034468 0.156726
v 0.054115 0.038702 0.155779
v 0.076609 0.042478 0.154703
v 0.099037 0.045821 0.153428
v 0.097030 0.067420 0.169682
v 0.056662 0.019363 0.136581
v 0.078727 0.023277 0.135547
v 0.100727 0.026741 0.134353
v 0.122675 0.029710 0.133036
v 0.121393 0.048606 0.152021
v 0.080438 0.006969 0.113876
v 0.102087 0.010545 0.112838
v 0.123713 0.013648 0.111708
v 0.145310 0.016203 0.110548
v 0.144580 0.032102 0.131677
v 0.103166 -0.002568 0.089395
v 0.124526 0.000608 0.088522
v 0.145871 0.003306 0.087602
v 0.167201 0.005559 0.086622
v 0.166891 0.018226 0.109351
v 0.125115 -0.009231 0.063881
v 0.146276 -0.006395 0.063212
v 0.167431 -0.003982 0.062509
v 0.188620 -0.002062 0.061781
v 0.188545 0.007340 0.085581
v 0.146553 -0.013012 0.037875
v 0.167614 -0.010572 0.037480
v 0.188687 -0.008547 0.037079
v 0.209789 -0.006988 0.036657
v 0.209816 -0.000620 0.061023
v 0.167723 -0.013910 0.011863
v 0.188740 -0.011804 0.011782
v 0.209794 -0.010172 0.011706
v 0.230908 -0.009057 0.011629
v 0.230938 -0.005894 0.036241
v 0.188756 -0.011740 -0.013717
v 0.209820 -0.010128 -0.013466
v 0.230944 -0.009044 -0.013206
v 0.252133 -0.008287 -0.012919
v 0.252087 -0.008296 0.011571
v 0.209847 -0.006770 -0.038433
v 0.231030 -0.005740 -0.037840
v 0.252273 -0.005106 -0.037231
v 0.273598 -0.004870 -0.036588
v 0.273394 -0.007888 -0.012614
v 0.231187 0.000634 -0.061935
v 0.252537 0.001120 -0.060978
v 0.273997 0.001149 -0.059981
v 0.295553 0.000750 -0.058955
v 0.295035 -0.005081 -0.035909
v 0.252993 0.010216 -0.083784
v 0.274629 0.010033 -0.082405
v 0.296359 0.009419 -0.080993
v 0.318214 0.008436 -0.079537
v 0.317233 -0.000002 -0.057861
v 0.275506 0.021683 -0.103491
v 0.297448 0.020776 -0.101673
v 0.319503 0.019473 -0.099784
v 0.341676 0.017711 -0.097815
v 0.340143 0.007032 -0.078047
v 0.298828 0.034692 -0.120618
v 0.321135 0.032950 -0.118254
v 0.343561 0.030727 -0.115807
v 0.366062 0.028063 -0.113253
v 0.363952 0.015500 -0.095740
v 0.323101 0.048787 -0.134715
v 0.345777 0.046026 -0.131824
v 0.368540 0.042813 -0.128843
v 0.391330 0.039224 -0.125749
v 0.388626 0.025048 -0.110586
v 0.348319 0.063528 -0.145712
v 0.371358 0.059665 -0.142369
v 0.394431 0.055420 -0.138881
v 0.417536 0.050771 -0.135304
v 0.414194 0.035274 -0.122523
v 0.374561 0.078453 -0.153697
v 0.397933 0.073479 -0.149908
v 0.421295 0.068075 -0.146095
v 0.444638 0.062324 -0.142199
v 0.440637 0.045758 -0.131709
v 0.401857 0.093071 -0.158856
v 0.425479 0.086950 -0.154824
v 0.449115 0.080400 -0.150713
v 0.472649 0.073537 -0.146524
v 0.467986 0.056205 -0.138271
v 0.430147 0.107028 -0.161398
v 0.454061 0.099797 -0.157106
v 0.477812 0.092220 -0.152755
v 0.501488 0.084391 -0.148361
v 0.496152 0.066476 -0.142332
v 0.459378 0.120058 -0.161142
v 0.483431 0.111861 -0.156746
v 0.507300 0.103370 -0.152259
v 0.531078 0.094572 -0.147698
v 0.525096 0.076334 -0.143970
v 0.489346 0.131947 -0.158210
v 0.513466 0.122894 -0.153719
v 0.537414 0.113509 -0.149128
v 0.561136 0.103807 -0.144462
v 0.554673 0.085557 -0.143071
v 0.519789 0.142351 -0.152669
v 0.543874 0.132338 -0.148056
v 0.567688 0.121983 -0.143414
v 0.591308 0.111329 -0.138819
v 0.584661 0.093814 -0.139700
v 0.550184 0.150391 -0.144687
v 0.574079 0.139432 -0.140193
v 0.597744 0.128103 -0.135710
v 0.621163 0.116432 -0.131106
v 0.614697 0.100327 -0.134189
v 0.580174 0.155840 -0.134887
v 0.603864 0.143899 -0.130516
v 0.627337 0.131662 -0.126177
v 0.650564 0.119094 -0.121711
v 0.644401 0.104519 -0.126570
v 0.609606 0.158622 -0.123399
v 0.633069 0.145797 -0.119228
v 0.656315 0.132729 -0.114986
v 0.679331 0.119365 -0.110659
v 0.673555 0.106267 -0.117089
v 0.638378 0.158878 -0.110476
v 0.661581 0.145265 -0.106484
v 0.684573 0.131424 -0.102410
v 0.707303 0.117304 -0.098194
v 0.702052 0.105679 -0.106171
v 0.666375 0.156745 -0.096306
v 0.689240 0.142370 -0.092467
v 0.712012 0.127944 -0.088699
v 0.734412 0.113260 -0.084691
v 0.729781 0.102992 -0.094012
v 0.693396 0.152264 -0.081007
v 0.716100 0.137504 -0.077612
v 0.738413 0.122476 -0.073925
v 0.760304 0.107270 -0.070164
v 0.756299 0.098430 -0.080560
v 0.719554 0.145784 -0.065086
v 0.741794 0.130437 -0.061876
v 0.763708 0.114896 -0.058578
v 0.785302 0.099099 -0.055568
v 0.781872 0.091886 -0.066578
v 0.744614 0.137073 -0.048802
v 0.766533 0.121169 -0.046162
v 0.788109 0.104937 -0.043771
v 0.809369 0.088407 -0.041494
v 0.806625 0.082920 -0.052663
v 0.768615 0.125828 -0.033208
v 0.790179 0.109290 -0.031391
v 0.811481 0.092526 -0.029795
v 0.832397 0.075380 -0.028108
v 0.830369 0.071493 -0.039107
v 0.791614 0.112222 -0.018742
v 0.812874 0.095232 -0.017750
v 0.833762 0.077986 -0.016716
v 0.854247 0.060066 -0.015574
v 0.852954 0.057679 -0.026314
v 0.813510 0.096559 -0.005484
v 0.834440 0.079218 -0.005133
v 0.854883 0.061265 -0.004698
v 0.874657 0.042559 -0.004128
v 0.874029 0.041511 -0.014396
v 0.834374 0.078998 0.006539
v 0.854780 0.061094 0.006261
v 0.874555 0.042446 0.006112
v 0.893700 0.023390 0.005915
v 0.893782 0.023521 -0.003714
v 0.854028 0.059700 0.017202
v 0.873748 0.041190 0.016348
v 0.892893 0.022202 0.015481
v 0.910820 0.002460 0.014375
v 0.911721 0.003619 0.005582
v 0.872242 0.038754 0.026314
v 0.891427 0.019904 0.024747
v 0.909293 0.000409 0.022937
v 0.924556 -0.019010 0.021118
v 0.926130 -0.017218 0.013339
v 0.889333 0.016695 0.033585
v 0.907284 -0.002391 0.031012
v 0.922627 -0.021548 0.028424
v 0.933540 -0.037464 0.025097
v 0.934824 -0.034976 0.018883
v 0.904837 -0.006123 0.038562
v 0.920635 -0.024623 0.034823
v 0.932066 -0.040383 0.030482
v 0.939197 -0.051502 0.026492
v 0.940252 -0.048803 0.021852
v 0.918407 -0.028334 0.040736
v 0.930514 -0.043504 0.035577
v 0.938003 -0.054707 0.030696
v 0.942984 -0.063427 0.026355
v 0.944040 -0.060683 0.022641
v 0.928652 -0.047092 0.040110
v 0.936772 -0.057906 0.034574
v 0.941807 -0.066390 0.029646
v 0.944950 -0.073884 0.024885
v 0.946212 -0.071040 0.021949
v 0.934794 -0.061276 0.037729
v 0.940307 -0.069517 0.032597
v 0.943646 -0.076868 0.027675
v 0.944506 -0.082882 0.023294
v 0.946651 -0.080209 0.020503
v 0.938410 -0.072654 0.035067
v 0.941309 -0.079667 0.030174
v 0.942431 -0.085587 0.026142
v 0.938758 -0.082332 0.032355
v 0.939580 -0.087919 0.028807
v 0.939321 -0.092928 0.025202
v 0.942317 -0.090644 0.022204
v 0.944697 -0.088085 0.019293
v 0.946854 -0.085433 0.016335
v 0.941697 -0.095188 0.018295
v 0.944316 -0.092688 0.015080
v 0.946324 -0.089966 0.012043
v 0.948248 -0.087054 0.009049
v 0.948323 -0.082632 0.013289
v 0.943408 -0.096584 0.010969
v 0.945681 -0.093839 0.007888
v 0.947572 -0.090802 0.004865
v 0.948896 -0.087490 0.002020
v 0.949429 -0.083964 0.006210
v 0.944436 -0.097223 0.003679
v 0.946346 -0.094095 0.000651
v 0.947821 -0.090632 -0.002170
v 0.948895 -0.086835 -0.004869
v 0.949883 -0.083889 -0.000724
v 0.944648 -0.097082 -0.003674
v 0.946300 -0.093559 -0.006399
v 0.947667 -0.089532 -0.008986
v 0.948619 -0.085074 -0.011504
v 0.949757 -0.082530 -0.007438
v 0.944319 -0.096317 -0.010766
v 0.945831 -0.092195 -0.013218
v 0.947005 -0.087596 -0.015576
v 0.947501 -0.082456 -0.017832
v 0.949145 -0.080094 -0.013944
v 0.943423 -0.094685 -0.017619
v 0.944700 -0.089950 -0.019676
v 0.945445 -0.084728 -0.021650
v 0.945639 -0.079139 -0.023910
v 0.947331 -0.076605 -0.020270
v 0.941925 -0.091920 -0.023928
v 0.943039 -0.086791 -0.025555
v 0.943621 -0.081423 -0.027357
v 0.942770 -0.075494 -0.029456
v 0.944673 -0.072752 -0.026622
v 0.939759 -0.088344 -0.029577
v 0.940621 -0.083152 -0.030746
v 0.940667 -0.077968 -0.032191
v 0.937048 -0.084323 -0.034299
v 0.938510 -0.071591 -0.034900
v 0.940190 -0.068492 -0.032808
v 0.932823 -0.063468 -0.040259
v 0.935056 -0.060108 -0.037645
v 0.937057 -0.056644 -0.034147
v 0.941869 -0.065441 -0.029891
v 0.938714 -0.053489 -0.030090
v 0.943276 -0.062460 -0.026164
v 0.946228 -0.069955 -0.023110
v 0.944378 -0.059729 -0.021989
v 0.947183 -0.067446 -0.019107
v 0.948735 -0.074195 -0.016476
v 0.947944 -0.065171 -0.014823
v 0.949566 -0.072021 -0.012388
v 0.950007 -0.077817 -0.009857
v 0.949964 -0.070110 -0.008112
v 0.950497 -0.075706 -0.005721
v 0.950485 -0.080027 -0.003353
v 0.950684 -0.073729 -0.001557
v 0.950680 -0.077318 0.000780
v 0.950215 -0.080678 0.003440
v 0.950469 -0.074422 0.004662
v 0.950095 -0.077220 0.007420
v 0.949613 -0.079983 0.010396
v 0.949318 -0.072322 0.011529
v 0.948932 -0.074838 0.014547
v 0.947939 -0.077532 0.017568
v 0.947141 -0.068371 0.018727
v 0.947727 -0.066019 0.015340
v 0.944784 -0.058286 0.018714
v 0.948123 -0.064014 0.011795
v 0.945417 -0.056195 0.014316
v 0.941079 -0.046421 0.016680
v 0.946080 -0.054515 0.009584
v 0.941956 -0.044708 0.010913
v 0.935976 -0.033150 0.012163
v 0.942549 -0.043796 0.004715
v 0.936796 -0.032296 0.004997
v 0.926972 -0.016286 0.005245
v 0.936958 -0.032313 -0.002413
v 0.927144 -0.016110 -0.003059
v 0.911816 0.003817 -0.003419
v 0.926464 -0.016878 -0.011222
v 0.911199 0.003023 -0.012389
v 0.893165 0.022596 -0.013366
v 0.909878 0.001259 -0.021131
v 0.891865 0.020665 -0.022762
v 0.872702 0.039389 -0.024468
v 0.889857 0.017677 -0.031878
v 0.870693 0.036130 -0.034275
v 0.850924 0.054105 -0.036712
v 0.868066 0.031756 -0.043623
v 0.848191 0.049328 -0.046671
v 0.827706 0.066369 -0.049632
v 0.844907 0.043467 -0.055908
v 0.824390 0.060116 -0.059463
v 0.803277 0.076183 -0.062990
v 0.820484 0.052747 -0.068345
v 0.799396 0.068295 -0.072448
v 0.777923 0.083478 -0.076506
v 0.794927 0.059367 -0.080646
v 0.773412 0.074058 -0.085104
v 0.751757 0.088536 -0.089614
v 0.768438 0.063744 -0.092407
v 0.746649 0.077753 -0.097157
v 0.724503 0.091773 -0.101632
v 0.740999 0.066174 -0.102964
v 0.718776 0.079723 -0.107721
v 0.696316 0.093154 -0.112479
v 0.712707 0.066904 -0.112050
v 0.690156 0.079744 -0.116991
v 0.667382 0.092265 -0.121782
v 0.683706 0.065553 -0.119648
v 0.660867 0.077415 -0.124565
v 0.637884 0.089055 -0.129532
v 0.654267 0.062147 -0.125468
v 0.631215 0.072989 -0.130365
v 0.608024 0.083532 -0.135065
v 0.624724 0.057034 -0.129097
v 0.601511 0.066785 -0.133846
v 0.578163 0.076319 -0.138440
v 0.595385 0.050796 -0.130480
v 0.572031 0.059566 -0.134933
v 0.548613 0.068045 -0.139500
v 0.566409 0.043961 -0.129495
v 0.543050 0.051655 -0.133830
v 0.519620 0.059142 -0.138133
v 0.537996 0.036466 -0.126356
v 0.514671 0.043291 -0.130401
v 0.491328 0.049898 -0.134336
v 0.510225 0.028829 -0.120831
v 0.487002 0.034764 -0.124468
v 0.463789 0.040409 -0.128083
v 0.483143 0.021222 -0.112809
v 0.460084 0.026213 -0.116053
v 0.437091 0.030894 -0.119302
v 0.456846 0.013681 -0.102273
v 0.434002 0.017871 -0.105048
v 0.411272 0.021652 -0.107835
v 0.431363 0.006630 -0.089100
v 0.408776 0.009966 -0.091378
v 0.386314 0.012917 -0.093599
v 0.406710 0.000322 -0.073188
v 0.384412 0.002952 -0.074861
v 0.362220 0.005211 -0.076470
v 0.382922 -0.004704 -0.054503
v 0.360897 -0.002688 -0.055637
v 0.339003 -0.001139 -0.056752
v 0.359986 -0.008085 -0.033642
v 0.338226 -0.006678 -0.034409
v 0.316559 -0.005679 -0.035182
v 0.337787 -0.009490 -0.011463
v 0.316207 -0.008528 -0.011882
v 0.294747 -0.007988 -0.012278
v 0.316135 -0.008552 0.011555
v 0.294681 -0.008005 0.011505
v 0.273344 -0.007924 0.011522
v 0.294850 -0.005097 0.035041
v 0.273460 -0.004936 0.035413
v 0.252161 -0.005191 0.035820
v 0.273790 0.000994 0.058678
v 0.252390 0.000884 0.059459
v 0.231073 0.000347 0.060246
v 0.252802 0.009785 0.082156
v 0.231340 0.009456 0.083328
v 0.209919 0.008653 0.084477
v 0.231729 0.021519 0.105061
v 0.210083 0.020885 0.106601
v 0.188477 0.019771 0.108056
v 0.210324 0.035989 0.126937
v 0.188401 0.035200 0.128663
v 0.166500 0.033921 0.130225
v 0.188304 0.053455 0.147010
v 0.166008 0.052427 0.148804
v 0.143698 0.050816 0.150464
v 0.165449 0.073444 0.164699
v 0.142679 0.072079 0.166533
v 0.119877 0.070052 0.168216
v 0.141517 0.095390 0.179607
v 0.118179 0.093576 0.181336
v 0.094808 0.091118 0.182852
v 0.116369 0.118653 0.191550
v 0.092438 0.116393 0.193012
v 0.068521 0.113465 0.194354
v 0.090015 0.142700 0.200445
v 0.065508 0.139923 0.201691
v 0.041025 0.136566 0.202817
v 0.062528 0.167092 0.206300
v 0.037493 0.163811 0.207339
v 0.012495 0.159935 0.208264
v 0.034035 0.191469 0.209067
v 0.008501 0.187641 0.210005
v -0.016957 0.183214 0.210796
v 0.004666 0.215472 0.209021
v -0.021346 0.211039 0.209764
v -0.047238 0.206040 0.210533
v -0.025517 0.238744 0.206095
v -0.051919 0.233754 0.206860
v -0.078183 0.228265 0.207528
v -0.056421 0.261058 0.200404
v -0.083161 0.255592 0.201138
v -0.109730 0.249680 0.201872
v -0.088002 0.282026 0.191517
v -0.115005 0.276157 0.192299
v -0.141826 0.269868 0.193112
v -0.120107 0.301077 0.179151
v -0.147340 0.294749 0.179903
v -0.174368 0.288025 0.180685
v -0.152523 0.317349 0.163023
v -0.179907 0.310614 0.163716
v -0.207086 0.303566 0.164391
v -0.184962 0.330592 0.143638
v -0.212453 0.323553 0.144269
v -0.239733 0.316272 0.144939
v -0.217179 0.340643 0.121524
v -0.244727 0.333342 0.122086
v -0.272065 0.325774 0.122691
v -0.248949 0.347314 0.097150
v -0.276507 0.339715 0.097628
v -0.303864 0.331883 0.098133
v -0.280014 0.350416 0.070926
v -0.307527 0.342552 0.071278
v -0.334832 0.334503 0.071654
v -0.310095 0.349868 0.043241
v -0.337493 0.341746 0.043442
v -0.364664 0.333364 0.043621
v -0.338887 0.345396 0.014485
v -0.366119 0.337054 0.014505
v -0.393135 0.328479 0.014502
v -0.366183 0.337032 -0.014875
v -0.393212 0.328482 -0.015033
v -0.420028 0.319641 -0.015197
v -0.391876 0.324806 -0.044326
v -0.418636 0.315973 -0.044661
v -0.445151 0.306879 -0.045036
v -0.415855 0.308784 -0.073431
v -0.442277 0.299721 -0.073995
v -0.468441 0.290407 -0.074597
v -0.438078 0.289141 -0.101782
v -0.464124 0.279876 -0.102610
v -0.489902 0.270289 -0.103428
v -0.458618 0.266027 -0.128963
v -0.484274 0.256453 -0.129994
v -0.509650 0.246611 -0.131049
v -0.477520 0.239246 -0.154262
v -0.502741 0.229358 -0.155517
v -0.527694 0.219230 -0.156832
v -0.494801 0.208781 -0.176905
v -0.519563 0.198494 -0.178328
v -0.544044 0.187891 -0.179744
v -0.510574 0.174753 -0.196002
v -0.534832 0.163938 -0.197486
v -0.558814 0.152761 -0.198924
v -0.524884 0.137344 -0.210420
v -0.548615 0.125862 -0.211779
v -0.572071 0.114046 -0.213240
v -0.537992 0.097402 -0.220039
v -0.561242 0.085237 -0.221294
v -0.584253 0.072618 -0.222542
v -0.550257 0.055935 -0.225839
v -0.573136 0.042995 -0.226963
v -0.595824 0.029508 -0.227967
v -0.562027 0.013580 -0.228998
v -0.584740 -0.000184 -0.229845
v -0.607317 -0.014645 -0.230613
v -0.573727 -0.029309 -0.229552
v -0.596504 -0.043948 -0.230136
v -0.619362 -0.059469 -0.230548
v -0.585775 -0.072246 -0.227420
v -0.608987 -0.087736 -0.227605
v -0.632697 -0.104323 -0.227594
v -0.598563 -0.114551 -0.222472
v -0.622797 -0.130736 -0.222354
v -0.648623 -0.148305 -0.222053
v -0.612329 -0.155800 -0.214875
v -0.638383 -0.172497 -0.214778
v -0.665898 -0.189894 -0.214636
v -0.626841 -0.196122 -0.204720
v -0.653479 -0.213061 -0.204847
v -0.680767 -0.230823 -0.204776
v -0.640906 -0.235570 -0.191729
v -0.667359 -0.252954 -0.191823
v -0.694360 -0.271091 -0.190859
v -0.655086 -0.273661 -0.175278
v -0.681888 -0.291268 -0.174546
v -0.709599 -0.309938 -0.172785
v -0.670698 -0.309556 -0.154927
v -0.698208 -0.327463 -0.153341
v -0.727098 -0.345806 -0.149623
v -0.688103 -0.342758 -0.130650
v -0.716463 -0.360392 -0.127394
v -0.746231 -0.377091 -0.121083
v -0.707435 -0.372478 -0.102124
v -0.736926 -0.388553 -0.096372
v -0.768160 -0.401918 -0.088159
v -0.729970 -0.397117 -0.069451
v -0.761730 -0.410399 -0.062263
v -0.795345 -0.419117 -0.055178
v -0.757825 -0.415858 -0.035110
v -0.792561 -0.424492 -0.029234
v -0.826842 -0.426054 -0.024724
v -0.791994 -0.426633 -0.002380
v -0.826401 -0.427419 0.001855
v -0.857303 -0.418538 0.004437
v -0.827350 -0.424695 0.029545
v -0.857603 -0.415302 0.031289
v -0.879904 -0.396569 0.029126
v -0.880485 -0.398897 0.004904
v -0.894886 -0.374446 0.025406
v -0.895942 -0.375452 0.003652
v -0.905965 -0.352643 0.022618
v -0.907105 -0.352739 0.001936
v -0.907133 -0.351023 -0.018843
v -0.915636 -0.331579 0.000709
v -0.914860 -0.331397 -0.020739
v -0.911533 -0.332107 -0.042357
v -0.903831 -0.337499 -0.064429
v -0.921373 -0.311460 -0.023025
v -0.916998 -0.313929 -0.047049
v -0.908279 -0.320268 -0.071780
v -0.894991 -0.330640 -0.095090
v -0.890043 -0.349674 -0.085772
v -0.922197 -0.294405 -0.051487
v -0.913251 -0.300370 -0.077860
v -0.900247 -0.309006 -0.102682
v -0.883266 -0.319128 -0.124653
v -0.876986 -0.343132 -0.114888
v -0.918373 -0.278542 -0.082553
v -0.905860 -0.285355 -0.108577
v -0.889622 -0.293413 -0.132094
v -0.869627 -0.300849 -0.152231
v -0.862045 -0.328230 -0.142732
v -0.911336 -0.260551 -0.112797
v -0.895993 -0.266337 -0.137272
v -0.877081 -0.272005 -0.158656
v -0.855082 -0.276005 -0.176155
v -0.846324 -0.305798 -0.168088
v -0.902051 -0.238534 -0.140679
v -0.884356 -0.242039 -0.162693
v -0.863588 -0.244369 -0.180800
v -0.840693 -0.244405 -0.194913
v -0.830383 -0.276715 -0.189405
v -0.890927 -0.211261 -0.165158
v -0.871611 -0.211241 -0.183763
v -0.850214 -0.209415 -0.198088
v -0.827854 -0.205151 -0.208604
v -0.816801 -0.240643 -0.204821
v -0.877601 -0.178167 -0.185518
v -0.856537 -0.174562 -0.200512
v -0.833261 -0.169632 -0.211681
v -0.807689 -0.163577 -0.219348
v -0.804394 -0.197793 -0.216060
v -0.860100 -0.141775 -0.201984
v -0.835552 -0.136694 -0.213262
v -0.808741 -0.131312 -0.221435
v -0.779928 -0.124801 -0.226298
v -0.778688 -0.156051 -0.224579
v -0.836729 -0.105247 -0.213323
v -0.809478 -0.099995 -0.221702
v -0.781512 -0.093573 -0.226567
v -0.754899 -0.083166 -0.229137
v -0.751081 -0.115316 -0.229172
v -0.809425 -0.068538 -0.219913
v -0.783279 -0.060891 -0.224799
v -0.759652 -0.049143 -0.227022
v -0.737402 -0.033088 -0.228032
v -0.730368 -0.067748 -0.230439
v -0.786782 -0.026271 -0.219899
v -0.766845 -0.012904 -0.221590
v -0.747087 0.002776 -0.222018
v -0.726845 0.018566 -0.221726
v -0.716064 -0.015865 -0.228044
v -0.777961 0.021369 -0.210157
v -0.758578 0.036242 -0.210510
v -0.738328 0.050857 -0.210043
v -0.717393 0.065034 -0.209095
v -0.706038 0.033890 -0.221022
v -0.769296 0.065493 -0.192280
v -0.748889 0.079225 -0.191911
v -0.727826 0.092582 -0.191040
v -0.706230 0.105580 -0.189891
v -0.695908 0.078735 -0.207862
v -0.757704 0.103111 -0.168468
v -0.736723 0.115952 -0.167958
v -0.715157 0.128477 -0.167110
v -0.693118 0.140726 -0.165999
v -0.684168 0.118227 -0.188553
v -0.743803 0.135080 -0.141311
v -0.722380 0.147187 -0.140651
v -0.700489 0.159183 -0.139829
v -0.678058 0.170900 -0.138839
v -0.670646 0.152699 -0.164760
v -0.728058 0.162277 -0.111920
v -0.706327 0.174007 -0.111328
v -0.684017 0.185540 -0.110587
v -0.661177 0.196813 -0.109744
v -0.655199 0.182486 -0.137856
v -0.710569 0.185139 -0.081048
v -0.688434 0.196528 -0.080544
v -0.665700 0.207668 -0.079928
v -0.642486 0.218701 -0.079289
v -0.637914 0.208011 -0.108908
v -0.691262 0.203916 -0.049272
v -0.668647 0.214963 -0.048878
v -0.645535 0.225950 -0.048466
v -0.621889 0.236755 -0.048035
v -0.618798 0.229566 -0.078623
v -0.670013 0.218792 -0.017117
v -0.646960 0.229696 -0.016930
v -0.623337 0.240436 -0.016735
v -0.599265 0.251056 -0.016528
v -0.597766 0.247336 -0.047581
v -0.646674 0.229911 0.014837
v -0.623107 0.240634 0.014792
v -0.599032 0.251177 0.014760
v -0.574537 0.261613 0.014740
v -0.574741 0.261494 -0.016313
v -0.621144 0.237299 0.046069
v -0.597106 0.247836 0.045796
v -0.572624 0.258191 0.045538
v -0.547736 0.268353 0.045275
v -0.549611 0.271814 0.014709
v -0.593545 0.240994 0.076112
v -0.569118 0.251324 0.075629
v -0.544309 0.261485 0.075140
v -0.519129 0.271423 0.074643
v -0.522482 0.278312 0.045002
v -0.564138 0.241024 0.104528
v -0.539414 0.251177 0.103819
v -0.514326 0.261050 0.103083
v -0.488900 0.270651 0.102339
v -0.493591 0.281054 0.074122
v -0.533192 0.237384 0.130766
v -0.508246 0.247272 0.129830
v -0.482995 0.256906 0.128911
v -0.457471 0.266275 0.127995
v -0.463217 0.280086 0.101644
v -0.501035 0.230083 0.154274
v -0.475990 0.239777 0.153193
v -0.450668 0.249213 0.152127
v -0.425086 0.258414 0.151081
v -0.431696 0.275469 0.127152
v -0.468046 0.219480 0.174607
v -0.442945 0.229016 0.173390
v -0.417583 0.238289 0.172173
v -0.391984 0.247322 0.171021
v -0.399250 0.267388 0.150062
v -0.434431 0.205846 0.191015
v -0.409341 0.215287 0.189760
v -0.384029 0.224466 0.188575
v -0.358470 0.233327 0.187327
v -0.366173 0.256145 0.169927
v -0.400509 0.189764 0.203050
v -0.375483 0.199075 0.201839
v -0.350246 0.208088 0.200668
v -0.324832 0.216872 0.199642
v -0.332733 0.241962 0.186200
v -0.366574 0.171957 0.210697
v -0.341681 0.181088 0.209615
v -0.316583 0.189951 0.208611
v -0.291296 0.198484 0.207596
v -0.299211 0.225285 0.198527
v -0.332901 0.153285 0.215136
v -0.308149 0.162252 0.214202
v -0.283227 0.170868 0.213301
v -0.258100 0.179156 0.212424
v -0.265837 0.206724 0.206675
v -0.299508 0.134245 0.217191
v -0.274952 0.142939 0.216367
v -0.250211 0.151313 0.215606
v -0.225291 0.159347 0.214850
v -0.232835 0.187136 0.211595
v -0.266392 0.115012 0.217146
v -0.242032 0.123439 0.216427
v -0.217502 0.131540 0.215746
v -0.192827 0.139298 0.215128
v -0.200229 0.167079 0.214153
v -0.233586 0.095758 0.214961
v -0.209432 0.103892 0.214285
v -0.185172 0.111678 0.213642
v -0.160763 0.119101 0.213032
v -0.168012 0.146711 0.214509
v -0.201236 0.076623 0.210176
v -0.177362 0.084426 0.209490
v -0.153398 0.091868 0.208821
v -0.129293 0.098940 0.208257
v -0.136252 0.126172 0.212418
v -0.169651 0.057820 0.202357
v -0.146078 0.065279 0.201684
v -0.122420 0.072366 0.201036
v -0.098688 0.079070 0.200349
v -0.105119 0.105645 0.207610
v -0.139056 0.039749 0.191303
v -0.115799 0.046813 0.190681
v -0.092482 0.053486 0.190065
v -0.069131 0.059746 0.189425
v -0.074889 0.085350 0.199692
v -0.109559 0.022710 0.177226
v -0.086643 0.029368 0.176638
v -0.063701 0.035619 0.176023
v -0.040736 0.041436 0.175393
v -0.045752 0.065558 0.188750
v -0.081280 0.007221 0.160097
v -0.058703 0.013427 0.159569
v -0.036120 0.019282 0.158940
v -0.013538 0.024745 0.158278
v -0.017755 0.046876 0.174680
v -0.054261 -0.006238 0.140100
v -0.032026 -0.000403 0.139590
v -0.009807 0.005142 0.138947
v 0.012383 0.010282 0.138257
v 0.009037 0.029805 0.157562
v -0.028600 -0.016964 0.117432
v -0.006709 -0.011403 0.116890
v 0.015159 -0.006225 0.116279
v 0.036973 -0.001433 0.115588
v 0.034542 0.015037 0.137460
v -0.004280 -0.024694 0.092660
v 0.017313 -0.019518 0.092179
v 0.038852 -0.014711 0.091623
v 0.060338 -0.010272 0.090979
v 0.058749 0.002968 0.114806
v 0.018895 -0.029607 0.066526
v 0.040217 -0.024741 0.066110
v 0.061486 -0.020264 0.065636
v 0.082729 -0.016171 0.065102
v 0.081766 -0.006235 0.090232
v 0.041123 -0.031534 0.039541
v 0.062253 -0.027006 0.039256
v 0.083353 -0.022880 0.038946
v 0.104436 -0.019185 0.038611
v 0.103939 -0.012501 0.064519
v 0.062632 -0.030443 0.012247
v 0.083663 -0.026286 0.012184
v 0.104690 -0.022605 0.012111
v 0.125704 -0.019306 0.012028
v 0.125497 -0.015899 0.038255
v 0.083670 -0.026297 -0.014790
v 0.104687 -0.022557 -0.014596
v 0.125708 -0.019265 -0.014395
v 0.146723 -0.016393 -0.014186
v 0.146712 -0.016435 0.011947
v 0.104415 -0.018958 -0.041074
v 0.125478 -0.015638 -0.040585
v 0.146563 -0.012817 -0.040098
v 0.167640 -0.010365 -0.039570
v 0.167741 -0.013874 -0.013956
v 0.125051 -0.008672 -0.066167
v 0.146251 -0.005914 -0.065402
v 0.167446 -0.003591 -0.064604
v 0.188657 -0.001690 -0.063755
v 0.188720 -0.008304 -0.039018
v 0.145824 0.003998 -0.089779
v 0.167196 0.006184 -0.088707
v 0.188587 0.007892 -0.087584
v 0.209999 0.009189 -0.086361
v 0.209899 -0.000275 -0.062856
v 0.166841 0.019042 -0.111455
v 0.188489 0.020543 -0.110073
v 0.210142 0.021583 -0.108567
v 0.231871 0.022132 -0.106954
v 0.231467 0.009950 -0.085099
v 0.188356 0.036125 -0.130728
v 0.210341 0.036868 -0.128970
v 0.232379 0.037165 -0.127008
v 0.254486 0.036878 -0.124961
v 0.253647 0.022148 -0.105259
v 0.210589 0.055001 -0.147038
v 0.232987 0.054823 -0.144893
v 0.255439 0.054115 -0.142590
v 0.277949 0.052895 -0.140122
v 0.276624 0.036040 -0.122825
v 0.233691 0.075014 -0.160191
v 0.256545 0.073853 -0.157647
v 0.279431 0.072092 -0.154948
v 0.302386 0.069816 -0.152008
v 0.300495 0.051128 -0.137476
v 0.257807 0.095550 -0.170045
v 0.281129 0.093322 -0.167124
v 0.304491 0.090439 -0.164029
v 0.327854 0.087027 -0.160724
v 0.325360 0.066943 -0.148926
v 0.283039 0.115999 -0.176681
v 0.306844 0.112610 -0.173441
v 0.330627 0.108552 -0.170057
v 0.354423 0.103936 -0.166497
v 0.351233 0.082996 -0.157298
v 0.309476 0.135779 -0.180382
v 0.333747 0.131151 -0.176932
v 0.357933 0.125920 -0.173251
v 0.382095 0.120132 -0.169446
v 0.378158 0.098803 -0.162751
v 0.337181 0.154355 -0.181258
v 0.361833 0.148540 -0.177543
v 0.386391 0.142141 -0.173698
v 0.410827 0.135232 -0.169627
v 0.406182 0.113827 -0.165468
v 0.366025 0.171450 -0.179210
v 0.391011 0.164460 -0.175353
v 0.415827 0.156937 -0.171265
v 0.440513 0.148967 -0.166979
v 0.435185 0.127842 -0.165467
v 0.395886 0.186699 -0.174395
v 0.421089 0.178532 -0.170236
v 0.446062 0.170017 -0.165987
v 0.470877 0.161167 -0.161659
v 0.465019 0.140642 -0.162694
v 0.426500 0.199771 -0.166749
v 0.451752 0.190645 -0.162522
v 0.476773 0.181171 -0.158197
v 0.501543 0.171347 -0.153750
v 0.495448 0.151947 -0.157180
v 0.457425 0.210465 -0.156584
v 0.482593 0.200290 -0.152332
v 0.507455 0.189704 -0.148026
v 0.531999 0.178719 -0.143611
v 0.526022 0.161067 -0.149257
v 0.488133 0.218135 -0.144092
v 0.513061 0.206882 -0.139975
v 0.537632 0.195262 -0.135773
v 0.561884 0.183301 -0.131536
v 0.556196 0.167408 -0.139113
v 0.518297 0.222799 -0.129897
v 0.542866 0.210537 -0.125915
v 0.567143 0.197977 -0.121926
v 0.591178 0.185256 -0.118164
v 0.585904 0.171168 -0.127540
v 0.547638 0.224449 -0.114007
v 0.571961 0.211381 -0.110492
v 0.595965 0.198095 -0.106947
v 0.619759 0.184586 -0.103503
v 0.614937 0.172205 -0.114379
v 0.576256 0.223370 -0.097111
v 0.600281 0.209597 -0.093994
v 0.623991 0.195572 -0.090853
v 0.647407 0.181406 -0.087668
v 0.643169 0.170752 -0.099917
v 0.603977 0.219587 -0.079283
v 0.627655 0.205201 -0.076530
v 0.651032 0.190651 -0.073808
v 0.674191 0.175939 -0.071032
v 0.670597 0.167023 -0.084436
v 0.630739 0.213298 -0.060833
v 0.654066 0.198398 -0.058590
v 0.677096 0.183334 -0.056297
v 0.699859 0.168045 -0.053896
v 0.696973 0.160928 -0.068082
v 0.656421 0.204404 -0.042318
v 0.679374 0.189057 -0.040656
v 0.702065 0.173522 -0.038883
v 0.724506 0.157892 -0.037043
v 0.722367 0.152621 -0.051412
v 0.680910 0.192862 -0.024390
v 0.703566 0.177242 -0.023361
v 0.725951 0.161418 -0.022288
v 0.748131 0.145412 -0.021170
v 0.746728 0.142054 -0.035179
v 0.704294 0.179047 -0.007545
v 0.726639 0.163146 -0.007215
v 0.748777 0.147062 -0.006820
v 0.770674 0.130523 -0.006331
v 0.770020 0.129005 -0.019867
v 0.726548 0.163021 0.007952
v 0.748687 0.146959 0.007616
v 0.770609 0.130440 0.007338
v 0.792175 0.113529 0.007059
v 0.792264 0.113624 -0.005908
v 0.747794 0.145000 0.021922
v 0.769755 0.128637 0.020851
v 0.791398 0.111936 0.019869
v 0.812595 0.094879 0.018994
v 0.813441 0.096451 0.006808
v 0.768193 0.125304 0.034107
v 0.789858 0.108814 0.032511
v 0.811108 0.092001 0.030953
v 0.832053 0.074671 0.029377
v 0.833566 0.077438 0.018100
v 0.787559 0.104176 0.044661
v 0.808896 0.087624 0.042443
v 0.829893 0.070648 0.040212
v 0.850358 0.053258 0.038089
v 0.852517 0.057069 0.027880
v 0.806048 0.081946 0.053259
v 0.827049 0.065333 0.050424
v 0.847627 0.048360 0.047733
v 0.867494 0.030744 0.044803
v 0.870114 0.035203 0.035776
v 0.823757 0.059125 0.059957
v 0.844328 0.042471 0.056640
v 0.864360 0.025360 0.053125
v 0.883754 0.007765 0.049363
v 0.886739 0.012625 0.041824
v 0.840567 0.035740 0.064673
v 0.860784 0.019168 0.060500
v 0.880449 0.002218 0.056064
v 0.899288 -0.015197 0.051306
v 0.902158 -0.010381 0.045288
v 0.856819 0.012237 0.066947
v 0.876743 -0.004034 0.061955
v 0.895978 -0.020697 0.056556
v 0.913156 -0.037007 0.050330
v 0.915972 -0.032465 0.045955
v 0.872678 -0.010923 0.066638
v 0.892466 -0.026609 0.060810
v 0.910204 -0.041836 0.054122
v 0.923788 -0.055015 0.046791
v 0.926438 -0.050916 0.043785
v 0.888477 -0.033149 0.064044
v 0.906762 -0.047275 0.056833
v 0.920802 -0.059515 0.049203
v 0.930118 -0.068357 0.042698
v 0.932612 -0.064719 0.040544
v 0.903110 -0.053029 0.058773
v 0.917685 -0.064152 0.051008
v 0.927521 -0.072057 0.044227
v 0.933761 -0.078877 0.038310
v 0.936040 -0.075854 0.036843
v 0.914259 -0.069250 0.052089
v 0.899174 -0.059296 0.059801
v 0.895345 -0.065780 0.059918
v 0.910929 -0.074499 0.052384
v 0.891536 -0.072537 0.059134
v 0.907605 -0.080223 0.051788
v 0.887941 -0.079355 0.057477
v 0.904540 -0.086065 0.050371
v 0.916889 -0.090134 0.044064
v 0.926116 -0.092027 0.038561
v 0.901819 -0.091729 0.048254
v 0.914539 -0.095175 0.042226
v 0.924070 -0.096673 0.036920
v 0.930740 -0.096271 0.032195
v 0.932044 -0.091529 0.034539
v 0.912357 -0.100084 0.039733
v 0.922107 -0.101222 0.034422
v 0.929260 -0.100811 0.029579
v 0.934511 -0.099509 0.025584
v 0.935458 -0.094871 0.028597
v 0.920227 -0.105649 0.031438
v 0.927722 -0.105093 0.026600
v 0.933313 -0.103685 0.022242
v 0.937496 -0.101663 0.018123
v 0.938638 -0.097584 0.021799
v 0.925874 -0.108677 0.022914
v 0.931654 -0.107282 0.018487
v 0.936092 -0.105264 0.014231
v 0.939406 -0.102809 0.010440
v 0.940675 -0.099242 0.014443
v 0.929760 -0.110238 0.014367
v 0.934305 -0.108316 0.010150
v 0.937775 -0.105911 0.006290
v 0.940412 -0.103213 0.002705
v 0.942165 -0.100144 0.006907
v 0.931948 -0.110365 0.005827
v 0.935422 -0.108360 0.001906
v 0.938195 -0.105934 -0.001706
v 0.940428 -0.102991 -0.005016
v 0.942675 -0.100265 -0.000647
v 0.932635 -0.110530 -0.002550
v 0.935326 -0.108195 -0.006217
v 0.937672 -0.105528 -0.009571
v 0.939845 -0.102438 -0.012624
v 0.942513 -0.099844 -0.008079
v 0.931744 -0.109993 -0.010690
v 0.934116 -0.107678 -0.014234
v 0.936496 -0.104758 -0.017437
v 0.938533 -0.101059 -0.020026
v 0.941793 -0.098900 -0.015328
v 0.929567 -0.109139 -0.018878
v 0.931907 -0.106267 -0.022121
v 0.934268 -0.102356 -0.024696
v 0.936305 -0.097947 -0.026721
v 0.940382 -0.096682 -0.022122
v 0.926295 -0.106366 -0.026380
v 0.928694 -0.102597 -0.029184
v 0.931031 -0.098274 -0.031267
v 0.933253 -0.093733 -0.032805
v 0.938219 -0.093278 -0.028279
v 0.921891 -0.102212 -0.034092
v 0.924341 -0.097742 -0.036293
v 0.926660 -0.093103 -0.037765
v 0.915268 -0.095709 -0.042043
v 0.917697 -0.090720 -0.043795
v 0.920134 -0.085826 -0.044802
v 0.928890 -0.088530 -0.038601
v 0.935390 -0.089135 -0.033851
v 0.931267 -0.084143 -0.039012
v 0.922781 -0.081078 -0.045462
v 0.908870 -0.080639 -0.052290
v 0.912027 -0.074945 -0.052936
v 0.915259 -0.069489 -0.052833
v 0.896558 -0.065758 -0.060756
v 0.900397 -0.059185 -0.060499
v 0.904230 -0.052925 -0.059530
v 0.918477 -0.064088 -0.051723
v 0.907946 -0.046983 -0.057528
v 0.921643 -0.059048 -0.049975
v 0.911340 -0.041212 -0.054303
v 0.924803 -0.054063 -0.047221
v 0.914487 -0.035920 -0.050228
v 0.927402 -0.049787 -0.043612
v 0.917293 -0.031222 -0.045315
v 0.929690 -0.045921 -0.039337
v 0.919677 -0.027175 -0.039507
v 0.931677 -0.042310 -0.034549
v 0.921891 -0.023739 -0.033188
v 0.933195 -0.039192 -0.029011
v 0.939978 -0.050589 -0.025242
v 0.934586 -0.036582 -0.023083
v 0.941038 -0.048022 -0.020094
v 0.945212 -0.057476 -0.017274
v 0.942015 -0.045914 -0.014428
v 0.945908 -0.055524 -0.012250
v 0.948493 -0.063235 -0.010258
v 0.946434 -0.053983 -0.006884
v 0.948763 -0.061752 -0.005474
v 0.950152 -0.068588 -0.003757
v 0.946566 -0.053361 -0.001294
v 0.942563 -0.044469 -0.008254
v 0.942750 -0.043723 -0.001779
v 0.946338 -0.053665 0.004202
v 0.936606 -0.032987 -0.009699
v 0.935805 -0.034445 -0.016614
v 0.925404 -0.018478 -0.019049
v 0.923754 -0.020891 -0.026345
v 0.907925 -0.001431 -0.029361
v 0.905677 -0.004822 -0.037162
v 0.887331 0.013727 -0.040434
v 0.903015 -0.009057 -0.044294
v 0.884398 0.008964 -0.048329
v 0.864955 0.026463 -0.052233
v 0.881034 0.003349 -0.055442
v 0.861396 0.020269 -0.059971
v 0.841215 0.036761 -0.064292
v 0.857483 0.013312 -0.066702
v 0.837059 0.029176 -0.071481
v 0.816189 0.044444 -0.076162
v 0.832566 0.020752 -0.077518
v 0.811455 0.035405 -0.082470
v 0.790082 0.049678 -0.087427
v 0.806351 0.025560 -0.087459
v 0.784831 0.039181 -0.092844
v 0.763045 0.052677 -0.098027
v 0.779305 0.028137 -0.096680
v 0.757272 0.040989 -0.101982
v 0.735040 0.053960 -0.107130
v 0.751329 0.028887 -0.104460
v 0.728858 0.041158 -0.109662
v 0.706341 0.053433 -0.114637
v 0.722630 0.028138 -0.110412
v 0.699933 0.039663 -0.115510
v 0.677153 0.051025 -0.120470
v 0.693767 0.026217 -0.114476
v 0.670850 0.036716 -0.119470
v 0.647838 0.046995 -0.124408
v 0.664955 0.023154 -0.116614
v 0.641805 0.032616 -0.121344
v 0.618633 0.041852 -0.125884
v 0.636264 0.019235 -0.116617
v 0.612988 0.027725 -0.120870
v 0.589758 0.035955 -0.125169
v 0.607868 0.014571 -0.114237
v 0.584615 0.022173 -0.118206
v 0.561333 0.029486 -0.122302
v 0.579979 0.009524 -0.109632
v 0.556752 0.016247 -0.113374
v 0.533493 0.022644 -0.117140
v 0.552616 0.004324 -0.102808
v 0.529425 0.010157 -0.106205
v 0.506244 0.015808 -0.109537
v 0.525835 -0.000804 -0.093639
v 0.502745 0.004310 -0.096606
v 0.479751 0.009197 -0.099436
v 0.499729 -0.005596 -0.082004
v 0.476844 -0.001150 -0.084426
v 0.454044 0.002897 -0.086803
v 0.474393 -0.009695 -0.067730
v 0.451717 -0.006008 -0.069604
v 0.429151 -0.002662 -0.071423
v 0.449886 -0.012912 -0.050777
v 0.427407 -0.009806 -0.052084
v 0.405090 -0.007076 -0.053317
v 0.426184 -0.014760 -0.031315
v 0.403963 -0.012159 -0.032108
v 0.381892 -0.009922 -0.032875
v 0.403351 -0.014734 -0.010104
v 0.381337 -0.012594 -0.010570
v 0.359483 -0.010844 -0.011029
v 0.381251 -0.012582 0.011908
v 0.359399 -0.010825 0.011759
v 0.337706 -0.009483 0.011645
v 0.359726 -0.008107 0.034239
v 0.337960 -0.006716 0.034468
v 0.316342 -0.005719 0.034730
v 0.338593 -0.001265 0.056556
v 0.316860 -0.000131 0.057238
v 0.295284 0.000631 0.057939
v 0.317759 0.008149 0.078634
v 0.296015 0.009143 0.079788
v 0.274373 0.009684 0.080960
v 0.297049 0.020278 0.100197
v 0.275202 0.021130 0.101828
v 0.253425 0.021575 0.103459
v 0.276319 0.035241 0.120996
v 0.254281 0.036059 0.123052
v 0.232265 0.036308 0.125042
v 0.255295 0.053115 0.140532
v 0.232949 0.053826 0.142831
v 0.210616 0.053926 0.145014
v 0.233710 0.073772 0.158135
v 0.210956 0.074269 0.160519
v 0.188205 0.074184 0.162690
v 0.211332 0.096665 0.173341
v 0.188090 0.096939 0.175629
v 0.164826 0.096520 0.177707
v 0.187963 0.121244 0.185723
v 0.164136 0.121102 0.187896
v 0.140263 0.120238 0.189829
v 0.163479 0.146815 0.195295
v 0.139021 0.146198 0.197244
v 0.114523 0.144813 0.198970
v 0.137883 0.172881 0.201950
v 0.112736 0.171705 0.203597
v 0.087622 0.169744 0.205056
v 0.111093 0.198988 0.205510
v 0.085329 0.197222 0.206890
v 0.059664 0.194673 0.208094
v 0.083277 0.224804 0.205969
v 0.056985 0.222385 0.207165
v 0.030774 0.219264 0.208150
v 0.054519 0.249970 0.203446
v 0.027714 0.246922 0.204489
v 0.001036 0.243169 0.205376
v 0.024848 0.274149 0.198026
v -0.002437 0.270444 0.198907
v -0.029519 0.266034 0.199677
v -0.005753 0.296828 0.189391
v -0.033407 0.292489 0.190159
v -0.060803 0.287533 0.190899
v -0.037101 0.317430 0.177183
v -0.065015 0.312469 0.177852
v -0.092688 0.306991 0.178450
v -0.068931 0.335211 0.161241
v -0.097066 0.329749 0.161791
v -0.124903 0.323749 0.162388
v -0.101001 0.349819 0.141991
v -0.129254 0.343781 0.142500
v -0.157234 0.337366 0.143053
v -0.133076 0.361031 0.120135
v -0.161385 0.354548 0.120568
v -0.189411 0.347742 0.121037
v -0.164859 0.368630 0.095984
v -0.193144 0.361792 0.096336
v -0.221171 0.354696 0.096730
v -0.196099 0.372638 0.070053
v -0.224322 0.365501 0.070314
v -0.252290 0.358094 0.070607
v -0.226542 0.372950 0.042729
v -0.254633 0.365495 0.042886
v -0.282471 0.357763 0.043050
v -0.255870 0.369262 0.014394
v -0.283768 0.361515 0.014421
v -0.311454 0.353594 0.014457
v -0.283846 0.361540 -0.014473
v -0.311537 0.353617 -0.014599
v -0.338964 0.345393 -0.014727
v -0.310360 0.350020 -0.043417
v -0.337753 0.341833 -0.043722
v -0.364916 0.333424 -0.044021
v -0.335249 0.334633 -0.071965
v -0.362333 0.326219 -0.072438
v -0.389196 0.317581 -0.072906
v -0.358562 0.315712 -0.099703
v -0.385299 0.307077 -0.100355
v -0.411791 0.298202 -0.101032
v -0.380229 0.293193 -0.126089
v -0.406577 0.284332 -0.126970
v -0.432730 0.275374 -0.127986
v -0.400364 0.267349 -0.150759
v -0.426313 0.258250 -0.151886
v -0.452059 0.248947 -0.153098
v -0.419011 0.238109 -0.172975
v -0.444524 0.228632 -0.174257
v -0.469781 0.218830 -0.175545
v -0.436209 0.205495 -0.191834
v -0.461234 0.195533 -0.193185
v -0.486028 0.185273 -0.194561
v -0.452035 0.169782 -0.206395
v -0.476576 0.159292 -0.207720
v -0.500864 0.148484 -0.209080
v -0.466681 0.131653 -0.216299
v -0.490705 0.120601 -0.217519
v -0.514487 0.109185 -0.218784
v -0.480287 0.092068 -0.222499
v -0.503832 0.080444 -0.223616
v -0.527154 0.068395 -0.224739
v -0.493013 0.051652 -0.225957
v -0.516188 0.039442 -0.226984
v -0.539201 0.026755 -0.227929
v -0.505125 0.010766 -0.227151
v -0.528074 -0.002056 -0.227995
v -0.550942 -0.015389 -0.228791
v -0.516966 -0.030183 -0.225940
v -0.539878 -0.043597 -0.226541
v -0.562782 -0.057579 -0.227049
v -0.528768 -0.070853 -0.221955
v -0.551801 -0.084771 -0.222259
v -0.575003 -0.099305 -0.222456
v -0.540650 -0.110832 -0.214834
v -0.564002 -0.125198 -0.214965
v -0.587793 -0.140160 -0.214945
v -0.552816 -0.149876 -0.204532
v -0.576684 -0.164618 -0.204596
v -0.601227 -0.179956 -0.204642
v -0.565480 -0.187846 -0.191063
v -0.589821 -0.203044 -0.191268
v -0.614905 -0.218934 -0.191501
v -0.578785 -0.224605 -0.174519
v -0.603485 -0.240371 -0.174922
v -0.628982 -0.256661 -0.175187
v -0.593112 -0.259756 -0.154947
v -0.618220 -0.275832 -0.155316
v -0.644121 -0.292447 -0.155415
v -0.608971 -0.292538 -0.132296
v -0.634582 -0.308798 -0.132387
v -0.660939 -0.325497 -0.131968
v -0.626590 -0.322530 -0.106687
v -0.652723 -0.338906 -0.106309
v -0.679603 -0.355517 -0.105006
v -0.646506 -0.348988 -0.078104
v -0.673097 -0.365232 -0.076917
v -0.700707 -0.381432 -0.074319
v -0.668885 -0.371586 -0.047029
v -0.696314 -0.387359 -0.044800
v -0.725584 -0.402534 -0.040842
v -0.694467 -0.390305 -0.014306
v -0.723908 -0.405209 -0.011392
v -0.756650 -0.418409 -0.007275
v -0.725023 -0.405089 0.018252
v -0.758050 -0.417645 0.020852
v -0.793320 -0.425157 0.025112
v -0.761723 -0.414022 0.049281
v -0.796177 -0.419163 0.053101
v -0.829031 -0.416829 0.057594
v -0.800319 -0.408652 0.081279
v -0.831578 -0.403977 0.084864
v -0.858021 -0.392898 0.083544
v -0.857857 -0.406762 0.058383
v -0.877982 -0.377001 0.076252
v -0.878835 -0.389497 0.053517
v -0.859239 -0.374321 0.105853
v -0.878875 -0.359757 0.094814
v -0.861865 -0.352078 0.123632
v -0.882127 -0.339617 0.108687
v -0.898003 -0.328363 0.089666
v -0.886287 -0.317864 0.119826
v -0.902358 -0.308267 0.098345
v -0.914005 -0.300334 0.074799
v -0.909414 -0.319792 0.067951
v -0.922104 -0.294792 0.050655
v -0.917025 -0.314315 0.045639
v -0.921355 -0.311150 0.023030
v -0.914612 -0.331553 0.021429
v -0.926946 -0.291583 0.025759
v -0.928553 -0.290476 0.000065
v -0.922690 -0.310460 0.000082
v -0.926926 -0.274450 0.054095
v -0.932048 -0.271314 0.027355
v -0.933754 -0.270145 0.000021
v -0.932160 -0.270892 -0.027408
v -0.927088 -0.291352 -0.025362
v -0.936566 -0.250494 0.028590
v -0.938417 -0.249258 -0.000062
v -0.936780 -0.249640 -0.028893
v -0.931791 -0.251751 -0.057702
v -0.927117 -0.273635 -0.055052
v -0.942356 -0.227870 -0.000034
v -0.940878 -0.227882 -0.029920
v -0.936052 -0.229196 -0.059619
v -0.927933 -0.231634 -0.088457
v -0.923373 -0.255511 -0.085998
v -0.944316 -0.205785 -0.030573
v -0.939662 -0.206155 -0.060868
v -0.931892 -0.207177 -0.090118
v -0.921096 -0.208612 -0.117612
v -0.916462 -0.234866 -0.115679
v -0.942557 -0.182906 -0.061494
v -0.935004 -0.182426 -0.091016
v -0.924690 -0.181995 -0.118631
v -0.911711 -0.181441 -0.143897
v -0.907438 -0.210110 -0.142819
v -0.937266 -0.157679 -0.091150
v -0.927270 -0.155464 -0.118763
v -0.914819 -0.152973 -0.144027
v -0.899655 -0.150145 -0.166723
v -0.896050 -0.180380 -0.166412
v -0.928685 -0.129272 -0.117667
v -0.916424 -0.124957 -0.142787
v -0.901350 -0.120552 -0.165290
v -0.883333 -0.115504 -0.184998
v -0.881518 -0.146329 -0.186235
v -0.916628 -0.097623 -0.139555
v -0.901590 -0.091477 -0.161756
v -0.883750 -0.085687 -0.181661
v -0.861982 -0.079965 -0.198475
v -0.861769 -0.110378 -0.201297
v -0.901199 -0.063929 -0.155967
v -0.883376 -0.057094 -0.175891
v -0.861432 -0.050838 -0.193007
v -0.835845 -0.044636 -0.206836
v -0.836793 -0.074381 -0.211567
v -0.882516 -0.030560 -0.166788
v -0.860975 -0.024005 -0.184384
v -0.836798 -0.016439 -0.198105
v -0.815407 -0.005849 -0.205338
v -0.809376 -0.036838 -0.215647
v -0.861653 0.001866 -0.171133
v -0.842249 0.011881 -0.181698
v -0.824924 0.024027 -0.187082
v -0.807283 0.037515 -0.190143
v -0.796345 0.007186 -0.208687
v -0.849988 0.037838 -0.157640
v -0.833502 0.050203 -0.162412
v -0.816119 0.063454 -0.165729
v -0.797600 0.076794 -0.167653
v -0.788775 0.051461 -0.191736
v -0.839627 0.072270 -0.134830
v -0.822336 0.084853 -0.138196
v -0.804011 0.097584 -0.140282
v -0.784701 0.110205 -0.141323
v -0.778077 0.090084 -0.168501
v -0.826142 0.101758 -0.108707
v -0.808363 0.114254 -0.110878
v -0.789489 0.126485 -0.112026
v -0.769733 0.138563 -0.112458
v -0.764555 0.122687 -0.141552
v -0.810948 0.126728 -0.079984
v -0.792535 0.138684 -0.081065
v -0.773187 0.150504 -0.081590
v -0.753036 0.162172 -0.081682
v -0.749224 0.150477 -0.112351
v -0.794133 0.146864 -0.049165
v -0.775128 0.158534 -0.049640
v -0.755278 0.170055 -0.049815
v -0.734616 0.181402 -0.049756
v -0.732127 0.173687 -0.081446
v -0.775772 0.162752 -0.017241
v -0.756138 0.174248 -0.017401
v -0.735607 0.185452 -0.017437
v -0.714381 0.196629 -0.017398
v -0.713293 0.192761 -0.049590
v -0.755576 0.174605 0.015087
v -0.735105 0.185786 0.015007
v -0.713959 0.196954 0.014951
v -0.692136 0.208027 0.014903
v -0.692519 0.207777 -0.017288
v -0.733132 0.182471 0.047102
v -0.712026 0.193782 0.046983
v -0.690154 0.204782 0.046793
v -0.667684 0.215686 0.046560
v -0.669684 0.218995 0.014867
v -0.708438 0.186831 0.078217
v -0.686586 0.198029 0.077941
v -0.664080 0.208917 0.077514
v -0.641086 0.219830 0.077104
v -0.644685 0.226596 0.046333
v -0.681421 0.187629 0.107842
v -0.658923 0.198650 0.107283
v -0.635936 0.209567 0.106680
v -0.612432 0.220242 0.105976
v -0.617550 0.230517 0.076620
v -0.652273 0.184761 0.135337
v -0.629309 0.195688 0.134503
v -0.605872 0.206376 0.133579
v -0.582019 0.216904 0.132653
v -0.588478 0.230695 0.105242
v -0.621368 0.178262 0.160024
v -0.598030 0.189030 0.158893
v -0.574298 0.199577 0.157699
v -0.550218 0.209987 0.156545
v -0.557804 0.227280 0.131720
v -0.589010 0.168081 0.181034
v -0.565498 0.178874 0.179758
v -0.541600 0.189371 0.178381
v -0.517357 0.199586 0.177008
v -0.525792 0.220169 0.155412
v -0.555697 0.154782 0.197702
v -0.532057 0.165541 0.196303
v -0.508073 0.175939 0.194823
v -0.483798 0.186108 0.193449
v -0.492843 0.209650 0.175787
v -0.521766 0.138907 0.209270
v -0.498086 0.149638 0.208016
v -0.474103 0.160074 0.206717
v -0.449816 0.170229 0.205458
v -0.459259 0.196132 0.192291
v -0.487669 0.121611 0.216438
v -0.463963 0.132299 0.215298
v -0.439976 0.142665 0.214139
v -0.415736 0.152724 0.213005
v -0.425282 0.180138 0.204260
v -0.453617 0.103783 0.220351
v -0.429940 0.114322 0.219282
v -0.405993 0.124546 0.218177
v -0.381826 0.134454 0.217126
v -0.391263 0.162484 0.211762
v -0.419706 0.085794 0.221867
v -0.396062 0.096182 0.220856
v -0.372205 0.106199 0.219877
v -0.348146 0.115877 0.218917
v -0.357460 0.144015 0.216058
v -0.385883 0.067895 0.221342
v -0.362336 0.078026 0.220444
v -0.338581 0.087792 0.219588
v -0.314667 0.097200 0.218765
v -0.323908 0.125238 0.218026
v -0.352238 0.050120 0.218797
v -0.328799 0.059946 0.217978
v -0.305205 0.069396 0.217183
v -0.281469 0.078504 0.216439
v -0.290611 0.106265 0.217909
v -0.318900 0.032508 0.213888
v -0.295621 0.042003 0.213104
v -0.272213 0.051163 0.212386
v -0.248662 0.059985 0.211650
v -0.257582 0.087295 0.215714
v -0.286137 0.015365 0.205882
v -0.263042 0.024514 0.205268
v -0.239851 0.033372 0.204513
v -0.216546 0.041882 0.203743
v -0.225010 0.068475 0.210901
v -0.254229 -0.000978 0.194585
v -0.231376 0.007881 0.193917
v -0.208431 0.016386 0.193219
v -0.185393 0.024541 0.192547
v -0.193153 0.050031 0.203022
v -0.223366 -0.016121 0.180045
v -0.200757 -0.007632 0.179461
v -0.178055 0.000479 0.178932
v -0.155276 0.008251 0.178370
v -0.162258 0.032320 0.191935
v -0.193632 -0.029754 0.162610
v -0.171259 -0.021649 0.162171
v -0.148814 -0.013907 0.161715
v -0.126333 -0.006489 0.161191
v -0.132446 0.015663 0.177802
v -0.165147 -0.041320 0.142380
v -0.143031 -0.033588 0.142003
v -0.120883 -0.026144 0.141529
v -0.098697 -0.019109 0.141056
v -0.103813 0.000553 0.160658
v -0.138121 -0.050170 0.119407
v -0.116264 -0.042756 0.119060
v -0.094369 -0.035738 0.118687
v -0.072443 -0.029120 0.118308
v -0.076487 -0.012481 0.140589
v -0.112541 -0.056104 0.094317
v -0.090901 -0.049059 0.094047
v -0.069239 -0.042404 0.093765
v -0.047560 -0.036161 0.093462
v -0.050506 -0.022878 0.117907
v -0.088276 -0.059087 0.067761
v -0.066830 -0.052413 0.067588
v -0.045352 -0.046210 0.067407
v -0.023899 -0.040321 0.067165
v -0.025902 -0.030259 0.093085
v -0.065157 -0.059276 0.040313
v -0.043848 -0.053003 0.040239
v -0.022554 -0.047083 0.040121
v -0.001289 -0.041537 0.039964
v -0.002471 -0.034807 0.066876
v -0.043090 -0.056414 0.012403
v -0.021883 -0.050470 0.012407
v -0.000701 -0.044910 0.012393
v 0.020450 -0.039758 0.012362
v 0.019938 -0.036376 0.039778
v -0.021941 -0.050319 -0.015531
v -0.000753 -0.044801 -0.015399
v 0.020402 -0.039641 -0.015274
v 0.041519 -0.034843 -0.015138
v 0.041559 -0.034956 0.012310
v -0.001440 -0.041152 -0.042944
v 0.019808 -0.036010 -0.042650
v 0.041023 -0.031215 -0.042312
v 0.062190 -0.026740 -0.041935
v 0.062627 -0.030429 -0.014972
v 0.018687 -0.028945 -0.069315
v 0.040056 -0.024170 -0.068808
v 0.061367 -0.019749 -0.068256
v 0.082643 -0.015672 -0.067622
v 0.083320 -0.022686 -0.041531
v 0.038622 -0.013858 -0.094219
v 0.060142 -0.009486 -0.093492
v 0.081635 -0.005481 -0.092688
v 0.103060 -0.001857 -0.091784
v 0.103865 -0.011958 -0.066922
v 0.058488 0.003943 -0.117216
v 0.080240 0.007870 -0.116258
v 0.101937 0.011422 -0.115166
v 0.123596 0.014517 -0.113968
v 0.124452 0.001340 -0.090794
v 0.078443 0.024424 -0.137774
v 0.100475 0.027817 -0.136576
v 0.122463 0.030724 -0.135274
v 0.144437 0.033128 -0.133829
v 0.145222 0.017080 -0.112717
v 0.098700 0.047150 -0.155508
v 0.121091 0.049869 -0.154094
v 0.143468 0.052069 -0.152496
v 0.165838 0.053640 -0.150842
v 0.166390 0.034911 -0.132329
v 0.119515 0.071554 -0.170099
v 0.142372 0.073485 -0.168461
v 0.165185 0.074807 -0.166666
v 0.188024 0.075481 -0.164685
v 0.188192 0.054601 -0.149039
v 0.141160 0.096984 -0.181406
v 0.164514 0.098042 -0.179550
v 0.187839 0.098413 -0.177453
v 0.211172 0.098144 -0.175138
v 0.210869 0.075540 -0.162540
v 0.163833 0.122848 -0.189471
v 0.187707 0.122929 -0.187286
v 0.211550 0.122270 -0.184974
v 0.235384 0.120881 -0.182432
v 0.234481 0.097173 -0.172690
v 0.187705 0.148429 -0.194585
v 0.212127 0.147436 -0.192150
v 0.236488 0.145650 -0.189542
v 0.260871 0.143061 -0.186698
v 0.259209 0.118789 -0.179652
v 0.212865 0.173312 -0.196724
v 0.237877 0.171085 -0.194043
v 0.262797 0.168016 -0.191144
v 0.287656 0.164173 -0.188066
v 0.285182 0.139752 -0.183650
v 0.239497 0.196876 -0.195867
v 0.265003 0.193340 -0.192945
v 0.290425 0.188923 -0.189788
v 0.315748 0.183778 -0.186473
v 0.312466 0.159579 -0.184778
v 0.267497 0.218694 -0.192051
v 0.293481 0.213724 -0.188857
v 0.319310 0.207963 -0.185538
v 0.345018 0.201467 -0.181958
v 0.340937 0.177941 -0.182925
v 0.296804 0.238229 -0.185270
v 0.323185 0.231810 -0.181981
v 0.349358 0.224648 -0.178487
v 0.375278 0.216892 -0.174747
v 0.370539 0.194338 -0.178272
v 0.327247 0.255049 -0.175858
v 0.353865 0.247226 -0.172382
v 0.380163 0.238753 -0.168690
v 0.406213 0.229729 -0.164829
v 0.400998 0.208566 -0.170859
v 0.358382 0.268819 -0.163657
v 0.385047 0.259656 -0.160057
v 0.411369 0.249919 -0.156322
v 0.437292 0.239692 -0.152312
v 0.431965 0.220295 -0.160815
v 0.389687 0.279119 -0.148681
v 0.416205 0.268621 -0.145074
v 0.442289 0.257659 -0.141326
v 0.468009 0.246350 -0.137556
v 0.462863 0.229074 -0.148190
v 0.420617 0.285611 -0.131310
v 0.446881 0.274075 -0.128049
v 0.472681 0.262086 -0.124613
v 0.498004 0.249770 -0.121047
v 0.493339 0.234725 -0.133738
v 0.450903 0.288613 -0.112414
v 0.476776 0.276076 -0.109424
v 0.502207 0.263304 -0.106377
v 0.527234 0.250234 -0.103335
v 0.523021 0.237295 -0.117564
v 0.480294 0.288221 -0.092313
v 0.505810 0.275025 -0.089773
v 0.530883 0.261491 -0.087215
v 0.555582 0.247721 -0.084622
v 0.551917 0.236890 -0.100232
v 0.508757 0.284701 -0.071443
v 0.533938 0.270894 -0.069467
v 0.558648 0.256736 -0.067378
v 0.583033 0.242463 -0.065260
v 0.579961 0.233789 -0.081988
v 0.536281 0.278120 -0.050378
v 0.560989 0.263691 -0.048816
v 0.585399 0.249176 -0.047237
v 0.609462 0.234486 -0.045648
v 0.607038 0.227973 -0.063063
v 0.562586 0.268398 -0.029381
v 0.586993 0.253679 -0.028407
v 0.611044 0.238804 -0.027405
v 0.634694 0.223732 -0.026360
v 0.633113 0.219518 -0.043978
v 0.587757 0.255891 -0.009075
v 0.611827 0.240989 -0.008724
v 0.635473 0.225780 -0.008426
v 0.658733 0.210332 -0.008145
v 0.657987 0.208396 -0.025340
v 0.611806 0.240847 0.010014
v 0.635477 0.225616 0.009649
v 0.658700 0.210162 0.009244
v 0.681576 0.194593 0.008779
v 0.681651 0.194737 -0.007846
v 0.634595 0.223258 0.027577
v 0.657845 0.207904 0.026525
v 0.680743 0.192400 0.025391
v 0.703342 0.176801 0.024174
v 0.704199 0.178904 0.008343
v 0.656181 0.203621 0.043369
v 0.679145 0.188312 0.041546
v 0.701789 0.172872 0.039677
v 0.724123 0.157259 0.037792
v 0.725672 0.160982 0.022994
v 0.676791 0.182378 0.057042
v 0.699478 0.167192 0.054547
v 0.721862 0.151820 0.051981
v 0.744030 0.136248 0.049358
v 0.746290 0.141477 0.035926
v 0.696535 0.159910 0.068369
v 0.718976 0.144885 0.065236
v 0.741172 0.129613 0.062100
v 0.763079 0.114152 0.059078
v 0.765906 0.120420 0.046873
v 0.715390 0.136436 0.077302
v 0.737676 0.121615 0.073697
v 0.759679 0.106533 0.070196
v 0.781238 0.091046 0.066705
v 0.784735 0.098330 0.056159
v 0.733579 0.112344 0.084020
v 0.755554 0.097629 0.080025
v 0.777285 0.082734 0.076226
v 0.798724 0.067453 0.072333
v 0.802654 0.075205 0.063221
v 0.750896 0.087706 0.088586
v 0.772658 0.073304 0.084374
v 0.794154 0.058584 0.080090
v 0.815408 0.043576 0.075925
v 0.819776 0.051762 0.068446
v 0.767531 0.062927 0.091137
v 0.789172 0.048883 0.086555
v 0.810511 0.034471 0.081849
v 0.831659 0.019719 0.077250
v 0.836269 0.028066 0.071442
v 0.783784 0.038311 0.091652
v 0.805313 0.024643 0.086635
v 0.826634 0.010615 0.081524
v 0.847677 -0.003782 0.076147
v 0.852415 0.004541 0.072235
v 0.799775 0.014140 0.089858
v 0.821357 0.000923 0.084590
v 0.842703 -0.012620 0.079001
v 0.863831 -0.026378 0.072861
v 0.868307 -0.018444 0.070275
v 0.815932 -0.009267 0.086287
v 0.837732 -0.021728 0.080477
v 0.859262 -0.034580 0.074165
v 0.880363 -0.047394 0.067235
v 0.884543 -0.040046 0.066061
v 0.832631 -0.031314 0.080709
v 0.854502 -0.043224 0.074305
v 0.876038 -0.055056 0.067350
v 0.849918 -0.051874 0.073479
v 0.871832 -0.062638 0.066476
v 0.845532 -0.060301 0.071406
v 0.867779 -0.070392 0.064608
v 0.841424 -0.068294 0.068371
v 0.864048 -0.077652 0.061877
v 0.884735 -0.085783 0.055060
v 0.860711 -0.084389 0.058396
v 0.881837 -0.091774 0.051884
v 0.899329 -0.097075 0.045466
v 0.879203 -0.097301 0.048115
v 0.896988 -0.102066 0.042037
v 0.910265 -0.104819 0.036583
v 0.894791 -0.106483 0.037997
v 0.908266 -0.108890 0.032785
v 0.918404 -0.109649 0.027941
v 0.906302 -0.112450 0.028430
v 0.916382 -0.112633 0.023405
v 0.923932 -0.111714 0.018741
v 0.914399 -0.114983 0.018734
v 0.922107 -0.114226 0.014323
v 0.927707 -0.112453 0.009964
v 0.920314 -0.116061 0.009629
v 0.925472 -0.114069 0.005368
v 0.929285 -0.112316 0.001380
v 0.923050 -0.115392 0.000839
v 0.926325 -0.113580 -0.003029
v 0.929274 -0.111967 -0.006928
v 0.922838 -0.114684 -0.007428
v 0.925063 -0.113102 -0.011335
v 0.927322 -0.111366 -0.015192
v 0.920149 -0.114033 -0.015627
v 0.921933 -0.111973 -0.019498
v 0.924052 -0.109534 -0.023132
v 0.915166 -0.112077 -0.023675
v 0.917160 -0.109184 -0.027488
v 0.919458 -0.105979 -0.031086
v 0.908118 -0.108468 -0.032636
v 0.910359 -0.104557 -0.036315
v 0.912805 -0.100417 -0.039611
v 0.897892 -0.101881 -0.042579
v 0.900455 -0.097077 -0.046055
v 0.903117 -0.091804 -0.048894
v 0.883017 -0.091047 -0.053163
v 0.886113 -0.085108 -0.056303
v 0.889402 -0.078818 -0.058656
v 0.905903 -0.086304 -0.050992
v 0.892918 -0.072360 -0.060138
v 0.868958 -0.069089 -0.066200
v 0.872942 -0.061642 -0.067866
v 0.876963 -0.054067 -0.068492
v 0.851138 -0.050408 -0.074840
v 0.855593 -0.041950 -0.075448
v 0.860125 -0.033486 -0.074893
v 0.881098 -0.046504 -0.068147
v 0.864725 -0.025194 -0.073579
v 0.885244 -0.039224 -0.066904
v 0.869160 -0.017243 -0.070705
v 0.889336 -0.032197 -0.064561
v 0.873463 -0.009760 -0.066901
v 0.893222 -0.025584 -0.061078
v 0.877494 -0.002788 -0.061738
v 0.896849 -0.019435 -0.056466
v 0.900112 -0.013900 -0.050835
v 0.853236 0.005703 -0.072397
v 0.848587 -0.002649 -0.076596
v 0.827670 0.011667 -0.082173
v 0.843824 -0.011476 -0.079766
v 0.822583 0.002061 -0.085592
v 0.801112 0.015268 -0.091159
v 0.817336 -0.007915 -0.087458
v 0.795600 0.004441 -0.093204
v 0.773622 0.016694 -0.098980
v 0.790073 -0.006478 -0.093810
v 0.767835 0.005088 -0.099506
v 0.745341 0.016578 -0.105243
v 0.762202 -0.006297 -0.098616
v 0.739555 0.004631 -0.104188
v 0.716696 0.015478 -0.109473
v 0.734026 -0.006859 -0.101619
v 0.711092 0.003386 -0.106897
v 0.688019 0.013447 -0.111771
v 0.705799 -0.008057 -0.102718
v 0.682650 0.001371 -0.107469
v 0.659487 0.010511 -0.112085
v 0.677626 -0.009945 -0.101662
v 0.654414 -0.001386 -0.106029
v 0.631158 0.006787 -0.110247
v 0.649751 -0.012332 -0.098361
v 0.626494 -0.004708 -0.102227
v 0.603216 0.002489 -0.105974
v 0.622306 -0.015058 -0.092626
v 0.599054 -0.008378 -0.096057
v 0.575808 -0.001938 -0.099463
v 0.595377 -0.017930 -0.084608
v 0.572126 -0.012019 -0.087699
v 0.548953 -0.006241 -0.090670
v 0.568909 -0.020689 -0.074345
v 0.545779 -0.015334 -0.076923
v 0.522711 -0.010270 -0.079473
v 0.543072 -0.022896 -0.061638
v 0.520082 -0.018162 -0.063746
v 0.497188 -0.013816 -0.065782
v 0.517984 -0.024347 -0.046346
v 0.495171 -0.020200 -0.047915
v 0.472457 -0.016349 -0.049395
v 0.493682 -0.024675 -0.028453
v 0.471072 -0.021012 -0.029507
v 0.448570 -0.017718 -0.030449
v 0.470302 -0.023384 -0.008438
v 0.447837 -0.020157 -0.009060
v 0.425521 -0.017264 -0.009604
v 0.447737 -0.020011 0.012555
v 0.425415 -0.017152 0.012303
v 0.403253 -0.014683 0.012081
v 0.425885 -0.014593 0.033666
v 0.403678 -0.012096 0.033872
v 0.381629 -0.009942 0.034056
v 0.404634 -0.007079 0.054520
v 0.382477 -0.004755 0.055245
v 0.360466 -0.002792 0.055896
v 0.383793 0.002733 0.074933
v 0.361647 0.004963 0.076213
v 0.339639 0.006777 0.077435
v 0.363255 0.014987 0.094930
v 0.341077 0.017205 0.096750
v 0.319017 0.018980 0.098500
v 0.342905 0.029918 0.114290
v 0.320621 0.032193 0.116593
v 0.298423 0.033950 0.118841
v 0.322574 0.047743 0.132823
v 0.300087 0.050086 0.135553
v 0.277663 0.051876 0.138117
v 0.301991 0.068506 0.150006
v 0.279178 0.070923 0.152896
v 0.256464 0.072658 0.155595
v 0.280984 0.091917 0.165151
v 0.257782 0.094175 0.168071
v 0.234551 0.095741 0.170806
v 0.259249 0.117181 0.177966
v 0.235523 0.119258 0.180694
v 0.211761 0.120625 0.183309
v 0.236629 0.143861 0.188069
v 0.212301 0.145629 0.190712
v 0.187922 0.146638 0.193090
v 0.213005 0.171406 0.195476
v 0.188020 0.172750 0.197903
v 0.162943 0.173234 0.200042
v 0.188282 0.199299 0.199882
v 0.162592 0.200112 0.202033
v 0.136860 0.199999 0.203906
v 0.162451 0.227100 0.201137
v 0.136033 0.227233 0.203014
v 0.109637 0.226444 0.204661
v 0.135502 0.254280 0.199448
v 0.108425 0.253742 0.201032
v 0.081434 0.252271 0.202313
v 0.107486 0.280535 0.194543
v 0.079820 0.279255 0.195795
v 0.052255 0.277093 0.196973
v 0.078323 0.305380 0.186446
v 0.050128 0.303344 0.187524
v 0.022098 0.300496 0.188584
v 0.048090 0.328115 0.174761
v 0.019464 0.325316 0.175629
v -0.008925 0.321739 0.176443
v 0.017031 0.347987 0.159258
v -0.011881 0.344467 0.159996
v -0.040537 0.340181 0.160685
v -0.014534 0.364572 0.140427
v -0.043639 0.360258 0.140988
v -0.072467 0.355325 0.141516
v -0.046376 0.377571 0.118833
v -0.075572 0.372554 0.119248
v -0.104467 0.367044 0.119681
v -0.078190 0.386817 0.094998
v -0.107386 0.381209 0.095299
v -0.136276 0.375133 0.095641
v -0.109706 0.392217 0.069368
v -0.138835 0.386132 0.069610
v -0.167613 0.379549 0.069824
v -0.140626 0.393655 0.042368
v -0.169553 0.387054 0.042479
v -0.198182 0.380122 0.042594
v -0.170579 0.390905 0.014370
v -0.199283 0.383965 0.014378
v -0.227708 0.376743 0.014377
v -0.199346 0.384045 -0.014115
v -0.227772 0.376824 -0.014239
v -0.255928 0.369286 -0.014357
v -0.226740 0.373174 -0.042614
v -0.254855 0.365702 -0.042869
v -0.282729 0.357960 -0.043128
v -0.252641 0.358389 -0.070619
v -0.280408 0.350691 -0.071032
v -0.307928 0.342758 -0.071486
v -0.277016 0.340054 -0.097769
v -0.304398 0.332157 -0.098381
v -0.331584 0.324060 -0.099033
v -0.299874 0.318324 -0.123633
v -0.326880 0.310252 -0.124454
v -0.353665 0.301853 -0.125258
v -0.321260 0.293308 -0.147737
v -0.347841 0.284957 -0.148737
v -0.374205 0.276277 -0.149724
v -0.341203 0.265021 -0.169445
v -0.367343 0.256335 -0.170586
v -0.393273 0.247334 -0.171734
v -0.359777 0.233562 -0.187946
v -0.385453 0.224513 -0.189224
v -0.410941 0.215161 -0.190524
v -0.377071 0.199271 -0.202521
v -0.402275 0.189765 -0.203764
v -0.427260 0.179937 -0.205060
v -0.393205 0.162693 -0.212639
v -0.417901 0.152692 -0.213808
v -0.442413 0.142365 -0.215098
v -0.408321 0.124737 -0.219140
v -0.432543 0.114232 -0.220239
v -0.456525 0.103335 -0.221377
v -0.422446 0.085943 -0.222831
v -0.446147 0.074901 -0.223824
v -0.469666 0.063466 -0.224904
v -0.435563 0.046656 -0.224307
v -0.458886 0.035111 -0.225240
v -0.482064 0.023153 -0.226227
v -0.447952 0.007218 -0.223573
v -0.471025 -0.004803 -0.224415
v -0.494036 -0.017259 -0.225155
v -0.459933 -0.032050 -0.220252
v -0.482872 -0.044503 -0.220871
v -0.505808 -0.057440 -0.221480
v -0.471704 -0.070783 -0.213672
v -0.494600 -0.083647 -0.214208
v -0.517553 -0.096992 -0.214590
v -0.483519 -0.108566 -0.203492
v -0.506378 -0.121834 -0.203909
v -0.529435 -0.135628 -0.204317
v -0.495486 -0.145266 -0.190028
v -0.518451 -0.158962 -0.190457
v -0.541729 -0.173144 -0.190795
v -0.507955 -0.180640 -0.173390
v -0.531084 -0.194799 -0.173830
v -0.554659 -0.209450 -0.174205
v -0.521265 -0.214454 -0.153783
v -0.544686 -0.229049 -0.154184
v -0.568610 -0.244163 -0.154584
v -0.536022 -0.246005 -0.131124
v -0.559763 -0.261106 -0.131554
v -0.584078 -0.276620 -0.131946
v -0.552500 -0.275001 -0.105909
v -0.576631 -0.290498 -0.106285
v -0.601353 -0.306304 -0.106530
v -0.570988 -0.300991 -0.078416
v -0.595513 -0.316816 -0.078601
v -0.620637 -0.332877 -0.078569
v -0.591762 -0.323594 -0.048984
v -0.616783 -0.339558 -0.048764
v -0.642445 -0.355572 -0.048190
v -0.614851 -0.342845 -0.018150
v -0.640531 -0.358817 -0.017420
v -0.667067 -0.374634 -0.016206
v -0.640670 -0.358873 0.013493
v -0.667407 -0.374802 0.014734
v -0.695295 -0.390243 0.016361
v -0.669822 -0.371974 0.045114
v -0.698439 -0.387423 0.046369
v -0.728784 -0.402076 0.047379
v -0.703542 -0.381629 0.075153
v -0.734496 -0.396038 0.075632
v -0.767212 -0.406282 0.077379
v -0.741947 -0.385977 0.102960
v -0.773795 -0.393459 0.105058
v -0.804907 -0.392881 0.108926
v -0.777491 -0.374090 0.132424
v -0.807686 -0.371859 0.135306
v -0.836766 -0.363693 0.132716
v -0.833858 -0.386104 0.110684
v -0.811118 -0.346785 0.156492
v -0.840574 -0.339092 0.150773
v -0.865798 -0.328722 0.137888
v -0.845064 -0.312982 0.164190
v -0.870184 -0.303971 0.148620
v -0.890582 -0.294627 0.128414
v -0.875258 -0.278361 0.156622
v -0.895479 -0.270551 0.134844
v -0.911293 -0.263628 0.110254
v -0.906772 -0.286428 0.105174
v -0.923169 -0.257821 0.083998
v -0.918564 -0.279531 0.080079
v -0.931396 -0.253351 0.056689
v -0.927412 -0.235493 0.086826
v -0.935501 -0.231742 0.058657
v -0.940561 -0.229167 0.029615
v -0.939082 -0.209742 0.060129
v -0.943910 -0.207544 0.030440
v -0.945681 -0.206209 0.000059
v -0.946661 -0.185860 0.030988
v -0.948405 -0.184532 0.000188
v -0.947051 -0.183553 -0.030841
v -0.950373 -0.162923 0.000457
v -0.948999 -0.161423 -0.030726
v -0.944610 -0.159675 -0.061516
v -0.950018 -0.139607 -0.030165
v -0.945657 -0.136798 -0.060852
v -0.938592 -0.133316 -0.090352
v -0.945824 -0.114526 -0.059391
v -0.938701 -0.109499 -0.088277
v -0.928922 -0.103756 -0.114958
v -0.937955 -0.086540 -0.084797
v -0.928023 -0.079256 -0.110395
v -0.916116 -0.071515 -0.134221
v -0.926857 -0.056034 -0.103968
v -0.915096 -0.046883 -0.126633
v -0.900437 -0.038113 -0.147526
v -0.913924 -0.024235 -0.116428
v -0.899398 -0.014546 -0.136091
v -0.882089 -0.006092 -0.154717
v -0.898984 0.006638 -0.121475
v -0.883067 0.016615 -0.137395
v -0.865878 0.026925 -0.149872
v -0.885540 0.037067 -0.114141
v -0.870909 0.048326 -0.123505
v -0.855645 0.059875 -0.130025
v -0.873719 0.065678 -0.095731
v -0.858982 0.077591 -0.101459
v -0.843096 0.089612 -0.105666
v -0.860564 0.090703 -0.072062
v -0.845040 0.102737 -0.075638
v -0.828377 0.114639 -0.078163
v -0.845898 0.111373 -0.045161
v -0.829486 0.123231 -0.047014
v -0.812285 0.135144 -0.048330
v -0.829648 0.127539 -0.015767
v -0.812620 0.139479 -0.016473
v -0.794633 0.151194 -0.016944
v -0.811968 0.139896 0.015152
v -0.793992 0.151611 0.015157
v -0.775227 0.163253 0.015141
v -0.792265 0.148338 0.046773
v -0.773292 0.159782 0.047044
v -0.753618 0.171232 0.047153
v -0.770220 0.153019 0.078272
v -0.750347 0.164426 0.078504
v -0.729693 0.175599 0.078423
v -0.745443 0.153816 0.108655
v -0.724759 0.165241 0.108640
v -0.703408 0.176536 0.108322
v -0.718206 0.151156 0.137266
v -0.696763 0.162480 0.136747
v -0.674780 0.173690 0.136090
v -0.688630 0.144653 0.162931
v -0.666636 0.155911 0.161953
v -0.644253 0.167231 0.161089
v -0.657237 0.134468 0.184746
v -0.634922 0.145875 0.183549
v -0.612168 0.157081 0.182272
v -0.624469 0.120944 0.201672
v -0.601925 0.132470 0.200313
v -0.578972 0.143749 0.198999
v -0.590891 0.104973 0.213118
v -0.568205 0.116609 0.211892
v -0.545134 0.127855 0.210518
v -0.557041 0.087781 0.219970
v -0.534205 0.099366 0.218858
v -0.511082 0.110635 0.217608
v -0.523123 0.070212 0.223500
v -0.500214 0.081734 0.222512
v -0.477047 0.092909 0.221340
v -0.489243 0.052707 0.224791
v -0.466271 0.064067 0.223771
v -0.443086 0.075072 0.222792
v -0.455336 0.035358 0.224057
v -0.432362 0.046534 0.223171
v -0.409223 0.057390 0.222246
v -0.421475 0.018357 0.221373
v -0.398550 0.029315 0.220455
v -0.375474 0.039899 0.219673
v -0.387775 0.001740 0.216285
v -0.364962 0.012376 0.215430
v -0.342018 0.022649 0.214641
v -0.354569 -0.014397 0.208117
v -0.331907 -0.004079 0.207294
v -0.309092 0.005813 0.206643
v -0.322160 -0.029613 0.196444
v -0.299642 -0.019672 0.195777
v -0.276986 -0.010166 0.195229
v -0.290697 -0.043665 0.181661
v -0.268354 -0.034124 0.181125
v -0.245911 -0.024927 0.180563
v -0.260320 -0.056210 0.163991
v -0.238169 -0.047010 0.163514
v -0.215933 -0.038219 0.163079
v -0.231157 -0.066789 0.143572
v -0.209230 -0.057901 0.143122
v -0.187205 -0.049451 0.142764
v -0.203516 -0.074565 0.120359
v -0.181737 -0.066092 0.120050
v -0.159932 -0.057978 0.119746
v -0.177341 -0.079478 0.095069
v -0.155753 -0.071329 0.094826
v -0.134146 -0.063529 0.094574
v -0.152597 -0.081438 0.068274
v -0.131152 -0.073639 0.068108
v -0.109720 -0.066166 0.067929
v -0.129140 -0.080474 0.040535
v -0.107805 -0.073012 0.040456
v -0.086477 -0.065937 0.040389
v -0.106854 -0.076483 0.012317
v -0.085583 -0.069397 0.012341
v -0.064326 -0.062690 0.012370
v -0.085647 -0.069252 -0.015923
v -0.064392 -0.062525 -0.015788
v -0.043145 -0.056262 -0.015662
v -0.065340 -0.058825 -0.043690
v -0.044019 -0.052536 -0.043456
v -0.022719 -0.046642 -0.043209
v -0.045634 -0.045469 -0.070551
v -0.024168 -0.039580 -0.070176
v -0.002715 -0.034116 -0.069785
v -0.026268 -0.029291 -0.096011
v -0.004574 -0.023813 -0.095478
v 0.017038 -0.018624 -0.094868
v -0.007076 -0.010266 -0.119563
v 0.014832 -0.005151 -0.118875
v 0.036687 -0.000407 -0.118112
v 0.012013 0.011536 -0.140732
v 0.034203 0.016210 -0.139907
v 0.056349 0.020543 -0.138884
v 0.031186 0.035928 -0.158943
v 0.053754 0.040093 -0.157952
v 0.076265 0.043859 -0.156806
v 0.050764 0.062183 -0.174091
v 0.073732 0.065828 -0.172952
v 0.096666 0.069001 -0.171593
v 0.070948 0.089819 -0.185970
v 0.094407 0.092861 -0.184673
v 0.117797 0.095271 -0.183113
v 0.092007 0.118227 -0.194674
v 0.115998 0.120493 -0.193170
v 0.139908 0.122011 -0.191440
v 0.114192 0.146751 -0.200388
v 0.138713 0.148104 -0.198649
v 0.163198 0.148659 -0.196752
v 0.137617 0.174897 -0.203155
v 0.162733 0.175198 -0.201267
v 0.187827 0.174649 -0.199102
v 0.162438 0.202135 -0.203029
v 0.188154 0.201292 -0.200932
v 0.213848 0.199531 -0.198531
v 0.188720 0.227976 -0.199860
v 0.215052 0.225849 -0.197515
v 0.241335 0.222759 -0.194937
v 0.216522 0.251883 -0.193796
v 0.243446 0.248302 -0.191330
v 0.270205 0.243778 -0.188452
v 0.245760 0.273358 -0.184917
v 0.273147 0.268208 -0.182155
v 0.300331 0.262086 -0.179110
v 0.276265 0.291736 -0.173067
v 0.303974 0.284965 -0.170168
v 0.331349 0.277285 -0.166996
v 0.307527 0.306494 -0.158221
v 0.335331 0.298187 -0.155234
v 0.362743 0.289040 -0.152119
v 0.339043 0.317183 -0.140616
v 0.366756 0.307410 -0.137713
v 0.393959 0.296839 -0.134621
v 0.370371 0.323753 -0.120882
v 0.397732 0.312535 -0.118106
v 0.424565 0.300779 -0.115268
v 0.400999 0.326112 -0.099558
v 0.427969 0.313914 -0.097176
v 0.454345 0.301145 -0.094724
v 0.430718 0.324646 -0.077296
v 0.457210 0.311605 -0.075365
v 0.483220 0.298337 -0.073430
v 0.459367 0.319580 -0.054630
v 0.485456 0.306031 -0.053243
v 0.511105 0.292234 -0.051845
v 0.486964 0.311185 -0.032088
v 0.512631 0.297217 -0.031234
v 0.537862 0.282993 -0.030330
v 0.513363 0.299639 -0.010055
v 0.538602 0.285313 -0.009734
v 0.563400 0.270713 -0.009421
v 0.538573 0.285138 0.010974
v 0.563352 0.270557 0.010667
v 0.587721 0.255765 0.010358
v 0.562521 0.267963 0.030569
v 0.586905 0.253256 0.029599
v 0.610956 0.238392 0.028603
v 0.585222 0.248402 0.048348
v 0.609239 0.233704 0.046761
v 0.632915 0.218800 0.045127
v 0.606808 0.227008 0.064017
v 0.630481 0.212331 0.061800
v 0.653799 0.197422 0.059479
v 0.627363 0.204090 0.077172
v 0.650740 0.189537 0.074358
v 0.673750 0.174760 0.071402
v 0.647081 0.180157 0.087817
v 0.670147 0.165725 0.084411
v 0.692939 0.151168 0.080904
v 0.665970 0.155385 0.095920
v 0.688745 0.141128 0.091974
v 0.711329 0.126843 0.088086
v 0.684054 0.130024 0.101561
v 0.706661 0.116078 0.097374
v 0.728919 0.101966 0.092967
v 0.701347 0.104262 0.104907
v 0.723705 0.090610 0.100389
v 0.745691 0.076794 0.095766
v 0.717900 0.078335 0.106056
v 0.739991 0.065021 0.101307
v 0.761982 0.051678 0.096492
v 0.733961 0.052564 0.105209
v 0.756064 0.039791 0.100180
v 0.778023 0.027032 0.095066
v 0.749877 0.027262 0.102245
v 0.772051 0.015193 0.097041
v 0.794040 0.003012 0.091726
v 0.766048 0.002974 0.097497
v 0.788333 -0.008356 0.092098
v 0.810567 -0.019733 0.086575
v 0.782823 -0.019559 0.090973
v 0.805263 -0.030278 0.085523
v 0.827655 -0.040981 0.079703
v 0.800346 -0.040145 0.083160
v 0.823031 -0.050171 0.077563
v 0.795813 -0.049404 0.079753
v 0.818683 -0.058758 0.074235
v 0.791628 -0.057842 0.075212
v 0.814683 -0.066718 0.070014
v 0.837655 -0.075697 0.064453
v 0.810982 -0.073967 0.064924
v 0.834267 -0.082333 0.059691
v 0.857624 -0.090510 0.054151
v 0.831187 -0.088265 0.054169
v 0.854770 -0.095974 0.049199
v 0.876757 -0.102235 0.043615
v 0.852223 -0.100683 0.043530
v 0.874532 -0.106470 0.038532
v 0.892752 -0.110284 0.033341
v 0.872481 -0.109973 0.032789
v 0.890921 -0.113383 0.028083
v 0.904386 -0.115128 0.023483
v 0.889319 -0.115765 0.022422
v 0.902681 -0.117148 0.018229
v 0.912628 -0.116815 0.013869
v 0.901123 -0.118523 0.012936
v 0.911257 -0.118268 0.009019
v 0.918524 -0.117149 0.004816
v 0.910253 -0.118918 0.004016
v 0.916674 -0.117885 0.000083
v 0.920088 -0.116248 -0.003536
v 0.916679 -0.116921 -0.007534
v 0.918466 -0.115529 -0.011602
v 0.911036 -0.117483 -0.011168
v 0.912178 -0.116193 -0.015544
v 0.913529 -0.114471 -0.019771
v 0.902272 -0.116445 -0.019316
v 0.904251 -0.114393 -0.023943
v 0.906184 -0.111744 -0.028415
v 0.890862 -0.112812 -0.028409
v 0.893053 -0.109854 -0.033691
v 0.895373 -0.106295 -0.038372
v 0.874756 -0.105702 -0.038973
v 0.877320 -0.101450 -0.044458
v 0.880063 -0.096561 -0.049174
v 0.855201 -0.094652 -0.050188
v 0.858247 -0.089169 -0.055526
v 0.861616 -0.082943 -0.059996
v 0.835019 -0.080739 -0.061206
v 0.838671 -0.074029 -0.066191
v 0.842586 -0.066595 -0.070011
v 0.865163 -0.076284 -0.063566
v 0.846761 -0.058650 -0.072885
v 0.819944 -0.056812 -0.075964
v 0.824445 -0.048245 -0.079190
v 0.829095 -0.039250 -0.081158
v 0.801994 -0.037858 -0.084981
v 0.806979 -0.028166 -0.087195
v 0.812149 -0.018093 -0.088077
v 0.833988 -0.029890 -0.081955
v 0.838873 -0.020620 -0.081350
v 0.784712 -0.017242 -0.093046
v 0.779498 -0.027516 -0.090613
v 0.756859 -0.017214 -0.096358
v 0.774591 -0.037231 -0.087119
v 0.751772 -0.027467 -0.092542
v 0.728832 -0.017755 -0.097822
v 0.746978 -0.037041 -0.087428
v 0.723909 -0.028000 -0.092539
v 0.700809 -0.018760 -0.097047
v 0.719359 -0.037152 -0.085601
v 0.696163 -0.028644 -0.090085
v 0.672957 -0.020429 -0.094365
v 0.691918 -0.037539 -0.081580
v 0.668721 -0.029756 -0.085432
v 0.645508 -0.022184 -0.089093
v 0.664913 -0.037912 -0.075050
v 0.641740 -0.030871 -0.078365
v 0.618575 -0.024200 -0.081506
v 0.638436 -0.038426 -0.066339
v 0.615293 -0.032121 -0.069066
v 0.592110 -0.026213 -0.071711
v 0.612442 -0.038873 -0.055192
v 0.589288 -0.033251 -0.057325
v 0.566158 -0.027921 -0.059442
v 0.587021 -0.038807 -0.041305
v 0.563915 -0.033734 -0.043010
v 0.540884 -0.028855 -0.044717
v 0.562329 -0.037644 -0.024976
v 0.539348 -0.032966 -0.026176
v 0.516465 -0.028672 -0.027314
v 0.538510 -0.035114 -0.006461
v 0.515626 -0.030920 -0.007128
v 0.492873 -0.026990 -0.007792
v 0.515559 -0.030831 0.013132
v 0.492814 -0.026874 0.013006
v 0.470203 -0.023256 0.012804
v 0.493427 -0.024591 0.032717
v 0.470741 -0.020847 0.033140
v 0.448242 -0.017505 0.033430
v 0.471903 -0.016444 0.051848
v 0.449344 -0.012899 0.052834
v 0.426918 -0.009782 0.053713
v 0.450997 -0.006343 0.070559
v 0.428481 -0.002927 0.072104
v 0.406080 0.000099 0.073562
v 0.430537 0.005818 0.088908
v 0.407996 0.009280 0.091027
v 0.385568 0.012357 0.093020
v 0.410409 0.020421 0.106795
v 0.387793 0.024014 0.109390
v 0.365285 0.027193 0.111876
v 0.390476 0.037678 0.124023
v 0.367747 0.041514 0.127032
v 0.345135 0.044856 0.129981
v 0.370640 0.057951 0.140315
v 0.347711 0.062013 0.143693
v 0.324837 0.065534 0.146937
v 0.350661 0.081148 0.155305
v 0.327420 0.085362 0.158774
v 0.304174 0.088941 0.162064
v 0.330327 0.106695 0.168239
v 0.306650 0.110900 0.171661
v 0.282959 0.114432 0.174909
v 0.309393 0.133910 0.178757
v 0.285171 0.138006 0.182101
v 0.260902 0.141336 0.185198
v 0.287679 0.162271 0.186733
v 0.262829 0.166134 0.189882
v 0.237924 0.169221 0.192775
v 0.265028 0.191359 0.191874
v 0.239511 0.194901 0.194804
v 0.213949 0.197573 0.197439
v 0.241357 0.220723 0.194006
v 0.215125 0.223857 0.196699
v 0.188794 0.225971 0.199066
v 0.216592 0.249875 0.193227
v 0.189626 0.252395 0.195532
v 0.162563 0.253908 0.197633
v 0.190656 0.278359 0.189334
v 0.162922 0.280188 0.191292
v 0.135186 0.280870 0.193050
v 0.163452 0.305717 0.182108
v 0.135019 0.306673 0.183724
v 0.106643 0.306516 0.185164
v 0.134900 0.331008 0.171198
v 0.105845 0.331052 0.172491
v 0.076893 0.330053 0.173670
v 0.105125 0.353561 0.156523
v 0.075555 0.352592 0.157510
v 0.046189 0.350717 0.158432
v 0.074373 0.372564 0.138298
v 0.044492 0.370759 0.139073
v 0.014853 0.368066 0.139783
v 0.043057 0.387996 0.117207
v 0.012968 0.385389 0.117823
v -0.016850 0.381804 0.118326
v 0.011403 0.399647 0.093854
v -0.018799 0.396141 0.094300
v -0.048667 0.391823 0.094668
v -0.020322 0.407181 0.068635
v -0.050471 0.402854 0.068897
v -0.080263 0.397864 0.069138
v -0.051745 0.410533 0.041978
v -0.081739 0.405500 0.042108
v -0.111355 0.399803 0.042238
v -0.082534 0.409484 0.014336
v -0.112242 0.403742 0.014352
v -0.141585 0.397544 0.014361
v -0.112297 0.403836 -0.013810
v -0.141648 0.397658 -0.013919
v -0.170651 0.391012 -0.014014
v -0.140808 0.393970 -0.041951
v -0.169751 0.387343 -0.042158
v -0.198367 0.380347 -0.042369
v -0.167911 0.379999 -0.069567
v -0.196409 0.373048 -0.069891
v -0.224659 0.365877 -0.070251
v -0.193570 0.362370 -0.096253
v -0.221614 0.355157 -0.096699
v -0.249430 0.347737 -0.097219
v -0.217715 0.341227 -0.121558
v -0.245301 0.333812 -0.122179
v -0.272697 0.326231 -0.122911
v -0.240396 0.316878 -0.145107
v -0.267530 0.309248 -0.145909
v -0.294488 0.301408 -0.146797
v -0.261676 0.289431 -0.166337
v -0.288363 0.281556 -0.167304
v -0.314869 0.273402 -0.168316
v -0.281636 0.259023 -0.184559
v -0.307853 0.250812 -0.185619
v -0.333903 0.242323 -0.186739
v -0.300372 0.225921 -0.199026
v -0.326110 0.217334 -0.200107
v -0.351680 0.208454 -0.201277
v -0.317978 0.190649 -0.209270
v -0.343229 0.181661 -0.210334
v -0.368314 0.172347 -0.211473
v -0.334566 0.154035 -0.215935
v -0.359328 0.144612 -0.216980
v -0.383913 0.134848 -0.218048
v -0.350134 0.116664 -0.219910
v -0.374416 0.106790 -0.220866
v -0.398533 0.096573 -0.221878
v -0.364674 0.078847 -0.221504
v -0.388479 0.068534 -0.222457
v -0.412107 0.057797 -0.223342
v -0.378169 0.040812 -0.220902
v -0.401547 0.030026 -0.221785
v -0.424794 0.018826 -0.222695
v -0.390893 0.002790 -0.217749
v -0.413944 -0.008425 -0.218659
v -0.436953 -0.020020 -0.219467
v -0.403163 -0.034859 -0.211639
v -0.426025 -0.046389 -0.212355
v -0.448864 -0.058358 -0.213025
v -0.415372 -0.071549 -0.201750
v -0.438044 -0.083451 -0.202418
v -0.460747 -0.095789 -0.203017
v -0.427664 -0.107026 -0.188377
v -0.450173 -0.119310 -0.188959
v -0.472776 -0.132022 -0.189465
v -0.440166 -0.141137 -0.171882
v -0.462568 -0.153857 -0.172442
v -0.485171 -0.166968 -0.172903
v -0.453235 -0.173543 -0.152308
v -0.475648 -0.186685 -0.152820
v -0.498282 -0.200315 -0.153316
v -0.467328 -0.203759 -0.129825
v -0.489875 -0.217331 -0.130270
v -0.512701 -0.231479 -0.130755
v -0.482971 -0.231267 -0.104708
v -0.505733 -0.245345 -0.105109
v -0.528857 -0.259967 -0.105529
v -0.500406 -0.255924 -0.077494
v -0.523453 -0.270522 -0.077840
v -0.546989 -0.285534 -0.078138
v -0.519847 -0.277557 -0.048697
v -0.543310 -0.292532 -0.048863
v -0.567296 -0.307859 -0.048974
v -0.541471 -0.295840 -0.018762
v -0.565358 -0.311258 -0.018720
v -0.589785 -0.326995 -0.018532
v -0.564995 -0.311278 0.011687
v -0.589538 -0.326959 0.012050
v -0.614724 -0.342862 0.012625
v -0.590755 -0.323766 0.042105
v -0.616248 -0.339709 0.042822
v -0.642604 -0.355899 0.043851
v -0.619188 -0.333512 0.071801
v -0.646042 -0.349763 0.072840
v -0.674173 -0.365749 0.074061
v -0.650742 -0.340158 0.099750
v -0.679555 -0.356494 0.100948
v -0.710152 -0.372478 0.102056
v -0.684856 -0.344115 0.124711
v -0.715458 -0.359764 0.125699
v -0.746932 -0.370575 0.129155
v -0.719221 -0.340967 0.149347
v -0.749267 -0.349482 0.152917
v -0.780309 -0.350821 0.156161
v -0.753706 -0.325049 0.173472
v -0.784952 -0.325107 0.175530
v -0.816054 -0.320266 0.172816
v -0.791709 -0.296785 0.190147
v -0.822329 -0.292252 0.185195
v -0.850837 -0.285956 0.174241
v -0.829311 -0.263001 0.193629
v -0.856926 -0.257836 0.180599
v -0.880835 -0.251882 0.161971
v -0.863315 -0.229438 0.184431
v -0.886567 -0.225061 0.165141
v -0.905135 -0.220530 0.141807
v -0.900270 -0.245724 0.139103
v -0.919718 -0.216314 0.116026
v -0.915741 -0.240221 0.113803
v -0.931010 -0.212676 0.088711
v -0.923268 -0.192150 0.117238
v -0.934125 -0.189627 0.089812
v -0.941771 -0.187525 0.060961
v -0.936460 -0.166568 0.090079
v -0.943889 -0.165377 0.061320
v -0.948677 -0.164221 0.031352
v -0.945187 -0.143416 0.061105
v -0.949677 -0.142791 0.031535
v -0.951482 -0.141589 0.000867
v -0.949867 -0.121724 0.031469
v -0.951448 -0.120643 0.001567
v -0.950246 -0.118293 -0.029064
v -0.950676 -0.100172 0.002342
v -0.949195 -0.097573 -0.027347
v -0.945142 -0.092918 -0.056997
v -0.947803 -0.077406 -0.025057
v -0.943526 -0.072135 -0.053481
v -0.936545 -0.064678 -0.079745
v -0.941378 -0.052138 -0.048807
v -0.934677 -0.043755 -0.072865
v -0.925528 -0.034304 -0.095314
v -0.932560 -0.023840 -0.063755
v -0.924194 -0.014176 -0.084123
v -0.912944 -0.003760 -0.103464
v -0.922273 0.004438 -0.070095
v -0.911997 0.014807 -0.087109
v -0.899588 0.025885 -0.102027
v -0.899835 0.042298 -0.079205
v -0.887324 0.053973 -0.088314
v -0.899890 0.054111 -0.054905
v -0.888115 0.066336 -0.061530
v -0.874680 0.078473 -0.067185
v -0.888647 0.073507 -0.035739
v -0.875224 0.086345 -0.039237
v -0.861264 0.099138 -0.042372
v -0.875527 0.089937 -0.012214
v -0.861355 0.103131 -0.013549
v -0.845946 0.115500 -0.014727
v -0.860946 0.103159 0.014739
v -0.845322 0.115596 0.015043
v -0.829019 0.127902 0.015146
v -0.844042 0.112293 0.044070
v -0.827583 0.124596 0.045353
v -0.810337 0.136585 0.046228
v -0.825089 0.117835 0.074884
v -0.807629 0.129787 0.076621
v -0.789344 0.141487 0.077679
v -0.803525 0.119469 0.106286
v -0.784915 0.130986 0.107652
v -0.765507 0.142380 0.108378
v -0.778766 0.116688 0.136636
v -0.759302 0.128262 0.137395
v -0.739061 0.139726 0.137493
v -0.751215 0.109912 0.164480
v -0.730933 0.121558 0.164266
v -0.710075 0.133187 0.163738
v -0.721211 0.099090 0.187832
v -0.700410 0.111069 0.186924
v -0.679053 0.122808 0.185822
v -0.689503 0.084876 0.205350
v -0.668310 0.097182 0.204248
v -0.646616 0.109180 0.202990
v -0.656741 0.068315 0.216702
v -0.635192 0.080888 0.215698
v -0.613227 0.093079 0.214417
v -0.623574 0.050938 0.223254
v -0.601718 0.063581 0.222206
v -0.579543 0.075865 0.221154
v -0.590223 0.033612 0.226621
v -0.568129 0.046186 0.225630
v -0.545767 0.058374 0.224591
v -0.556726 0.016530 0.227678
v -0.534455 0.028951 0.226759
v -0.511967 0.041011 0.225860
v -0.523114 -0.000240 0.226773
v -0.500710 0.011992 0.225898
v -0.478131 0.023859 0.225005
v -0.489349 -0.016604 0.223844
v -0.466856 -0.004600 0.223037
v -0.444247 0.007060 0.222216
v -0.455595 -0.032376 0.218592
v -0.433082 -0.020646 0.217878
v -0.410494 -0.009275 0.217081
v -0.422068 -0.047461 0.210413
v -0.399645 -0.036069 0.209660
v -0.377152 -0.025034 0.208860
v -0.389234 -0.061606 0.198571
v -0.366944 -0.050564 0.197842
v -0.344589 -0.039918 0.197141
v -0.357324 -0.074491 0.183430
v -0.335176 -0.063852 0.182813
v -0.312950 -0.053603 0.182260
v -0.326420 -0.085947 0.165519
v -0.304422 -0.075705 0.165017
v -0.282390 -0.065798 0.164516
v -0.296771 -0.095398 0.144788
v -0.274943 -0.085509 0.144396
v -0.253075 -0.075951 0.143962
v -0.268610 -0.102200 0.121406
v -0.246923 -0.092680 0.121085
v -0.225222 -0.083472 0.120738
v -0.242018 -0.106023 0.095843
v -0.220465 -0.096857 0.095604
v -0.198914 -0.087991 0.095331
v -0.216910 -0.106938 0.068786
v -0.195482 -0.098101 0.068619
v -0.174027 -0.089630 0.068448
v -0.193210 -0.104881 0.040759
v -0.171818 -0.096490 0.040696
v -0.150482 -0.088287 0.040613
v -0.170774 -0.099837 0.012251
v -0.149454 -0.091713 0.012273
v -0.128156 -0.083896 0.012293
v -0.149542 -0.091590 -0.016282
v -0.128235 -0.083772 -0.016156
v -0.106929 -0.076333 -0.016028
v -0.129444 -0.079929 -0.044301
v -0.108049 -0.072546 -0.044098
v -0.086693 -0.065476 -0.043897
v -0.110123 -0.065395 -0.071453
v -0.088640 -0.058319 -0.071160
v -0.067124 -0.051708 -0.070873
v -0.091400 -0.047978 -0.097279
v -0.069676 -0.041383 -0.096901
v -0.047951 -0.035166 -0.096495
v -0.072990 -0.027859 -0.121290
v -0.050999 -0.021610 -0.120769
v -0.029014 -0.015781 -0.120221
v -0.054804 -0.004815 -0.142795
v -0.032497 0.000981 -0.142216
v -0.010230 0.006450 -0.141504
v -0.036678 0.020831 -0.161366
v -0.014024 0.026274 -0.160610
v 0.008588 0.031296 -0.159829
v -0.018290 0.048544 -0.176785
v 0.004736 0.053529 -0.175969
v 0.027764 0.058066 -0.175102
v 0.000544 0.077777 -0.188969
v 0.024022 0.082284 -0.188077
v 0.047487 0.086289 -0.187086
v 0.020086 0.107939 -0.198072
v 0.044037 0.111917 -0.197040
v 0.068024 0.115334 -0.195934
v 0.040535 0.138528 -0.204208
v 0.065056 0.141874 -0.203109
v 0.089592 0.144639 -0.201869
v 0.062103 0.169116 -0.207486
v 0.087253 0.171750 -0.206240
v 0.112441 0.173697 -0.204834
v 0.085032 0.199224 -0.207937
v 0.110837 0.201028 -0.206579
v 0.136644 0.202030 -0.204940
v 0.109407 0.228467 -0.205477
v 0.135869 0.229285 -0.203869
v 0.162326 0.229127 -0.201973
v 0.135344 0.256302 -0.200051
v 0.162455 0.255902 -0.198244
v 0.189512 0.254476 -0.196149
v 0.162777 0.282181 -0.191623
v 0.190528 0.280368 -0.189598
v 0.218221 0.277421 -0.187386
v 0.191672 0.305404 -0.180197
v 0.220008 0.302053 -0.178049
v 0.248248 0.297443 -0.175696
v 0.221892 0.325186 -0.165700
v 0.250748 0.320106 -0.163471
v 0.279325 0.313876 -0.161030
v 0.253094 0.340817 -0.148166
v 0.282183 0.334057 -0.145868
v 0.310851 0.326149 -0.143370
v 0.284781 0.351854 -0.128019
v 0.313881 0.343580 -0.125874
v 0.342376 0.334028 -0.123412
v 0.316480 0.358385 -0.106037
v 0.345289 0.348530 -0.104057
v 0.373475 0.337743 -0.101855
v 0.347596 0.360212 -0.082693
v 0.375959 0.349072 -0.080959
v 0.403623 0.337093 -0.079127
v 0.377894 0.357772 -0.058687
v 0.405672 0.345577 -0.057361
v 0.432776 0.332755 -0.056002
v 0.407006 0.351194 -0.034593
v 0.434200 0.338279 -0.033759
v 0.460820 0.324891 -0.032930
v 0.434904 0.340992 -0.010938
v 0.461565 0.327550 -0.010678
v 0.487724 0.313774 -0.010387
v 0.461553 0.327408 0.011790
v 0.487689 0.313630 0.011528
v 0.513333 0.299483 0.011269
v 0.486895 0.310759 0.033210
v 0.512551 0.296729 0.032373
v 0.537767 0.282468 0.031482
v 0.510959 0.291359 0.052861
v 0.536119 0.277266 0.051418
v 0.560869 0.262954 0.049910
v 0.533743 0.269819 0.070362
v 0.558466 0.255736 0.068309
v 0.582798 0.241425 0.066178
v 0.555338 0.246466 0.085243
v 0.579719 0.232594 0.082661
v 0.603740 0.218474 0.079965
v 0.575994 0.222060 0.097491
v 0.600069 0.208365 0.094378
v 0.623721 0.194371 0.091134
v 0.595778 0.196791 0.107025
v 0.619482 0.183238 0.103406
v 0.642893 0.169492 0.099791
v 0.614689 0.170777 0.114013
v 0.638091 0.157463 0.109952
v 0.661223 0.143858 0.105752
v 0.632785 0.144250 0.118348
v 0.655901 0.131164 0.113919
v 0.678741 0.117788 0.109423
v 0.650073 0.117354 0.120360
v 0.672949 0.104551 0.115655
v 0.695584 0.091554 0.110912
v 0.666687 0.090284 0.120116
v 0.689337 0.077840 0.115207
v 0.711724 0.065262 0.110228
v 0.682695 0.063241 0.117630
v 0.705206 0.051342 0.112568
v 0.727560 0.039338 0.107422
v 0.698510 0.036858 0.113048
v 0.721091 0.025640 0.107886
v 0.743629 0.014338 0.102685
v 0.714936 0.012290 0.106599
v 0.737651 0.001786 0.101514
v 0.760269 -0.008894 0.096280
v 0.732107 -0.010015 0.098781
v 0.754928 -0.020048 0.093674
v 0.777678 -0.030134 0.088539
v 0.750035 -0.030426 0.089852
v 0.772922 -0.039924 0.084819
v 0.745530 -0.039899 0.084817
v 0.768538 -0.048958 0.080134
v 0.741383 -0.048537 0.078704
v 0.764523 -0.057057 0.074247
v 0.787794 -0.065546 0.069766
v 0.760894 -0.064340 0.067514
v 0.784272 -0.072426 0.063350
v 0.807673 -0.080338 0.058865
v 0.781158 -0.078298 0.055957
v 0.804754 -0.085821 0.051963
v 0.828422 -0.093417 0.047940
v 0.802180 -0.090442 0.044277
v 0.826031 -0.097665 0.040853
v 0.850011 -0.104529 0.037118
v 0.824041 -0.100968 0.033166
v 0.848135 -0.107493 0.030041
v 0.870696 -0.112592 0.026453
v 0.846609 -0.109625 0.022535
v 0.869225 -0.114404 0.019679
v 0.887891 -0.117424 0.016479
v 0.868139 -0.115520 0.012510
v 0.886642 -0.118423 0.010051
v 0.899772 -0.119412 0.007414
v 0.885782 -0.118671 0.003416
v 0.867438 -0.115978 0.005025
v 0.867231 -0.115817 -0.002873
v 0.885575 -0.118455 -0.003257
v 0.867671 -0.115090 -0.010862
v 0.886070 -0.117804 -0.010119
v 0.868756 -0.113768 -0.018677
v 0.887189 -0.116704 -0.016543
v 0.900638 -0.117864 -0.014232
v 0.888888 -0.115051 -0.022695
v 0.870410 -0.111775 -0.026050
v 0.872463 -0.109068 -0.032886
v 0.847983 -0.106648 -0.029398
v 0.850022 -0.103455 -0.037065
v 0.852420 -0.099481 -0.043946
v 0.826028 -0.096552 -0.040762
v 0.828578 -0.092293 -0.048545
v 0.831641 -0.086883 -0.055376
v 0.804964 -0.084498 -0.052732
v 0.808227 -0.078627 -0.060029
v 0.811777 -0.072147 -0.066469
v 0.784873 -0.070457 -0.064600
v 0.788673 -0.063424 -0.071445
v 0.792832 -0.055528 -0.077041
v 0.815716 -0.064760 -0.071690
v 0.797307 -0.047021 -0.081685
v 0.769935 -0.046303 -0.082376
v 0.765607 -0.054587 -0.076180
v 0.742474 -0.046006 -0.081126
v 0.761609 -0.062227 -0.069104
v 0.738388 -0.053762 -0.073304
v 0.715163 -0.045525 -0.077504
v 0.734676 -0.060776 -0.064445
v 0.711351 -0.053046 -0.068231
v 0.688160 -0.045200 -0.071546
v 0.708055 -0.059304 -0.057505
v 0.684804 -0.052052 -0.060517
v 0.661560 -0.045117 -0.063505
v 0.681976 -0.057753 -0.048241
v 0.658761 -0.051136 -0.050680
v 0.635601 -0.044822 -0.052989
v 0.656531 -0.055838 -0.036398
v 0.633333 -0.049859 -0.038017
v 0.610160 -0.044140 -0.039655
v 0.631760 -0.053377 -0.021665
v 0.608551 -0.047848 -0.022653
v 0.585407 -0.042604 -0.023748
v 0.607707 -0.049752 -0.004887
v 0.584552 -0.044576 -0.005294
v 0.561468 -0.039677 -0.005828
v 0.584551 -0.044661 0.012898
v 0.561450 -0.039728 0.013121
v 0.538444 -0.035091 0.013183
v 0.562204 -0.037797 0.030709
v 0.539147 -0.033020 0.031489
v 0.516222 -0.028652 0.032140
v 0.540508 -0.029265 0.048232
v 0.517540 -0.024637 0.049540
v 0.494660 -0.020368 0.050756
v 0.519414 -0.019046 0.065363
v 0.496459 -0.014524 0.067176
v 0.473670 -0.010281 0.068943
v 0.498824 -0.007060 0.082132
v 0.475956 -0.002377 0.084451
v 0.453170 0.001931 0.086711
v 0.478738 0.007245 0.098452
v 0.455893 0.012037 0.101297
v 0.433089 0.016459 0.104093
v 0.459070 0.023913 0.114378
v 0.436126 0.028876 0.117691
v 0.413263 0.033429 0.120938
v 0.439654 0.043134 0.129679
v 0.416616 0.048406 0.133342
v 0.393595 0.053351 0.136882
v 0.420438 0.065227 0.143947
v 0.397186 0.070973 0.147886
v 0.373944 0.076344 0.151652
v 0.401262 0.090345 0.156912
v 0.377645 0.096383 0.160882
v 0.354007 0.101863 0.164641
v 0.381738 0.117603 0.167749
v 0.357691 0.123676 0.171591
v 0.333547 0.129126 0.175266
v 0.361713 0.146167 0.176067
v 0.337098 0.152227 0.179794
v 0.312416 0.157621 0.183346
v 0.340901 0.175667 0.181652
v 0.315734 0.181682 0.185275
v 0.290444 0.186949 0.188710
v 0.319342 0.205808 0.184587
v 0.293497 0.211651 0.187981
v 0.267479 0.216611 0.191106
v 0.296796 0.236090 0.184578
v 0.270250 0.241668 0.187833
v 0.243504 0.246245 0.190607
v 0.273206 0.266186 0.181789
v 0.245846 0.271317 0.184578
v 0.218302 0.275421 0.187113
v 0.248317 0.295445 0.175529
v 0.220148 0.300076 0.178052
v 0.191836 0.303448 0.180056
v 0.222001 0.323342 0.165744
v 0.193069 0.327242 0.167849
v 0.164016 0.329725 0.169599
v 0.194206 0.348954 0.152295
v 0.164516 0.351792 0.153914
v 0.134802 0.353311 0.155324
v 0.165022 0.371353 0.135274
v 0.134732 0.373079 0.136469
v 0.104478 0.373453 0.137502
v 0.134736 0.390034 0.115133
v 0.103967 0.390515 0.115941
v 0.073399 0.389721 0.116579
v 0.103678 0.404576 0.092386
v 0.072690 0.403922 0.092862
v 0.041909 0.402260 0.093357
v 0.072172 0.414971 0.067635
v 0.041052 0.413345 0.067985
v 0.010214 0.410751 0.068330
v 0.040459 0.421022 0.041475
v 0.009378 0.418403 0.041664
v -0.021357 0.414858 0.041828
v 0.008934 0.422401 0.014261
v -0.021916 0.418892 0.014284
v -0.052429 0.414589 0.014307
v -0.021964 0.419066 -0.013538
v -0.052482 0.414735 -0.013644
v -0.082597 0.409611 -0.013725
v -0.051899 0.410929 -0.041333
v -0.081908 0.405859 -0.041541
v -0.111533 0.400163 -0.041742
v -0.080532 0.398500 -0.068641
v -0.109981 0.392772 -0.068934
v -0.139112 0.386589 -0.069244
v -0.107738 0.381958 -0.094971
v -0.136641 0.375792 -0.095373
v -0.165245 0.369274 -0.095826
v -0.133492 0.361780 -0.119910
v -0.161847 0.355297 -0.120456
v -0.189910 0.348399 -0.120981
v -0.157772 0.338250 -0.143029
v -0.185532 0.331407 -0.143686
v -0.213069 0.324253 -0.144365
v -0.180537 0.311557 -0.163829
v -0.207775 0.304446 -0.164617
v -0.234815 0.297051 -0.165425
v -0.201956 0.281992 -0.181694
v -0.228678 0.274586 -0.182548
v -0.255243 0.266942 -0.183529
v -0.222145 0.249863 -0.195961
v -0.248381 0.242173 -0.196916
v -0.274452 0.234193 -0.197938
v -0.241251 0.215715 -0.206286
v -0.266982 0.207689 -0.207264
v -0.292568 0.199338 -0.208287
v -0.259341 0.180277 -0.213147
v -0.284568 0.171864 -0.214028
v -0.309648 0.163116 -0.214987
v -0.276390 0.144085 -0.217219
v -0.301120 0.135284 -0.218088
v -0.325703 0.126151 -0.218989
v -0.292324 0.107468 -0.218955
v -0.316574 0.098283 -0.219790
v -0.340691 0.088753 -0.220594
v -0.307186 0.070677 -0.218412
v -0.331003 0.061119 -0.219206
v -0.354669 0.051152 -0.220058
v -0.321134 0.033903 -0.215392
v -0.344502 0.023906 -0.216193
v -0.367749 0.013562 -0.216986
v -0.334399 -0.002593 -0.209280
v -0.357404 -0.012919 -0.209997
v -0.380307 -0.023684 -0.210798
v -0.347382 -0.038221 -0.199488
v -0.370041 -0.048949 -0.200277
v -0.392706 -0.060057 -0.201024
v -0.360284 -0.072734 -0.186419
v -0.382752 -0.083723 -0.187041
v -0.405189 -0.095192 -0.187767
v -0.373355 -0.105720 -0.170122
v -0.395613 -0.117055 -0.170662
v -0.417851 -0.128882 -0.171279
v -0.386825 -0.136788 -0.150678
v -0.408854 -0.148651 -0.151259
v -0.430979 -0.160873 -0.151808
v -0.400999 -0.165677 -0.128362
v -0.422982 -0.177883 -0.128829
v -0.445046 -0.190625 -0.129357
v -0.416404 -0.191770 -0.103425
v -0.438373 -0.204480 -0.103851
v -0.460555 -0.217634 -0.104272
v -0.433290 -0.215016 -0.076454
v -0.455415 -0.228142 -0.076774
v -0.477769 -0.241769 -0.077128
v -0.451917 -0.235215 -0.047930
v -0.474221 -0.248857 -0.048186
v -0.496882 -0.262914 -0.048426
v -0.472283 -0.252487 -0.018500
v -0.494930 -0.266532 -0.018633
v -0.517979 -0.280979 -0.018737
v -0.494507 -0.266648 0.011359
v -0.517554 -0.281052 0.011379
v -0.541013 -0.295963 0.011478
v -0.518538 -0.277765 0.041161
v -0.541979 -0.292743 0.041344
v -0.566042 -0.308074 0.041635
v -0.544412 -0.286153 0.070324
v -0.568486 -0.301613 0.070621
v -0.593341 -0.317376 0.071076
v -0.572474 -0.291671 0.098111
v -0.597377 -0.307541 0.098417
v -0.623461 -0.323854 0.098962
v -0.602855 -0.294186 0.123764
v -0.628888 -0.310683 0.124010
v -0.656074 -0.327336 0.124339
v -0.635321 -0.294149 0.147092
v -0.661999 -0.310999 0.147267
v -0.690023 -0.327162 0.147588
v -0.669175 -0.290902 0.168245
v -0.696345 -0.306310 0.168942
v -0.724468 -0.318748 0.170805
v -0.704496 -0.282452 0.187114
v -0.731883 -0.293085 0.188352
v -0.760616 -0.297709 0.190113
v -0.740780 -0.264840 0.202197
v -0.769025 -0.267964 0.202617
v -0.799388 -0.266840 0.200546
v -0.777899 -0.237106 0.211253
v -0.807468 -0.236029 0.207397
v -0.836452 -0.233174 0.198463
v -0.815556 -0.205221 0.211393
v -0.843721 -0.203449 0.201376
v -0.869576 -0.201025 0.186451
v -0.850496 -0.174040 0.202553
v -0.875311 -0.172788 0.187005
v -0.896282 -0.171128 0.166840
v -0.891714 -0.198062 0.166692
v -0.912959 -0.169443 0.143258
v -0.909402 -0.195027 0.143119
v -0.926181 -0.167922 0.117484
v -0.915717 -0.143979 0.142148
v -0.928092 -0.143807 0.116550
v -0.937986 -0.143663 0.089514
v -0.929255 -0.120103 0.114458
v -0.938680 -0.121177 0.087952
v -0.945462 -0.121819 0.060251
v -0.938466 -0.099338 0.085361
v -0.944995 -0.100735 0.058765
v -0.949073 -0.101101 0.031079
v -0.943681 -0.080218 0.056554
v -0.947679 -0.080879 0.030358
v -0.949220 -0.080122 0.003093
v -0.945358 -0.061009 0.029302
v -0.946561 -0.060228 0.003761
v -0.945636 -0.057733 -0.022534
v -0.943303 -0.040355 0.004473
v -0.942337 -0.037802 -0.019620
v -0.938669 -0.032237 -0.042355
v -0.938248 -0.016925 -0.013982
v -0.935129 -0.011664 -0.033489
v -0.929832 -0.004397 -0.052174
v -0.929645 0.009058 -0.023374
v -0.931816 0.004774 -0.005657
v -0.924170 0.026136 0.002512
v -0.921760 0.029350 -0.014784
v -0.913838 0.044509 0.008058
v -0.912307 0.046947 -0.010764
v -0.901202 0.062097 -0.010130
v -0.900327 0.060084 -0.031901
v -0.902070 0.060827 0.011517
v -0.889299 0.075815 0.013299
v -0.889002 0.076403 -0.010959
v -0.913970 0.040689 0.027760
v -0.902183 0.057277 0.032976
v -0.889168 0.072632 0.036988
v -0.874919 0.086576 0.039970
v -0.875670 0.089976 0.014237
v -0.900960 0.052049 0.054525
v -0.887390 0.066653 0.060275
v -0.872924 0.080250 0.065173
v -0.857726 0.093235 0.069250
v -0.859732 0.099589 0.042281
v -0.884473 0.058746 0.084025
v -0.869802 0.071677 0.090677
v -0.854451 0.083983 0.096273
v -0.838301 0.095964 0.100792
v -0.841865 0.105801 0.072485
v -0.864270 0.059640 0.118056
v -0.848871 0.070883 0.124486
v -0.832605 0.082254 0.129263
v -0.815489 0.093662 0.132766
v -0.821267 0.107663 0.104038
v -0.840246 0.052780 0.153368
v -0.824329 0.063726 0.157996
v -0.807399 0.075013 0.161024
v -0.789485 0.086490 0.163015
v -0.797529 0.105153 0.135149
v -0.814308 0.039139 0.184219
v -0.797413 0.050772 0.186908
v -0.779584 0.062705 0.188246
v -0.760904 0.074779 0.188695
v -0.770737 0.098162 0.164162
v -0.787034 0.021858 0.206357
v -0.768677 0.033923 0.207416
v -0.749881 0.046797 0.207774
v -0.730392 0.059651 0.207369
v -0.741469 0.087046 0.188514
v -0.757747 0.001828 0.219338
v -0.738408 0.015092 0.219680
v -0.718698 0.028707 0.219471
v -0.698525 0.042267 0.218740
v -0.710277 0.072440 0.206552
v -0.727854 -0.017976 0.226457
v -0.707479 -0.003685 0.226332
v -0.686967 0.010575 0.225753
v -0.666212 0.024462 0.225098
v -0.677886 0.055469 0.217858
v -0.697172 -0.036043 0.229727
v -0.676053 -0.021229 0.229502
v -0.654910 -0.006799 0.228954
v -0.633602 0.007141 0.228260
v -0.645062 0.037898 0.224147
v -0.665628 -0.052469 0.230743
v -0.643991 -0.037630 0.230532
v -0.622371 -0.023325 0.230037
v -0.600648 -0.009552 0.229336
v -0.612041 0.020614 0.227527
v -0.633257 -0.067794 0.229733
v -0.611306 -0.053263 0.229419
v -0.589393 -0.039301 0.228939
v -0.567416 -0.025846 0.228255
v -0.578784 0.003712 0.228547
v -0.600290 -0.082572 0.226457
v -0.578198 -0.068485 0.226205
v -0.556115 -0.054891 0.225720
v -0.533961 -0.041738 0.225220
v -0.545339 -0.012845 0.227578
v -0.566942 -0.096908 0.220935
v -0.544731 -0.083211 0.220783
v -0.522538 -0.069930 0.220418
v -0.500265 -0.057048 0.220048
v -0.511724 -0.028976 0.224556
v -0.533328 -0.110453 0.212801
v -0.511138 -0.097013 0.212506
v -0.488924 -0.084036 0.212209
v -0.466696 -0.071455 0.211677
v -0.477970 -0.044523 0.219336
v -0.500034 -0.122675 0.201010
v -0.477895 -0.109639 0.200734
v -0.455755 -0.097059 0.200377
v -0.433636 -0.084813 0.199831
v -0.444410 -0.059266 0.211132
v -0.467410 -0.133586 0.185882
v -0.445415 -0.120955 0.185531
v -0.423416 -0.108769 0.185143
v -0.401433 -0.096954 0.184665
v -0.411467 -0.073007 0.199262
v -0.435771 -0.143001 0.167710
v -0.413918 -0.130814 0.167391
v -0.392105 -0.118980 0.166957
v -0.370248 -0.107604 0.166537
v -0.379401 -0.085532 0.184083
v -0.405407 -0.150464 0.146637
v -0.383708 -0.138675 0.146318
v -0.362024 -0.127274 0.145980
v -0.340292 -0.116294 0.145673
v -0.348371 -0.096562 0.166022
v -0.376520 -0.155473 0.122931
v -0.354965 -0.144051 0.122657
v -0.333419 -0.133005 0.122387
v -0.311863 -0.122353 0.122049
v -0.318576 -0.105626 0.145189
v -0.349328 -0.157517 0.097001
v -0.327881 -0.146480 0.096807
v -0.306445 -0.135816 0.096567
v -0.284989 -0.125540 0.096338
v -0.290233 -0.112128 0.121751
v -0.323791 -0.156593 0.069512
v -0.302420 -0.145937 0.069372
v -0.281063 -0.135640 0.069240
v -0.259703 -0.125682 0.069087
v -0.263511 -0.115608 0.096096
v -0.299777 -0.152742 0.041035
v -0.278474 -0.142424 0.041000
v -0.257169 -0.132491 0.040947
v -0.235892 -0.122856 0.040878
v -0.238328 -0.116103 0.068936
v -0.277268 -0.145794 0.012083
v -0.255973 -0.135871 0.012120
v -0.234674 -0.126339 0.012167
v -0.213403 -0.117092 0.012183
v -0.214554 -0.113698 0.040813
v -0.256145 -0.135709 -0.016913
v -0.234829 -0.126164 -0.016774
v -0.213534 -0.116942 -0.016635
v -0.192227 -0.108104 -0.016507
v -0.192107 -0.108265 0.012230
v -0.236331 -0.122405 -0.045427
v -0.214971 -0.113181 -0.045191
v -0.193591 -0.104355 -0.044978
v -0.172199 -0.095888 -0.044765
v -0.170890 -0.099664 -0.016403
v -0.217622 -0.106053 -0.073003
v -0.196124 -0.097214 -0.072706
v -0.174644 -0.088691 -0.072379
v -0.153129 -0.080595 -0.072072
v -0.150800 -0.087786 -0.044536
v -0.199786 -0.086830 -0.099209
v -0.178146 -0.078298 -0.098817
v -0.156464 -0.070211 -0.098450
v -0.134795 -0.062417 -0.098032
v -0.131619 -0.072844 -0.071760
v -0.182749 -0.064621 -0.123505
v -0.160854 -0.056475 -0.123033
v -0.138897 -0.048835 -0.122649
v -0.116959 -0.041431 -0.122184
v -0.113099 -0.055024 -0.097663
v -0.166163 -0.039742 -0.145440
v -0.143941 -0.031995 -0.144940
v -0.121692 -0.024625 -0.144419
v -0.099402 -0.017649 -0.143927
v -0.094976 -0.034434 -0.121745
v -0.149814 -0.012229 -0.164406
v -0.127226 -0.004851 -0.163841
v -0.104618 0.002178 -0.163271
v -0.081971 0.008805 -0.162658
v -0.077128 -0.010982 -0.143332
v -0.133426 0.017423 -0.180117
v -0.110452 0.024454 -0.179517
v -0.087411 0.031077 -0.178939
v -0.064390 0.037325 -0.178232
v -0.059321 0.014989 -0.162049
v -0.116737 0.048594 -0.192688
v -0.093308 0.055272 -0.192012
v -0.069850 0.061537 -0.191362
v -0.046390 0.067380 -0.190602
v -0.041343 0.043123 -0.177548
v -0.099535 0.080843 -0.202061
v -0.075652 0.087156 -0.201375
v -0.051733 0.093046 -0.200625
v -0.027811 0.098485 -0.199819
v -0.022923 0.072782 -0.189826
v -0.081666 0.113750 -0.208356
v -0.057282 0.119658 -0.207674
v -0.032855 0.125134 -0.206910
v -0.008425 0.130128 -0.206106
v -0.003863 0.103445 -0.198952
v -0.062886 0.146913 -0.211834
v -0.037975 0.152421 -0.211132
v -0.013043 0.157429 -0.210368
v 0.011982 0.161917 -0.209499
v 0.016041 0.134614 -0.205250
v -0.043020 0.180075 -0.212513
v -0.017556 0.185114 -0.211792
v 0.007992 0.189596 -0.210987
v 0.033593 0.193478 -0.210079
v 0.037023 0.165827 -0.208558
v -0.021905 0.212882 -0.210592
v 0.004172 0.217380 -0.209801
v 0.030355 0.221244 -0.208973
v 0.056652 0.224395 -0.207968
v 0.059278 0.196695 -0.209044
v 0.000552 0.244999 -0.206016
v 0.027330 0.248820 -0.205147
v 0.054218 0.251914 -0.204084
v 0.081195 0.254242 -0.202860
v 0.083004 0.226814 -0.206811
v 0.024454 0.275907 -0.198431
v 0.051935 0.278938 -0.197385
v 0.079523 0.281182 -0.196229
v 0.107223 0.282538 -0.194920
v 0.108215 0.255736 -0.201564
v 0.049763 0.305075 -0.187654
v 0.077980 0.307191 -0.186522
v 0.106328 0.308387 -0.185242
v 0.134787 0.308529 -0.183805
v 0.134992 0.282873 -0.193400
v 0.076559 0.331720 -0.173517
v 0.105524 0.332750 -0.172359
v 0.134650 0.332735 -0.171003
v 0.163767 0.331520 -0.169443
v 0.163246 0.307563 -0.182149
v 0.104850 0.355058 -0.156155
v 0.134536 0.354862 -0.154978
v 0.164319 0.353429 -0.153607
v 0.194069 0.350575 -0.151992
v 0.192880 0.329034 -0.167725
v 0.134513 0.374435 -0.135887
v 0.164878 0.372815 -0.134795
v 0.195221 0.369736 -0.133441
v 0.225362 0.365045 -0.131785
v 0.223690 0.346356 -0.150230
v 0.165466 0.389424 -0.113545
v 0.196291 0.386060 -0.112436
v 0.226918 0.381175 -0.111084
v 0.257191 0.374731 -0.109560
v 0.255251 0.359071 -0.130031
v 0.197244 0.399314 -0.089374
v 0.228235 0.394110 -0.088311
v 0.258857 0.387542 -0.087152
v 0.288996 0.379602 -0.085796
v 0.287075 0.367161 -0.107900
v 0.229338 0.404111 -0.064069
v 0.260141 0.397098 -0.063150
v 0.290508 0.389062 -0.062201
v 0.320234 0.379591 -0.061099
v 0.318589 0.370452 -0.084306
v 0.261081 0.403690 -0.038125
v 0.291532 0.395328 -0.037521
v 0.321387 0.385788 -0.036856
v 0.350575 0.375098 -0.036144
v 0.349372 0.369157 -0.059938
v 0.292043 0.398431 -0.012199
v 0.321964 0.388809 -0.011976
v 0.351206 0.378081 -0.011755
v 0.379776 0.366390 -0.011484
v 0.379178 0.363604 -0.035401
v 0.321961 0.388673 0.013086
v 0.351193 0.377936 0.012863
v 0.379750 0.366224 0.012603
v 0.407642 0.353829 0.012335
v 0.407693 0.354006 -0.011209
v 0.350555 0.374691 0.037225
v 0.379114 0.363097 0.036475
v 0.406937 0.350712 0.035653
v 0.434156 0.337821 0.034837
v 0.434895 0.340842 0.012076
v 0.377816 0.356965 0.059661
v 0.405582 0.344779 0.058326
v 0.432729 0.332047 0.056978
v 0.459302 0.318806 0.055626
v 0.460802 0.324471 0.034020
v 0.403562 0.336098 0.079966
v 0.430621 0.323578 0.078090
v 0.457128 0.310613 0.076229
v 0.483113 0.297286 0.074307
v 0.485352 0.305265 0.054274
v 0.427849 0.312620 0.097798
v 0.454254 0.299969 0.095374
v 0.480185 0.287047 0.092952
v 0.505579 0.273721 0.090421
v 0.508629 0.283652 0.072346
v 0.450771 0.287214 0.112846
v 0.476585 0.274674 0.109862
v 0.501945 0.261844 0.106736
v 0.526977 0.248803 0.103649
v 0.530646 0.260195 0.087851
v 0.472424 0.260428 0.124703
v 0.497755 0.248151 0.121137
v 0.522729 0.235701 0.117616
v 0.547396 0.223001 0.114127
v 0.551641 0.235509 0.100573
v 0.493043 0.232911 0.133528
v 0.517991 0.221053 0.129605
v 0.542575 0.208904 0.125619
v 0.566951 0.196513 0.121778
v 0.571707 0.209964 0.110529
v 0.512775 0.204996 0.139533
v 0.537378 0.193521 0.135330
v 0.561654 0.181700 0.131060
v 0.585657 0.169531 0.126910
v 0.590947 0.183798 0.117893
v 0.531723 0.176753 0.142821
v 0.555966 0.165614 0.138370
v 0.579917 0.154059 0.133978
v 0.603600 0.142123 0.129488
v 0.609362 0.157031 0.122647
v 0.549869 0.148201 0.143652
v 0.573740 0.137326 0.139061
v 0.597408 0.126058 0.134491
v 0.620716 0.114380 0.129742
v 0.626967 0.129872 0.124917
v 0.567195 0.119386 0.141959
v 0.590731 0.108746 0.137243
v 0.614043 0.097738 0.132430
v 0.637114 0.086476 0.127527
v 0.643811 0.102469 0.124964
v 0.583854 0.090537 0.137864
v 0.607114 0.080242 0.133004
v 0.630180 0.069699 0.128018
v 0.653090 0.058980 0.123023
v 0.659992 0.074991 0.122605
v 0.600239 0.062552 0.131270
v 0.623344 0.052807 0.126364
v 0.646294 0.042907 0.121414
v 0.669210 0.032819 0.116541
v 0.675861 0.048000 0.118046
v 0.616973 0.036807 0.122727
v 0.640016 0.027776 0.117898
v 0.663100 0.018599 0.113295
v 0.686203 0.009305 0.108611
v 0.692080 0.022599 0.111648
v 0.634448 0.014074 0.112888
v 0.657680 0.005715 0.108613
v 0.680930 -0.002827 0.104207
v 0.704071 -0.011732 0.099578
v 0.709250 -0.000174 0.103759
v 0.652867 -0.005943 0.102655
v 0.676155 -0.013977 0.098406
v 0.699356 -0.022350 0.094069
v 0.722467 -0.031008 0.089481
v 0.727072 -0.020959 0.094738
v 0.671827 -0.024129 0.091361
v 0.695064 -0.031997 0.087278
v 0.718256 -0.040130 0.083039
v 0.691200 -0.040621 0.079306
v 0.714420 -0.048276 0.075433
v 0.737626 -0.056206 0.071455
v 0.710995 -0.055381 0.066686
v 0.734277 -0.062936 0.063232
v 0.757656 -0.070624 0.059678
v 0.731398 -0.068528 0.054012
v 0.754853 -0.075952 0.050995
v 0.778440 -0.083257 0.047727
v 0.752479 -0.080146 0.041457
v 0.776181 -0.087204 0.038749
v 0.800051 -0.094144 0.035993
v 0.774388 -0.090164 0.029164
v 0.798318 -0.096854 0.027033
v 0.822440 -0.103422 0.024831
v 0.797122 -0.098672 0.017339
v 0.821288 -0.105121 0.016014
v 0.845466 -0.111021 0.014481
v 0.820629 -0.105928 0.006494
v 0.844800 -0.111603 0.005950
v 0.820563 -0.105741 -0.003474
v 0.844714 -0.111437 -0.003129
v 0.821071 -0.104725 -0.013550
v 0.845210 -0.110657 -0.012185
v 0.822181 -0.102925 -0.023295
v 0.846332 -0.109099 -0.021046
v 0.823902 -0.100095 -0.032351
v 0.798070 -0.096253 -0.025372
v 0.799906 -0.093135 -0.035221
v 0.802188 -0.089271 -0.044371
v 0.776075 -0.086049 -0.038054
v 0.778549 -0.081747 -0.047786
v 0.781483 -0.076571 -0.056690
v 0.754921 -0.074304 -0.051171
v 0.758056 -0.068607 -0.060549
v 0.731425 -0.066806 -0.054437
v 0.752372 -0.078801 -0.040719
v 0.728760 -0.071654 -0.043292
v 0.705272 -0.064618 -0.045757
v 0.726690 -0.075575 -0.031137
v 0.703129 -0.068828 -0.032915
v 0.679776 -0.062218 -0.034695
v 0.701699 -0.071761 -0.018979
v 0.678296 -0.065288 -0.019875
v 0.654997 -0.059160 -0.020759
v 0.677606 -0.066977 -0.004506
v 0.654270 -0.060974 -0.004558
v 0.630976 -0.055236 -0.004682
v 0.654393 -0.061072 0.011163
v 0.631026 -0.055333 0.011871
v 0.607740 -0.049872 0.012469
v 0.631853 -0.053850 0.027194
v 0.608585 -0.048199 0.028547
v 0.585361 -0.042803 0.029753
v 0.610051 -0.045105 0.043189
v 0.586777 -0.039514 0.045103
v 0.563563 -0.034265 0.046810
v 0.588734 -0.034895 0.059004
v 0.565516 -0.029344 0.061401
v 0.542434 -0.023983 0.063466
v 0.567995 -0.022886 0.074582
v 0.544874 -0.017140 0.077194
v 0.521813 -0.011878 0.079679
v 0.547806 -0.008882 0.089663
v 0.524717 -0.003225 0.092643
v 0.501703 0.002117 0.095581
v 0.528153 0.006969 0.104267
v 0.505069 0.012864 0.107685
v 0.482050 0.018564 0.111034
v 0.508952 0.025173 0.118397
v 0.485818 0.031442 0.122186
v 0.462709 0.037449 0.125944
v 0.490116 0.045974 0.131832
v 0.466900 0.052704 0.135916
v 0.443676 0.059135 0.139969
v 0.471664 0.069775 0.144186
v 0.448249 0.076964 0.148508
v 0.424782 0.083866 0.152751
v 0.453375 0.096382 0.155094
v 0.429620 0.103905 0.159477
v 0.405738 0.110988 0.163719
v 0.434815 0.124771 0.163835
v 0.410553 0.132369 0.168110
v 0.386168 0.139530 0.172190
v 0.415652 0.154092 0.169977
v 0.390895 0.161854 0.174065
v 0.365987 0.169050 0.178012
v 0.395817 0.184105 0.173300
v 0.370472 0.191933 0.177273
v 0.344997 0.199175 0.180985
v 0.375239 0.214512 0.174000
v 0.349349 0.222380 0.177703
v 0.323194 0.229633 0.181246
v 0.353823 0.244996 0.171806
v 0.327233 0.252861 0.175301
v 0.300340 0.259991 0.178597
v 0.331331 0.275214 0.166652
v 0.303988 0.282942 0.169911
v 0.276289 0.289750 0.172909
v 0.307539 0.304638 0.158325
v 0.279338 0.311981 0.161030
v 0.250802 0.318256 0.163574
v 0.282177 0.332285 0.146085
v 0.253142 0.339100 0.148438
v 0.223810 0.344733 0.150524
v 0.255319 0.357700 0.130568
v 0.225452 0.363612 0.132312
v 0.195313 0.368253 0.133928
v 0.226912 0.379792 0.111690
v 0.196334 0.384689 0.113014
v 0.165565 0.388113 0.114158
v 0.197286 0.398327 0.090195
v 0.166106 0.401895 0.091059
v 0.134850 0.403910 0.091770
v 0.166603 0.412514 0.066377
v 0.135030 0.414723 0.066880
v 0.103518 0.415487 0.067281
v 0.135224 0.422181 0.040822
v 0.103458 0.423021 0.041040
v 0.071838 0.422571 0.041251
v 0.103438 0.426951 0.014088
v 0.071664 0.426551 0.014154
v 0.040139 0.425011 0.014220
v 0.071630 0.426742 -0.013205
v 0.040098 0.425169 -0.013305
v 0.008889 0.422544 -0.013422
v 0.040330 0.421481 -0.040615
v 0.009253 0.418848 -0.040881
v -0.021493 0.415340 -0.041137
v 0.010012 0.411421 -0.067625
v -0.020549 0.407940 -0.068018
v -0.050716 0.403541 -0.068330
v -0.019089 0.396979 -0.093741
v -0.048980 0.392675 -0.094186
v -0.078520 0.387584 -0.094561
v -0.046738 0.378525 -0.118439
v -0.075958 0.373505 -0.118942
v -0.104872 0.367902 -0.119419
v -0.072899 0.356393 -0.141307
v -0.101445 0.350761 -0.141799
v -0.129738 0.344743 -0.142412
v -0.097547 0.330794 -0.161671
v -0.125443 0.324780 -0.162341
v -0.153099 0.318334 -0.163043
v -0.120701 0.302213 -0.179195
v -0.147966 0.295818 -0.179991
v -0.175046 0.289052 -0.180800
v -0.142506 0.271073 -0.193344
v -0.169214 0.264326 -0.194180
v -0.195763 0.257248 -0.195043
v -0.163169 0.237973 -0.203772
v -0.189340 0.230870 -0.204585
v -0.215370 0.223447 -0.205415
v -0.182789 0.203589 -0.210794
v -0.208451 0.196138 -0.211525
v -0.233963 0.188361 -0.212306
v -0.201334 0.168480 -0.215010
v -0.226490 0.160670 -0.215713
v -0.251516 0.152543 -0.216458
v -0.218749 0.132982 -0.216795
v -0.243413 0.124811 -0.217498
v -0.267939 0.116308 -0.218237
v -0.235024 0.097290 -0.216208
v -0.259199 0.088764 -0.216904
v -0.283248 0.079883 -0.217653
v -0.250306 0.061611 -0.213096
v -0.274027 0.052729 -0.213807
v -0.297654 0.043495 -0.214559
v -0.264881 0.026245 -0.206976
v -0.288160 0.017005 -0.207691
v -0.311343 0.007402 -0.208482
v -0.278971 -0.008393 -0.197410
v -0.301849 -0.017977 -0.198103
v -0.324633 -0.027937 -0.198823
v -0.292827 -0.041865 -0.184419
v -0.315357 -0.051774 -0.185035
v -0.337832 -0.062062 -0.185693
v -0.306664 -0.073822 -0.168223
v -0.328890 -0.084104 -0.168884
v -0.351133 -0.094713 -0.169488
v -0.320772 -0.103849 -0.149042
v -0.342766 -0.114474 -0.149636
v -0.364794 -0.125432 -0.150155
v -0.335486 -0.131412 -0.126892
v -0.357277 -0.142451 -0.127411
v -0.379114 -0.153850 -0.127918
v -0.351154 -0.156196 -0.102161
v -0.372837 -0.167624 -0.102592
v -0.394555 -0.179506 -0.103003
v -0.368062 -0.178063 -0.075399
v -0.389699 -0.189911 -0.075729
v -0.411431 -0.202222 -0.076084
v -0.386377 -0.196989 -0.047180
v -0.408063 -0.209252 -0.047437
v -0.429869 -0.222038 -0.047708
v -0.406220 -0.212907 -0.018039
v -0.428017 -0.225616 -0.018204
v -0.449994 -0.238845 -0.018340
v -0.427624 -0.225862 0.011541
v -0.449621 -0.238997 0.011466
v -0.471907 -0.252584 0.011394
v -0.450700 -0.235761 0.041048
v -0.472957 -0.249311 0.041043
v -0.495544 -0.263307 0.041066
v -0.475497 -0.242618 0.070000
v -0.497965 -0.256726 0.070082
v -0.520927 -0.271209 0.070171
v -0.502068 -0.246586 0.097835
v -0.524910 -0.261214 0.097919
v -0.548374 -0.276190 0.097948
v -0.530621 -0.247668 0.123791
v -0.553967 -0.262743 0.123735
v -0.578014 -0.278245 0.123707
v -0.561126 -0.245931 0.147208
v -0.584970 -0.261513 0.147111
v -0.609620 -0.277532 0.146980
v -0.593264 -0.241741 0.167942
v -0.617580 -0.257872 0.167878
v -0.642898 -0.274379 0.167959
v -0.626810 -0.235421 0.185780
v -0.651748 -0.251777 0.185945
v -0.677686 -0.267878 0.186292
v -0.661600 -0.226917 0.200489
v -0.687280 -0.242508 0.200860
v -0.713775 -0.256002 0.201507
v -0.697302 -0.215437 0.211760
v -0.723466 -0.227715 0.212044
v -0.750002 -0.234856 0.212041
v -0.732859 -0.198203 0.219612
v -0.758890 -0.203968 0.218983
v -0.786623 -0.205726 0.216783
v -0.767191 -0.172820 0.223009
v -0.794731 -0.174644 0.219806
v -0.823113 -0.174774 0.213432
v -0.802026 -0.144134 0.221183
v -0.829858 -0.144865 0.213990
v -0.856360 -0.145003 0.202374
v -0.835348 -0.115338 0.213135
v -0.860993 -0.116299 0.200726
v -0.883396 -0.117073 0.183622
v -0.880131 -0.144780 0.186309
v -0.902174 -0.117839 0.162933
v -0.899744 -0.144293 0.165663
v -0.917304 -0.118929 0.139576
v -0.903444 -0.092099 0.158456
v -0.917877 -0.094619 0.135470
v -0.929446 -0.097199 0.110947
v -0.917797 -0.071497 0.129691
v -0.929033 -0.075278 0.106078
v -0.937576 -0.078268 0.081747
v -0.927979 -0.054751 0.099877
v -0.936026 -0.058301 0.077172
v -0.941710 -0.060389 0.053702
v -0.933926 -0.039574 0.071983
v -0.938980 -0.041268 0.050454
v -0.942410 -0.041388 0.028039
v -0.935524 -0.022851 0.048276
v -0.938244 -0.021712 0.027963
v -0.939007 -0.020026 0.006947
v -0.932113 -0.001678 0.032329
v -0.932980 0.001485 0.013089
v -0.923332 0.018251 0.040217
v -0.924336 0.022397 0.021086
v -0.913136 0.036121 0.047938
v -0.921338 0.013530 0.058788
v -0.910725 0.030068 0.067783
v -0.898310 0.044978 0.076336
v -0.907214 0.022272 0.087900
v -0.894236 0.035609 0.099247
v -0.879636 0.048149 0.109396
v -0.889057 0.021942 0.123175
v -0.872663 0.032676 0.135988
v -0.855752 0.042720 0.146434
v -0.869051 0.012134 0.156630
v -0.849624 0.019884 0.170462
v -0.831236 0.028703 0.179273
v -0.846850 -0.005541 0.186670
v -0.824994 0.001708 0.197132
v -0.805243 0.010726 0.203156
v -0.820054 -0.026142 0.208444
v -0.797325 -0.019224 0.214938
v -0.777124 -0.009893 0.218188
v -0.791781 -0.050125 0.221364
v -0.769179 -0.042659 0.224271
v -0.748246 -0.031455 0.225851
v -0.762474 -0.074683 0.227302
v -0.740155 -0.064279 0.228774
v -0.718474 -0.050806 0.229524
v -0.732572 -0.096273 0.229521
v -0.709714 -0.082785 0.230363
v -0.687458 -0.067706 0.230780
v -0.700978 -0.113741 0.229200
v -0.677857 -0.098403 0.229718
v -0.655373 -0.082895 0.229801
v -0.668061 -0.128121 0.226366
v -0.645036 -0.112450 0.226590
v -0.622518 -0.097216 0.226599
v -0.634504 -0.141095 0.220833
v -0.611668 -0.125810 0.221042
v -0.589216 -0.111099 0.221059
v -0.600690 -0.153346 0.212551
v -0.578020 -0.138562 0.212728
v -0.555618 -0.124288 0.212796
v -0.566959 -0.164600 0.201198
v -0.544473 -0.150197 0.201323
v -0.522184 -0.136228 0.201305
v -0.533831 -0.174321 0.186346
v -0.511559 -0.160262 0.186287
v -0.489441 -0.146687 0.186155
v -0.501680 -0.182372 0.168272
v -0.479590 -0.168779 0.168229
v -0.457637 -0.155679 0.168020
v -0.470799 -0.188474 0.147283
v -0.448905 -0.175350 0.147101
v -0.427153 -0.162642 0.146875
v -0.441454 -0.192223 0.123508
v -0.419759 -0.179504 0.123352
v -0.398126 -0.167257 0.123143
v -0.413885 -0.193086 0.097478
v -0.392288 -0.180834 0.097352
v -0.370804 -0.168940 0.097188
v -0.388065 -0.190943 0.069784
v -0.366587 -0.179092 0.069726
v -0.345143 -0.167701 0.069655
v -0.363878 -0.185877 0.041103
v -0.342461 -0.174474 0.041107
v -0.321087 -0.163460 0.041087
v -0.341260 -0.177782 0.011880
v -0.319899 -0.166742 0.011954
v -0.298566 -0.156094 0.012011
v -0.320180 -0.166473 -0.017370
v -0.298812 -0.155875 -0.017220
v -0.277493 -0.145582 -0.017045
v -0.300463 -0.152136 -0.046156
v -0.279085 -0.141853 -0.045889
v -0.257707 -0.131950 -0.045660
v -0.282041 -0.134699 -0.073974
v -0.260566 -0.124813 -0.073658
v -0.239099 -0.115264 -0.073306
v -0.264723 -0.114340 -0.100380
v -0.243092 -0.104838 -0.099978
v -0.221421 -0.095714 -0.099624
v -0.248281 -0.091196 -0.124914
v -0.226431 -0.082040 -0.124456
v -0.204604 -0.073132 -0.123951
v -0.232608 -0.065083 -0.146883
v -0.210500 -0.056259 -0.146389
v -0.188361 -0.047809 -0.145935
v -0.217366 -0.036433 -0.165939
v -0.194893 -0.028015 -0.165454
v -0.172381 -0.019945 -0.164928
v -0.202146 -0.005790 -0.181847
v -0.179287 0.002288 -0.181299
v -0.156377 0.010028 -0.180724
v -0.186685 0.026342 -0.194614
v -0.163427 0.034121 -0.193972
v -0.140117 0.041561 -0.193297
v -0.170857 0.059630 -0.204083
v -0.147161 0.067071 -0.203396
v -0.123369 0.074139 -0.202720
v -0.154451 0.093608 -0.210293
v -0.130258 0.100689 -0.209659
v -0.106006 0.107423 -0.208989
v -0.137215 0.127879 -0.213644
v -0.112520 0.134614 -0.213042
v -0.087738 0.140972 -0.212449
v -0.118931 0.162172 -0.214339
v -0.093712 0.168553 -0.213727
v -0.068400 0.174526 -0.213120
v -0.099478 0.196258 -0.212514
v -0.073730 0.202265 -0.211885
v -0.047877 0.207828 -0.211297
v -0.078844 0.229900 -0.208132
v -0.052532 0.235477 -0.207486
v -0.026058 0.240531 -0.206792
v -0.057011 0.262695 -0.200901
v -0.030043 0.267734 -0.200162
v -0.002896 0.272158 -0.199367
v -0.033892 0.294032 -0.190382
v -0.006199 0.298406 -0.189572
v 0.021690 0.302094 -0.188665
v -0.009344 0.323142 -0.176374
v 0.019080 0.326822 -0.175557
v 0.047727 0.329694 -0.174592
v 0.016670 0.349385 -0.159017
v 0.045851 0.352185 -0.158101
v 0.075265 0.354128 -0.157151
v 0.044192 0.372106 -0.138655
v 0.074126 0.373942 -0.137815
v 0.104263 0.374816 -0.136953
v 0.073182 0.390971 -0.116013
v 0.103806 0.391783 -0.115297
v 0.134613 0.391339 -0.114484
v 0.103531 0.405631 -0.091596
v 0.134760 0.405043 -0.090994
v 0.166037 0.402970 -0.090246
v 0.134966 0.415555 -0.065952
v 0.166582 0.413287 -0.065423
v 0.198095 0.409607 -0.064850
v 0.167028 0.420307 -0.039520
v 0.198728 0.416350 -0.039147
v 0.230120 0.410749 -0.038669
v 0.199048 0.419679 -0.012757
v 0.230515 0.414035 -0.012585
v 0.261538 0.406891 -0.012406
v 0.230478 0.413814 0.013705
v 0.261518 0.406718 0.013521
v 0.292028 0.398274 0.013308
v 0.261043 0.403184 0.039166
v 0.291500 0.394858 0.038566
v 0.321344 0.385292 0.037912
v 0.290440 0.388171 0.063128
v 0.320182 0.378812 0.062062
v 0.349314 0.368382 0.060912
v 0.318563 0.369461 0.085159
v 0.347545 0.359187 0.083517
v 0.375894 0.348031 0.081799
v 0.345177 0.347148 0.104626
v 0.373385 0.336423 0.102490
v 0.400912 0.324789 0.100150
v 0.370269 0.322228 0.121286
v 0.397660 0.311134 0.118620
v 0.424437 0.299336 0.115727
v 0.393826 0.295130 0.134817
v 0.420480 0.283967 0.131525
v 0.446680 0.272420 0.128185
v 0.416027 0.266689 0.144971
v 0.442106 0.255864 0.141308
v 0.467757 0.244564 0.137467
v 0.437108 0.237656 0.152040
v 0.462655 0.227141 0.147895
v 0.487881 0.216244 0.143724
v 0.457173 0.208202 0.155937
v 0.482312 0.198075 0.151688
v 0.507159 0.187588 0.147295
v 0.476511 0.178665 0.157364
v 0.501241 0.168854 0.152880
v 0.525725 0.158687 0.148290
v 0.495108 0.149128 0.156112
v 0.519408 0.139556 0.151409
v 0.543414 0.129634 0.146676
v 0.512959 0.119683 0.152159
v 0.536789 0.110220 0.147436
v 0.560408 0.100508 0.142620
v 0.530182 0.090674 0.145617
v 0.553678 0.081477 0.140881
v 0.577020 0.072107 0.136130
v 0.547353 0.063367 0.136830
v 0.570642 0.054660 0.132168
v 0.593863 0.045804 0.127434
v 0.564893 0.038811 0.126392
v 0.588114 0.030588 0.121932
v 0.611272 0.022320 0.117442
v 0.583021 0.017005 0.114985
v 0.606261 0.009392 0.110797
v 0.629572 0.001852 0.106680
v 0.601837 -0.002026 0.102979
v 0.625181 -0.009214 0.099181
v 0.648502 -0.016540 0.095337
v 0.621206 -0.019098 0.090320
v 0.644558 -0.026029 0.086711
v 0.667913 -0.033207 0.083056
v 0.641050 -0.034288 0.076916
v 0.664420 -0.041065 0.073613
v 0.687721 -0.048108 0.070164
v 0.661328 -0.047748 0.063049
v 0.684674 -0.054420 0.060037
v 0.708050 -0.061319 0.056984
v 0.682123 -0.059560 0.048952
v 0.705539 -0.066174 0.046443
v 0.728976 -0.073033 0.043989
v 0.703521 -0.069890 0.034995
v 0.727004 -0.076510 0.033084
v 0.750599 -0.083317 0.031202
v 0.725605 -0.078747 0.021325
v 0.749265 -0.085372 0.020136
v 0.773092 -0.092084 0.018783
v 0.748504 -0.086397 0.008313
v 0.772354 -0.093108 0.007801
v 0.796409 -0.099652 0.007116
v 0.772239 -0.093006 -0.003925
v 0.796303 -0.099488 -0.003723
v 0.772828 -0.091738 -0.015812
v 0.796871 -0.098318 -0.014686
v 0.774158 -0.089316 -0.027361
v 0.748995 -0.085008 -0.016937
v 0.750371 -0.082397 -0.029266
v 0.725287 -0.078333 -0.018030
v 0.748379 -0.086340 -0.004154
v 0.724640 -0.079718 -0.004437
v 0.701068 -0.073289 -0.004521
v 0.724794 -0.079816 0.008794
v 0.701233 -0.073436 0.009473
v 0.677755 -0.067106 0.010360
v 0.702071 -0.072304 0.022622
v 0.678615 -0.065920 0.024116
v 0.655220 -0.059742 0.025701
v 0.680073 -0.063421 0.036969
v 0.656672 -0.057104 0.039027
v 0.633336 -0.051023 0.041100
v 0.658721 -0.053127 0.051507
v 0.635388 -0.046863 0.054033
v 0.612049 -0.040748 0.056516
v 0.637975 -0.041270 0.065992
v 0.614588 -0.034988 0.068919
v 0.591242 -0.028884 0.071805
v 0.617661 -0.027728 0.080208
v 0.594305 -0.021259 0.083448
v 0.571002 -0.014953 0.086621
v 0.597836 -0.012282 0.093836
v 0.574518 -0.005645 0.097416
v 0.551303 0.000803 0.100881
v 0.578544 0.005001 0.106905
v 0.555311 0.011940 0.110705
v 0.532089 0.018672 0.114533
v 0.559786 0.024546 0.119213
v 0.536565 0.031943 0.123407
v 0.513342 0.039092 0.127625
v 0.541652 0.046843 0.130904
v 0.518336 0.054686 0.135359
v 0.495023 0.062327 0.139822
v 0.523964 0.071934 0.141489
v 0.500528 0.080328 0.146123
v 0.477003 0.088507 0.150657
v 0.506571 0.099701 0.150332
v 0.482826 0.108416 0.154952
v 0.458893 0.116786 0.159431
v 0.488916 0.128809 0.156816
v 0.464666 0.137590 0.161334
v 0.440248 0.146018 0.165681
v 0.470582 0.158357 0.160621
v 0.445842 0.167281 0.164980
v 0.420935 0.175849 0.169232
v 0.451510 0.188116 0.161660
v 0.426330 0.197238 0.165930
v 0.400922 0.206059 0.170007
v 0.431783 0.218001 0.160186
v 0.406109 0.227413 0.164323
v 0.380119 0.236471 0.168173
v 0.411174 0.247723 0.155889
v 0.384943 0.257514 0.159727
v 0.358307 0.266680 0.163277
v 0.389551 0.277111 0.148523
v 0.362658 0.287077 0.151975
v 0.335328 0.296320 0.155306
v 0.366704 0.305747 0.138007
v 0.339019 0.315517 0.140918
v 0.310829 0.324446 0.143626
v 0.342320 0.332535 0.123861
v 0.313806 0.341983 0.126272
v 0.284801 0.350468 0.128566
v 0.316417 0.357040 0.106662
v 0.287064 0.365967 0.108589
v 0.257186 0.373490 0.110222
v 0.288953 0.378528 0.086615
v 0.258809 0.386387 0.087912
v 0.228245 0.393100 0.089129
v 0.260124 0.396339 0.064093
v 0.229315 0.403266 0.064995
v 0.198085 0.408659 0.065746
v 0.230077 0.410240 0.039722
v 0.198684 0.415772 0.040160
v 0.167012 0.419750 0.040528
v 0.199023 0.419497 0.013843
v 0.167259 0.423501 0.013945
v 0.135347 0.425987 0.014023
v 0.167268 0.423683 -0.012896
v 0.135347 0.426258 -0.013018
v 0.103415 0.427186 -0.013114
v 0.135200 0.422758 -0.039833
v 0.103380 0.423584 -0.040099
v 0.071731 0.423082 -0.040347
v 0.103401 0.416361 -0.066408
v 0.072007 0.415659 -0.066784
v 0.040860 0.414046 -0.067233
v 0.072490 0.404908 -0.092150
v 0.041688 0.403232 -0.092747
v 0.011133 0.400566 -0.093260
v 0.042794 0.389170 -0.116686
v 0.012657 0.386487 -0.117346
v -0.017196 0.382884 -0.117918
v 0.014512 0.369349 -0.139420
v -0.014909 0.365765 -0.140108
v -0.044045 0.361386 -0.140721
v -0.012270 0.345760 -0.159786
v -0.040974 0.341432 -0.160525
v -0.069395 0.336398 -0.161127
v -0.037566 0.318814 -0.177189
v -0.065526 0.313794 -0.177856
v -0.093235 0.308221 -0.178494
v -0.061362 0.288996 -0.191103
v -0.088610 0.283438 -0.191793
v -0.115650 0.277446 -0.192530
v -0.083800 0.257125 -0.201571
v -0.110409 0.251110 -0.202268
v -0.136860 0.244726 -0.203026
v -0.105029 0.223875 -0.208768
v -0.131080 0.217473 -0.209444
v -0.156989 0.210707 -0.210096
v -0.125122 0.189849 -0.213137
v -0.150644 0.183091 -0.213741
v -0.176064 0.175962 -0.214377
v -0.144051 0.155413 -0.214945
v -0.169064 0.148287 -0.215511
v -0.193964 0.140801 -0.216140
v -0.161815 0.120777 -0.214238
v -0.186328 0.113296 -0.214838
v -0.210740 0.105475 -0.215494
v -0.178552 0.086157 -0.210903
v -0.202573 0.078331 -0.211633
v -0.226494 0.070155 -0.212307
v -0.194493 0.051830 -0.204742
v -0.218032 0.043668 -0.205431
v -0.241497 0.035130 -0.206241
v -0.209867 0.018196 -0.195318
v -0.232997 0.009718 -0.195992
v -0.256045 0.000854 -0.196681
v -0.224911 -0.014302 -0.182553
v -0.247620 -0.023109 -0.183162
v -0.270264 -0.032301 -0.183740
v -0.239761 -0.045216 -0.166477
v -0.262109 -0.054382 -0.167030
v -0.284398 -0.063939 -0.167680
v -0.254678 -0.074238 -0.147411
v -0.276743 -0.083720 -0.147946
v -0.298749 -0.093622 -0.148491
v -0.270126 -0.100645 -0.125356
v -0.291913 -0.110543 -0.125880
v -0.313708 -0.120782 -0.126385
v -0.286352 -0.124201 -0.100793
v -0.307941 -0.134482 -0.101239
v -0.329544 -0.145123 -0.101683
v -0.303520 -0.144944 -0.074313
v -0.324998 -0.155597 -0.074679
v -0.346504 -0.166637 -0.075047
v -0.321910 -0.162683 -0.046392
v -0.343342 -0.173708 -0.046659
v -0.364819 -0.185136 -0.046921
v -0.341582 -0.177467 -0.017533
v -0.363056 -0.188825 -0.017696
v -0.384577 -0.200654 -0.017863
v -0.362702 -0.189150 0.011792
v -0.384219 -0.200935 0.011715
v -0.405854 -0.213160 0.011625
v -0.385380 -0.197678 0.041084
v -0.406962 -0.209964 0.041081
v -0.428727 -0.222645 0.041067
v -0.409635 -0.203236 0.069857
v -0.431337 -0.215980 0.069925
v -0.453296 -0.229060 0.069953
v -0.435572 -0.205820 0.097586
v -0.457476 -0.218930 0.097673
v -0.479603 -0.232530 0.097779
v -0.463323 -0.205354 0.123653
v -0.485410 -0.218968 0.123751
v -0.507836 -0.233019 0.123772
v -0.492857 -0.202101 0.147360
v -0.515198 -0.216208 0.147391
v -0.537920 -0.230820 0.147344
v -0.523969 -0.196472 0.168311
v -0.546588 -0.211074 0.168254
v -0.569661 -0.226122 0.168034
v -0.556378 -0.188860 0.186273
v -0.579314 -0.203834 0.186006
v -0.602716 -0.219389 0.185883
v -0.589770 -0.179488 0.200944
v -0.613021 -0.194887 0.200653
v -0.636894 -0.210813 0.200524
v -0.623751 -0.168671 0.212269
v -0.647429 -0.184467 0.211962
v -0.671910 -0.200409 0.211719
v -0.657897 -0.156847 0.220512
v -0.682076 -0.172604 0.220117
v -0.707128 -0.187133 0.219806
v -0.691784 -0.143673 0.225838
v -0.716292 -0.157760 0.225286
v -0.741317 -0.167746 0.224426
v -0.724775 -0.127390 0.228424
v -0.749023 -0.137008 0.227175
v -0.774667 -0.142024 0.225119
v -0.756021 -0.105982 0.228041
v -0.781194 -0.111419 0.225597
v -0.808148 -0.113990 0.221080
v -0.786748 -0.080931 0.224429
v -0.813005 -0.084120 0.219512
v -0.839562 -0.086307 0.210736
v -0.816735 -0.054680 0.215625
v -0.842372 -0.057997 0.205699
v -0.866166 -0.060812 0.190983
v -0.864094 -0.088133 0.196931
v -0.886747 -0.063939 0.172798
v -0.885527 -0.089875 0.179214
v -0.903836 -0.067545 0.152121
v -0.887100 -0.039545 0.164125
v -0.903675 -0.044538 0.144010
v -0.917324 -0.049890 0.122397
v -0.903143 -0.023254 0.134273
v -0.916368 -0.030227 0.113715
v -0.926588 -0.036025 0.092496
v -0.902413 -0.004279 0.122955
v -0.886744 0.004632 0.140544
v -0.903536 0.010717 0.108526
v -0.887052 -0.016648 0.153388
v -0.868293 -0.011029 0.171190
v -0.867417 -0.035135 0.182419
v -0.844545 -0.030900 0.197930
v -0.929892 -0.004953 0.051159
v 0.936215 -0.089959 0.031435
v 0.936241 -0.084864 0.034535
v 0.949715 -0.070286 0.008552
vn 0.4368 -0.3399 0.8329
vn 0.5636 -0.3174 0.7627
vn 0.5139 -0.2184 0.8296
vn 0.9751 0.1959 0.1045
vn 0.9793 0.2007 0.0257
vn 0.9938 0.1015 0.0447
vn 0.6313 -0.0777 -0.7716
vn 0.6537 -0.1448 -0.7427
vn 0.5828 -0.1571 -0.7973
vn 0.1391 -0.9855 -0.0973
vn 0.0612 -0.9908 -0.1210
vn 0.0487 -0.9981 -0.0368
vn -0.8605 0.4599 -0.2190
vn -0.8910 0.4204 -0.1715
vn -0.8530 0.4995 -0.1516
vn -0.8954 0.3364 0.2916
vn -0.8899 0.2879 0.3538
vn -0.9262 0.2635 0.2696
vn -0.9021 -0.3719 0.2191
vn -0.8655 -0.4013 0.2999
vn -0.8700 -0.4272 0.2463
vn -0.8377 -0.4620 -0.2913
vn -0.8827 -0.4251 -0.2002
vn -0.8305 -0.5163 -0.2091
vn -0.6603 -0.7329 -0.1639
vn -0.8356 -0.5332 -0.1321
vn -0.6824 -0.6748 -0.2812
vn -0.3667 -0.8657 -0.3407
vn -0.7143 -0.5947 -0.3691
vn -0.4412 -0.7753 -0.4519
vn -0.1204 -0.8710 -0.4762
vn -0.5264 -0.6629 -0.5324
vn -0.2354 -0.7696 -0.5935
vn -0.0091 -0.7988 -0.6015
vn -0.3569 -0.6508 -0.6701
vn -0.1344 -0.7005 -0.7009
vn 0.0539 -0.6966 -0.7154
vn -0.2557 -0.5894 -0.7663
vn -0.0513 -0.5984 -0.7995
vn 0.1055 -0.5668 -0.8170
vn -0.1500 -0.4847 -0.8617
vn 0.0160 -0.4601 -0.8877
vn 0.1258 -0.4248 -0.8965
vn -0.0637 -0.3553 -0.9326
vn 0.0391 -0.3283 -0.9438
vn 0.1090 -0.3065 -0.9456
vn -0.0403 -0.2460 -0.9684
vn 0.0340 -0.2290 -0.9728
vn 0.0906 -0.2207 -0.9711
vn -0.0274 -0.1627 -0.9863
vn 0.0446 -0.1636 -0.9855
vn 0.0810 -0.1658 -0.9828
vn 0.0085 -0.1084 -0.9941
vn 0.0378 -0.1085 -0.9934
vn 0.0515 -0.1035 -0.9933
vn -0.0004 -0.0514 -0.9987
vn 0.0124 -0.0424 -0.9990
vn 0.0238 -0.0307 -0.9992
vn -0.0192 0.0168 -0.9997
vn -0.0114 0.0305 -0.9995
vn -0.0043 0.0420 -0.9991
vn -0.0429 0.0941 -0.9946
vn -0.0382 0.1073 -0.9935
vn -0.0332 0.1164 -0.9927
vn -0.0790 0.1916 -0.9783
vn -0.0789 0.2048 -0.9756
vn -0.0732 0.2187 -0.9730
vn -0.1452 0.3399 -0.9292
vn -0.1392 0.3534 -0.9250
vn -0.1373 0.3622 -0.9219
vn -0.2155 0.4995 -0.8391
vn -0.2092 0.5074 -0.8359
vn -0.2017 0.5157 -0.8327
vn -0.2734 0.6309 -0.7261
vn -0.2629 0.6362 -0.7254
vn -0.2518 0.6422 -0.7240
vn -0.3135 0.7321 -0.6048
vn -0.3006 0.7378 -0.6044
vn -0.2900 0.7421 -0.6043
vn -0.3376 0.8066 -0.4851
vn -0.3269 0.8102 -0.4866
vn -0.3165 0.8133 -0.4882
vn -0.3548 0.8590 -0.3692
vn -0.3434 0.8630 -0.3705
vn -0.3313 0.8672 -0.3716
vn -0.3639 0.8973 -0.2500
vn -0.3505 0.9018 -0.2527
vn -0.3423 0.9047 -0.2537
vn -0.3628 0.9231 -0.1277
vn -0.3531 0.9268 -0.1282
vn -0.3427 0.9306 -0.1288
vn -0.3566 0.9342 -0.0002
vn -0.3464 0.9381 0.0005
vn -0.3356 0.9420 0.0010
vn -0.3426 0.9304 0.1303
vn -0.3316 0.9343 0.1311
vn -0.3201 0.9381 0.1327
vn -0.3202 0.9115 0.2582
vn -0.3091 0.9149 0.2597
vn -0.2999 0.9178 0.2603
vn -0.2932 0.8777 0.3790
vn -0.2850 0.8801 0.3797
vn -0.2760 0.8824 0.3810
vn -0.2628 0.8275 0.4961
vn -0.2543 0.8291 0.4979
vn -0.2427 0.8322 0.4985
vn -0.2275 0.7594 0.6096
vn -0.2170 0.7621 0.6100
vn -0.2110 0.7630 0.6110
vn -0.1852 0.6752 0.7140
vn -0.1790 0.6756 0.7152
vn -0.1729 0.6768 0.7156
vn -0.1427 0.5704 0.8089
vn -0.1395 0.5716 0.8086
vn -0.1386 0.5730 0.8077
vn -0.1006 0.4473 0.8887
vn -0.1004 0.4471 0.8888
vn -0.0951 0.4489 0.8885
vn -0.0600 0.3130 0.9479
vn -0.0608 0.3167 0.9466
vn -0.0579 0.3209 0.9453
vn -0.0317 0.2066 0.9779
vn -0.0292 0.2086 0.9776
vn -0.0298 0.2120 0.9768
vn -0.0078 0.1216 0.9926
vn -0.0092 0.1230 0.9924
vn -0.0071 0.1250 0.9921
vn 0.0126 0.0407 0.9991
vn 0.0130 0.0404 0.9991
vn 0.0127 0.0397 0.9991
vn 0.0355 -0.0449 0.9984
vn 0.0357 -0.0474 0.9982
vn 0.0373 -0.0505 0.9980
vn 0.0623 -0.1430 0.9878
vn 0.0623 -0.1469 0.9872
vn 0.0619 -0.1498 0.9868
vn 0.0863 -0.2452 0.9656
vn 0.0825 -0.2470 0.9655
vn 0.0814 -0.2492 0.9650
vn 0.1049 -0.3527 0.9298
vn 0.1015 -0.3541 0.9297
vn 0.1012 -0.3556 0.9291
vn 0.1228 -0.4650 0.8768
vn 0.1212 -0.4676 0.8756
vn 0.1146 -0.4706 0.8749
vn 0.1408 -0.5777 0.8040
vn 0.1330 -0.5821 0.8021
vn 0.1300 -0.5865 0.7994
vn 0.1523 -0.6878 0.7097
vn 0.1453 -0.6919 0.7072
vn 0.1338 -0.6963 0.7052
vn 0.1571 -0.7837 0.6010
vn 0.1433 -0.7868 0.6004
vn 0.1246 -0.7902 0.6000
vn 0.1484 -0.8599 0.4883
vn 0.1292 -0.8627 0.4889
vn 0.1110 -0.8663 0.4870
vn 0.1335 -0.9197 0.3692
vn 0.1159 -0.9227 0.3676
vn 0.0958 -0.9255 0.3665
vn 0.1170 -0.9604 0.2529
vn 0.0966 -0.9625 0.2535
vn 0.0755 -0.9646 0.2527
vn 0.0983 -0.9869 0.1281
vn 0.0764 -0.9890 0.1269
vn 0.0533 -0.9905 0.1268
vn 0.0768 -0.9970 -0.0021
vn 0.0520 -0.9986 -0.0011
vn 0.0358 -0.9994 -0.0004
vn 0.0521 -0.9898 -0.1328
vn 0.0352 -0.9907 -0.1311
vn 0.0176 -0.9917 -0.1272
vn 0.0348 -0.9665 -0.2542
vn 0.0156 -0.9678 -0.2512
vn -0.0039 -0.9689 -0.2473
vn 0.0170 -0.9293 -0.3690
vn -0.0011 -0.9301 -0.3672
vn -0.0157 -0.9309 -0.3649
vn 0.0052 -0.8760 -0.4823
vn -0.0091 -0.8770 -0.4804
vn -0.0255 -0.8779 -0.4782
vn 0.0012 -0.8069 -0.5907
vn -0.0139 -0.8083 -0.5886
vn -0.0275 -0.8096 -0.5864
vn 0.0021 -0.7220 -0.6919
vn -0.0097 -0.7240 -0.6897
vn -0.0186 -0.7267 -0.6867
vn 0.0113 -0.6248 -0.7807
vn 0.0043 -0.6283 -0.7780
vn -0.0037 -0.6325 -0.7745
vn 0.0298 -0.5224 -0.8522
vn 0.0208 -0.5280 -0.8490
vn 0.0126 -0.5340 -0.8454
vn 0.0466 -0.4252 -0.9039
vn 0.0410 -0.4304 -0.9017
vn 0.0353 -0.4351 -0.8997
vn 0.0717 -0.3270 -0.9423
vn 0.0691 -0.3304 -0.9413
vn 0.0658 -0.3339 -0.9403
vn 0.1036 -0.2234 -0.9692
vn 0.1025 -0.2281 -0.9682
vn 0.1009 -0.2303 -0.9679
vn 0.1416 -0.1158 -0.9831
vn 0.1426 -0.1202 -0.9825
vn 0.1438 -0.1240 -0.9818
vn 0.1853 -0.0074 -0.9827
vn 0.1881 -0.0099 -0.9821
vn 0.1878 -0.0164 -0.9821
vn 0.2291 0.0978 -0.9685
vn 0.2294 0.0932 -0.9689
vn 0.2346 0.0902 -0.9679
vn 0.2751 0.2021 -0.9399
vn 0.2792 0.1961 -0.9400
vn 0.2830 0.1915 -0.9398
vn 0.3258 0.3064 -0.8944
vn 0.3338 0.3017 -0.8931
vn 0.3405 0.2928 -0.8935
vn 0.3796 0.4039 -0.8323
vn 0.3880 0.3998 -0.8304
vn 0.3984 0.3917 -0.8294
vn 0.4337 0.4935 -0.7539
vn 0.4388 0.4885 -0.7542
vn 0.4475 0.4794 -0.7549
vn 0.4735 0.5738 -0.6682
vn 0.4892 0.5638 -0.6655
vn 0.5009 0.5557 -0.6636
vn 0.5223 0.6374 -0.5665
vn 0.5324 0.6283 -0.5672
vn 0.5364 0.6218 -0.5706
vn 0.5556 0.6857 -0.4703
vn 0.5629 0.6794 -0.4707
vn 0.5730 0.6716 -0.4697
vn 0.5872 0.7274 -0.3550
vn 0.5955 0.7198 -0.3567
vn 0.6091 0.7065 -0.3603
vn 0.6119 0.7530 -0.2420
vn 0.6258 0.7416 -0.2417
vn 0.6459 0.7244 -0.2410
vn 0.6353 0.7634 -0.1169
vn 0.6570 0.7444 -0.1190
vn 0.6837 0.7203 -0.1174
vn 0.6595 0.7514 0.0179
vn 0.6865 0.7270 0.0164
vn 0.7054 0.7087 0.0152
vn 0.6804 0.7194 0.1401
vn 0.6995 0.7001 0.1434
vn 0.7338 0.6620 0.1529
vn 0.6847 0.6761 0.2722
vn 0.7202 0.6364 0.2762
vn 0.7658 0.5783 0.2813
vn 0.6980 0.6044 0.3841
vn 0.7451 0.5476 0.3808
vn 0.8034 0.4700 0.3656
vn 0.7150 0.5111 0.4770
vn 0.7769 0.4387 0.4516
vn 0.8271 0.3749 0.4188
vn 0.7511 0.4136 0.5146
vn 0.8113 0.3433 0.4732
vn 0.8557 0.2666 0.4435
vn 0.7875 0.3049 0.5356
vn 0.8446 0.2316 0.4828
vn 0.8891 0.1045 0.4457
vn 0.7898 0.1387 0.5975
vn 0.8699 0.0606 0.4894
vn 0.8944 -0.1203 0.4308
vn 0.7965 -0.0649 0.6012
vn 0.8478 -0.2042 0.4894
vn 0.7664 -0.2580 0.5883
vn 0.7808 -0.3930 0.4858
vn 0.8675 -0.3003 0.3966
vn 0.8747 -0.2780 0.3970
vn 0.8431 -0.4057 0.3530
vn 0.8858 -0.3604 0.2923
vn 0.9249 -0.2932 0.2422
vn 0.8752 -0.4236 0.2339
vn 0.9043 -0.3766 0.2011
vn 0.9543 -0.2798 0.1053
vn 0.8871 -0.4512 0.0975
vn 0.9309 -0.3644 0.0241
vn 0.9576 -0.2869 -0.0274
vn 0.9002 -0.4338 -0.0388
vn 0.9359 -0.3438 -0.0766
vn 0.9588 -0.2620 -0.1094
vn 0.9019 -0.4074 -0.1435
vn 0.9292 -0.3188 -0.1870
vn 0.9431 -0.2136 -0.2550
vn 0.8865 -0.3665 -0.2826
vn 0.9024 -0.2511 -0.3503
vn 0.9189 -0.1515 -0.3642
vn 0.8658 -0.2959 -0.4036
vn 0.8877 -0.2140 -0.4076
vn 0.8687 -0.0638 -0.4913
vn 0.7904 -0.2637 -0.5530
vn 0.8032 -0.1274 -0.5819
vn 0.7156 -0.1840 -0.6738
vn 0.7072 -0.0804 -0.7025
vn 0.7874 -0.0005 -0.6165
vn 0.7286 0.0560 -0.6826
vn 0.7899 0.1414 -0.5967
vn 0.8246 0.0495 -0.5635
vn 0.8400 0.2134 -0.4989
vn 0.8726 0.1393 -0.4682
vn 0.9169 -0.0241 -0.3983
vn 0.9104 0.2041 -0.3598
vn 0.9453 0.0561 -0.3214
vn 0.9435 -0.0885 -0.3194
vn 0.9591 0.1301 -0.2515
vn 0.9806 -0.0134 -0.1958
vn 0.9922 0.0328 -0.1204
vn 0.9915 -0.0822 -0.1008
vn 0.9769 -0.1530 -0.1492
vn 0.9992 -0.0220 -0.0336
vn 0.9916 -0.1265 0.0273
vn 0.9749 -0.2140 -0.0616
vn 0.9944 -0.0577 0.0885
vn 0.9886 -0.1151 0.0971
vn 0.9774 -0.2022 0.0618
vn 0.9876 0.0150 0.1562
vn 0.9575 -0.1174 0.2636
vn 0.9564 -0.2210 0.1910
vn 0.9445 0.0410 0.3260
vn 0.9227 -0.0166 0.3852
vn 0.9451 -0.1730 0.2772
vn 0.9665 0.1113 0.2312
vn 0.9260 0.2168 0.3092
vn 0.9070 0.1643 0.3878
vn 0.9369 0.2462 0.2483
vn 0.8978 0.3303 0.2913
vn 0.8794 0.3047 0.3659
vn 0.9060 0.3454 0.2445
vn 0.8680 0.4225 0.2608
vn 0.8519 0.4056 0.3314
vn 0.8850 0.4402 0.1517
vn 0.8446 0.5133 0.1521
vn 0.8257 0.4910 0.2778
vn 0.8535 0.5206 0.0234
vn 0.7929 0.6088 0.0254
vn 0.7845 0.6003 0.1553
vn 0.7899 0.6024 -0.1147
vn 0.7338 0.6703 -0.1105
vn 0.7382 0.6743 0.0189
vn 0.7211 0.6511 -0.2368
vn 0.6897 0.6847 -0.2356
vn 0.7018 0.7032 -0.1135
vn 0.6698 0.6511 -0.3571
vn 0.6524 0.6688 -0.3566
vn 0.6721 0.7016 -0.2366
vn 0.6246 0.6242 -0.4693
vn 0.6024 0.6449 -0.4704
vn 0.6266 0.6912 -0.3599
vn 0.5733 0.5872 -0.5715
vn 0.5553 0.6033 -0.5724
vn 0.5859 0.6608 -0.4692
vn 0.5207 0.5345 -0.6657
vn 0.5111 0.5450 -0.6646
vn 0.5442 0.6125 -0.5733
vn 0.4692 0.4603 -0.7537
vn 0.4665 0.4676 -0.7508
vn 0.5045 0.5508 -0.6649
vn 0.4231 0.3775 -0.8237
vn 0.4108 0.3779 -0.8297
vn 0.4619 0.4734 -0.7500
vn 0.3576 0.2768 -0.8919
vn 0.3565 0.2829 -0.8904
vn 0.4019 0.3827 -0.8319
vn 0.3035 0.1742 -0.9368
vn 0.2959 0.1818 -0.9378
vn 0.3478 0.2874 -0.8924
vn 0.2443 0.0721 -0.9670
vn 0.2454 0.0776 -0.9663
vn 0.2937 0.1866 -0.9375
vn 0.1960 -0.0287 -0.9802
vn 0.1865 -0.0247 -0.9821
vn 0.2358 0.0884 -0.9678
vn 0.1424 -0.1312 -0.9811
vn 0.1411 -0.1247 -0.9821
vn 0.1849 -0.0215 -0.9825
vn 0.0939 -0.2381 -0.9667
vn 0.1006 -0.2355 -0.9667
vn 0.1448 -0.1253 -0.9815
vn 0.0587 -0.3457 -0.9365
vn 0.0606 -0.3413 -0.9380
vn 0.1017 -0.2318 -0.9674
vn 0.0233 -0.4459 -0.8948
vn 0.0241 -0.4421 -0.8966
vn 0.0614 -0.3365 -0.9397
vn -0.0111 -0.5466 -0.8373
vn -0.0034 -0.5434 -0.8395
vn 0.0306 -0.4389 -0.8980
vn -0.0346 -0.6436 -0.7646
vn -0.0246 -0.6398 -0.7681
vn 0.0039 -0.5391 -0.8422
vn -0.0524 -0.7321 -0.6792
vn -0.0410 -0.7308 -0.6813
vn -0.0156 -0.6363 -0.7713
vn -0.0621 -0.8101 -0.5830
vn -0.0496 -0.8102 -0.5841
vn -0.0278 -0.7289 -0.6840
vn -0.0683 -0.8781 -0.4736
vn -0.0556 -0.8789 -0.4737
vn -0.0384 -0.8102 -0.5849
vn -0.0680 -0.9318 -0.3565
vn -0.0495 -0.9322 -0.3585
vn -0.0407 -0.8788 -0.4754
vn -0.0552 -0.9689 -0.2411
vn -0.0372 -0.9694 -0.2427
vn -0.0327 -0.9317 -0.3617
vn -0.0416 -0.9916 -0.1221
vn -0.0231 -0.9923 -0.1220
vn -0.0200 -0.9694 -0.2445
vn -0.0253 -0.9997 -0.0009
vn -0.0042 -1.0000 -0.0011
vn -0.0043 -0.9923 -0.1236
vn -0.0045 -0.9923 0.1234
vn 0.0160 -0.9920 0.1255
vn 0.0181 -0.9998 -0.0009
vn 0.0152 -0.9687 0.2478
vn 0.0353 -0.9676 0.2499
vn 0.0357 -0.9913 0.1271
vn 0.0356 -0.9302 0.3654
vn 0.0551 -0.9288 0.3664
vn 0.0540 -0.9663 0.2517
vn 0.0593 -0.8735 0.4832
vn 0.0780 -0.8725 0.4823
vn 0.0760 -0.9273 0.3664
vn 0.0785 -0.7993 0.5958
vn 0.0910 -0.7961 0.5983
vn 0.0937 -0.8701 0.4839
vn 0.0902 -0.7051 0.7034
vn 0.1040 -0.7027 0.7038
vn 0.1066 -0.7932 0.5995
vn 0.1011 -0.5976 0.7954
vn 0.1130 -0.5946 0.7960
vn 0.1193 -0.7001 0.7040
vn 0.1044 -0.4806 0.8707
vn 0.1088 -0.4766 0.8723
vn 0.1215 -0.5911 0.7974
vn 0.0948 -0.3666 0.9255
vn 0.0983 -0.3615 0.9272
vn 0.1137 -0.4730 0.8737
vn 0.0821 -0.2608 0.9619
vn 0.0812 -0.2563 0.9632
vn 0.0975 -0.3588 0.9283
vn 0.0642 -0.1577 0.9854
vn 0.0621 -0.1540 0.9861
vn 0.0814 -0.2526 0.9641
vn 0.0454 -0.0564 0.9974
vn 0.0422 -0.0551 0.9976
vn 0.0618 -0.1515 0.9865
vn 0.0230 0.0396 0.9990
vn 0.0216 0.0402 0.9990
vn 0.0408 -0.0527 0.9978
vn 0.0039 0.1319 0.9912
vn -0.0030 0.1299 0.9915
vn 0.0157 0.0394 0.9991
vn -0.0208 0.2254 0.9740
vn -0.0249 0.2208 0.9750
vn -0.0070 0.1271 0.9919
vn -0.0465 0.3328 0.9419
vn -0.0507 0.3287 0.9431
vn -0.0268 0.2164 0.9759
vn -0.0800 0.4529 0.8880
vn -0.0868 0.4520 0.8878
vn -0.0549 0.3242 0.9444
vn -0.1207 0.5766 0.8080
vn -0.1285 0.5759 0.8074
vn -0.0928 0.4505 0.8879
vn -0.1580 0.6795 0.7165
vn -0.1625 0.6788 0.7161
vn -0.1310 0.5759 0.8070
vn -0.1899 0.7659 0.6143
vn -0.1974 0.7647 0.6134
vn -0.1697 0.6777 0.7155
vn -0.2207 0.8348 0.5043
vn -0.2275 0.8344 0.5021
vn -0.2018 0.7643 0.6124
vn -0.2479 0.8879 0.3875
vn -0.2559 0.8859 0.3870
vn -0.2372 0.8330 0.4998
vn -0.2708 0.9255 0.2647
vn -0.2821 0.9227 0.2627
vn -0.2648 0.8842 0.3848
vn -0.2907 0.9474 0.1340
vn -0.3005 0.9441 0.1354
vn -0.2921 0.9200 0.2615
vn -0.3021 0.9533 0.0004
vn -0.3138 0.9495 0.0016
vn -0.3104 0.9409 0.1352
vn -0.3094 0.9417 -0.1321
vn -0.3209 0.9380 -0.1310
vn -0.3250 0.9457 0.0019
vn -0.3094 0.9153 -0.2578
vn -0.3200 0.9121 -0.2562
vn -0.3318 0.9344 -0.1294
vn -0.3013 0.8757 -0.3773
vn -0.3131 0.8723 -0.3756
vn -0.3313 0.9086 -0.2543
vn -0.2886 0.8221 -0.4908
vn -0.2981 0.8195 -0.4894
vn -0.3239 0.8692 -0.3736
vn -0.2651 0.7507 -0.6051
vn -0.2727 0.7487 -0.6043
vn -0.3062 0.8169 -0.4888
vn -0.2300 0.6564 -0.7185
vn -0.2384 0.6512 -0.7205
vn -0.2823 0.7453 -0.6041
vn -0.1877 0.5384 -0.8215
vn -0.1922 0.5313 -0.8251
vn -0.2434 0.6472 -0.7224
vn -0.1317 0.3898 -0.9114
vn -0.1313 0.3831 -0.9143
vn -0.1956 0.5231 -0.8295
vn -0.0714 0.2484 -0.9660
vn -0.0741 0.2392 -0.9681
vn -0.1351 0.3726 -0.9181
vn -0.0271 0.1404 -0.9897
vn -0.0302 0.1328 -0.9907
vn -0.0747 0.2300 -0.9703
vn 0.0008 0.0664 -0.9978
vn 0.0002 0.0598 -0.9982
vn -0.0302 0.1246 -0.9917
vn 0.0309 -0.0016 -0.9995
vn 0.0309 -0.0097 -0.9995
vn 0.0004 0.0524 -0.9986
vn 0.0639 -0.0757 -0.9951
vn 0.0632 -0.0843 -0.9944
vn 0.0282 -0.0203 -0.9994
vn 0.1017 -0.1527 -0.9830
vn 0.1007 -0.1602 -0.9819
vn 0.0607 -0.0937 -0.9937
vn 0.1433 -0.2282 -0.9630
vn 0.1388 -0.2295 -0.9634
vn 0.0951 -0.1658 -0.9816
vn 0.1896 -0.2995 -0.9351
vn 0.1848 -0.2931 -0.9380
vn 0.1288 -0.2230 -0.9663
vn 0.2472 -0.3774 -0.8925
vn 0.2307 -0.3865 -0.8930
vn 0.1592 -0.2943 -0.9423
vn 0.2953 -0.4835 -0.8240
vn 0.2777 -0.4927 -0.8247
vn 0.1980 -0.4007 -0.8946
vn 0.3431 -0.5852 -0.7348
vn 0.2927 -0.6154 -0.7319
vn 0.2135 -0.5247 -0.8241
vn 0.3588 -0.6923 -0.6261
vn 0.2722 -0.7340 -0.6222
vn 0.1931 -0.6599 -0.7261
vn 0.3390 -0.7970 -0.4999
vn 0.2264 -0.8442 -0.4858
vn 0.1480 -0.7789 -0.6094
vn 0.2877 -0.8877 -0.3594
vn 0.1578 -0.9229 -0.3512
vn 0.0927 -0.8743 -0.4765
vn 0.2006 -0.9546 -0.2201
vn 0.0078 -0.9767 -0.2144
vn -0.0399 -0.9358 -0.3501
vn 0.0257 -0.9975 -0.0659
vn -0.2861 -0.9568 -0.0523
vn -0.3159 -0.9269 -0.2026
vn -0.2786 -0.9554 0.0980
vn -0.6443 -0.7599 0.0863
vn -0.6482 -0.7603 -0.0427
vn -0.8330 -0.5489 0.0695
vn -0.8364 -0.5470 -0.0346
vn -0.8954 -0.4415 0.0578
vn -0.8972 -0.4406 -0.0321
vn -0.8928 -0.4353 -0.1155
vn -0.9275 -0.3723 -0.0332
vn -0.9221 -0.3670 -0.1227
vn -0.9023 -0.3692 -0.2226
vn -0.9377 -0.3196 -0.1360
vn -0.9120 -0.3356 -0.2359
vn -0.8640 -0.3771 -0.3335
vn -0.9209 -0.3030 -0.2453
vn -0.8770 -0.3307 -0.3485
vn -0.8001 -0.3791 -0.4649
vn -0.8874 -0.2924 -0.3565
vn -0.8208 -0.3258 -0.4692
vn -0.7066 -0.3766 -0.5991
vn -0.8375 -0.2766 -0.4713
vn -0.7409 -0.3071 -0.5973
vn -0.5998 -0.3443 -0.7223
vn -0.7652 -0.2529 -0.5920
vn -0.6398 -0.2655 -0.7212
vn -0.4826 -0.2741 -0.8319
vn -0.6666 -0.2129 -0.7144
vn -0.5224 -0.2090 -0.8267
vn -0.3672 -0.1969 -0.9090
vn -0.5487 -0.1501 -0.8224
vn -0.4023 -0.1378 -0.9051
vn -0.2624 -0.1201 -0.9574
vn -0.4100 -0.0787 -0.9087
vn -0.2751 -0.0681 -0.9590
vn -0.1564 -0.0647 -0.9856
vn -0.2902 -0.0139 -0.9569
vn -0.1656 -0.0146 -0.9861
vn -0.0935 -0.0116 -0.9955
vn -0.1895 0.0493 -0.9806
vn -0.1152 0.0465 -0.9923
vn -0.0836 0.0512 -0.9952
vn -0.1568 0.1193 -0.9804
vn -0.1288 0.1260 -0.9836
vn -0.1060 0.1418 -0.9842
vn -0.2131 0.2489 -0.9448
vn -0.1843 0.2690 -0.9453
vn -0.1678 0.2902 -0.9421
vn -0.2851 0.4340 -0.8546
vn -0.2605 0.4537 -0.8522
vn -0.2438 0.4691 -0.8488
vn -0.3438 0.5902 -0.7304
vn -0.3217 0.6012 -0.7315
vn -0.3041 0.6106 -0.7313
vn -0.3808 0.7015 -0.6024
vn -0.3652 0.7097 -0.6025
vn -0.3484 0.7172 -0.6036
vn -0.4053 0.7742 -0.4862
vn -0.3879 0.7826 -0.4869
vn -0.3756 0.7896 -0.4853
vn -0.4186 0.8316 -0.3650
vn -0.4012 0.8396 -0.3663
vn -0.3921 0.8440 -0.3659
vn -0.4217 0.8731 -0.2448
vn -0.4115 0.8775 -0.2462
vn -0.3986 0.8831 -0.2475
vn -0.4237 0.8970 -0.1260
vn -0.4101 0.9034 -0.1255
vn -0.3980 0.9086 -0.1267
vn -0.4140 0.9103 -0.0026
vn -0.4024 0.9155 -0.0017
vn -0.3918 0.9201 -0.0008
vn -0.3976 0.9094 0.1222
vn -0.3871 0.9136 0.1240
vn -0.3747 0.9185 0.1262
vn -0.3743 0.8939 0.2467
vn -0.3635 0.8980 0.2478
vn -0.3522 0.9023 0.2487
vn -0.3451 0.8633 0.3682
vn -0.3327 0.8672 0.3705
vn -0.3195 0.8711 0.3730
vn -0.3061 0.8165 0.4894
vn -0.2953 0.8203 0.4898
vn -0.2866 0.8225 0.4913
vn -0.2643 0.7505 0.6057
vn -0.2553 0.7540 0.6053
vn -0.2484 0.7558 0.6058
vn -0.2185 0.6666 0.7127
vn -0.2109 0.6690 0.7127
vn -0.2047 0.6707 0.7129
vn -0.1674 0.5587 0.8123
vn -0.1641 0.5628 0.8101
vn -0.1578 0.5655 0.8095
vn -0.1147 0.4283 0.8963
vn -0.1100 0.4336 0.8944
vn -0.1119 0.4387 0.8917
vn -0.0633 0.2934 0.9539
vn -0.0652 0.2963 0.9529
vn -0.0605 0.3013 0.9516
vn -0.0289 0.1876 0.9818
vn -0.0281 0.1919 0.9810
vn -0.0289 0.1952 0.9803
vn -0.0027 0.1068 0.9943
vn -0.0042 0.1101 0.9939
vn -0.0049 0.1136 0.9935
vn 0.0184 0.0342 0.9992
vn 0.0174 0.0358 0.9992
vn 0.0147 0.0376 0.9992
vn 0.0413 -0.0405 0.9983
vn 0.0391 -0.0421 0.9983
vn 0.0380 -0.0433 0.9983
vn 0.0693 -0.1295 0.9892
vn 0.0670 -0.1331 0.9888
vn 0.0633 -0.1353 0.9888
vn 0.0998 -0.2314 0.9677
vn 0.0945 -0.2360 0.9672
vn 0.0940 -0.2398 0.9663
vn 0.1287 -0.3433 0.9304
vn 0.1237 -0.3445 0.9306
vn 0.1177 -0.3462 0.9308
vn 0.1531 -0.4516 0.8790
vn 0.1466 -0.4544 0.8787
vn 0.1394 -0.4570 0.8785
vn 0.1740 -0.5614 0.8090
vn 0.1669 -0.5640 0.8088
vn 0.1601 -0.5673 0.8078
vn 0.1924 -0.6677 0.7191
vn 0.1856 -0.6704 0.7184
vn 0.1764 -0.6753 0.7162
vn 0.2095 -0.7676 0.6057
vn 0.1984 -0.7710 0.6052
vn 0.1885 -0.7740 0.6045
vn 0.2140 -0.8472 0.4863
vn 0.2022 -0.8498 0.4868
vn 0.1902 -0.8525 0.4868
vn 0.2126 -0.9051 0.3682
vn 0.1991 -0.9085 0.3675
vn 0.1847 -0.9115 0.3676
vn 0.2055 -0.9466 0.2485
vn 0.1894 -0.9500 0.2482
vn 0.1714 -0.9532 0.2489
vn 0.1924 -0.9731 0.1263
vn 0.1723 -0.9768 0.1270
vn 0.1547 -0.9796 0.1282
vn 0.1738 -0.9848 -0.0007
vn 0.1549 -0.9879 -0.0017
vn 0.1354 -0.9908 -0.0015
vn 0.1559 -0.9784 -0.1357
vn 0.1350 -0.9814 -0.1367
vn 0.1186 -0.9836 -0.1358
vn 0.1339 -0.9556 -0.2624
vn 0.1164 -0.9582 -0.2615
vn 0.0986 -0.9608 -0.2590
vn 0.1139 -0.9199 -0.3752
vn 0.0955 -0.9228 -0.3733
vn 0.0773 -0.9250 -0.3721
vn 0.0931 -0.8669 -0.4898
vn 0.0781 -0.8697 -0.4873
vn 0.0588 -0.8721 -0.4857
vn 0.0774 -0.7970 -0.5990
vn 0.0643 -0.7991 -0.5977
vn 0.0460 -0.8004 -0.5977
vn 0.0669 -0.7079 -0.7031
vn 0.0523 -0.7135 -0.6987
vn 0.0388 -0.7163 -0.6967
vn 0.0599 -0.6058 -0.7933
vn 0.0499 -0.6102 -0.7907
vn 0.0421 -0.6143 -0.7879
vn 0.0620 -0.4991 -0.8643
vn 0.0562 -0.5035 -0.8621
vn 0.0495 -0.5086 -0.8596
vn 0.0706 -0.3943 -0.9163
vn 0.0663 -0.3999 -0.9141
vn 0.0605 -0.4064 -0.9117
vn 0.0815 -0.2974 -0.9513
vn 0.0813 -0.3024 -0.9497
vn 0.0792 -0.3080 -0.9481
vn 0.1024 -0.1997 -0.9745
vn 0.1016 -0.2050 -0.9735
vn 0.1041 -0.2098 -0.9722
vn 0.1272 -0.0973 -0.9871
vn 0.1332 -0.1028 -0.9857
vn 0.1366 -0.1054 -0.9850
vn 0.1647 0.0066 -0.9863
vn 0.1705 0.0035 -0.9854
vn 0.1723 0.0008 -0.9850
vn 0.2022 0.1080 -0.9734
vn 0.2080 0.1065 -0.9723
vn 0.2158 0.1041 -0.9709
vn 0.2454 0.2142 -0.9455
vn 0.2538 0.2124 -0.9437
vn 0.2625 0.2107 -0.9417
vn 0.2944 0.3244 -0.8989
vn 0.3050 0.3209 -0.8967
vn 0.3133 0.3162 -0.8955
vn 0.3443 0.4208 -0.8393
vn 0.3537 0.4195 -0.8360
vn 0.3530 0.4219 -0.8351
vn 0.3896 0.5154 -0.7632
vn 0.3940 0.5137 -0.7622
vn 0.4015 0.5122 -0.7593
vn 0.4310 0.5988 -0.6751
vn 0.4392 0.5972 -0.6712
vn 0.4507 0.5922 -0.6680
vn 0.4728 0.6699 -0.5725
vn 0.4807 0.6660 -0.5704
vn 0.4887 0.6609 -0.5696
vn 0.5059 0.7229 -0.4706
vn 0.5150 0.7196 -0.4659
vn 0.5280 0.7119 -0.4630
vn 0.5362 0.7641 -0.3587
vn 0.5465 0.7576 -0.3568
vn 0.5540 0.7521 -0.3570
vn 0.5596 0.7929 -0.2412
vn 0.5677 0.7864 -0.2434
vn 0.5760 0.7803 -0.2438
vn 0.5769 0.8081 -0.1189
vn 0.5850 0.8023 -0.1186
vn 0.6001 0.7912 -0.1179
vn 0.5875 0.8092 0.0098
vn 0.6022 0.7983 0.0086
vn 0.6167 0.7872 0.0088
vn 0.5962 0.7898 0.1442
vn 0.6106 0.7797 0.1384
vn 0.6228 0.7702 0.1380
vn 0.5970 0.7587 0.2606
vn 0.6116 0.7480 0.2577
vn 0.6256 0.7357 0.2595
vn 0.5904 0.7102 0.3835
vn 0.6058 0.6983 0.3814
vn 0.6198 0.6854 0.3823
vn 0.5782 0.6483 0.4954
vn 0.5915 0.6373 0.4939
vn 0.6193 0.6164 0.4864
vn 0.5629 0.5844 0.5845
vn 0.5839 0.5621 0.5858
vn 0.6037 0.5430 0.5836
vn 0.5447 0.4966 0.6758
vn 0.5638 0.4775 0.6739
vn 0.5940 0.4578 0.6614
vn 0.5184 0.4038 0.7538
vn 0.5429 0.3839 0.7469
vn 0.5894 0.3420 0.7319
vn 0.4805 0.2927 0.8267
vn 0.5400 0.2717 0.7966
vn 0.6050 0.2060 0.7691
vn 0.4596 0.1494 0.8755
vn 0.5351 0.0870 0.8403
vn 0.6026 0.0414 0.7970
vn 0.4774 0.0057 0.8787
vn 0.5460 -0.0395 0.8369
vn 0.6235 -0.1071 0.7744
vn 0.4868 -0.1224 0.8649
vn 0.5793 -0.1511 0.8010
vn 0.4067 -0.0949 0.9086
vn 0.3479 -0.1799 0.9201
vn 0.4262 -0.2066 0.8807
vn 0.2923 -0.2685 0.9178
vn 0.3674 -0.3039 0.8790
vn 0.2462 -0.3491 0.9042
vn 0.3269 -0.3712 0.8691
vn 0.4167 -0.3846 0.8237
vn 0.2832 -0.4475 0.8482
vn 0.3793 -0.4604 0.8026
vn 0.5221 -0.4843 0.7021
vn 0.3432 -0.5516 0.7602
vn 0.4932 -0.5609 0.6649
vn 0.6006 -0.5274 0.6009
vn 0.4617 -0.6173 0.6370
vn 0.5768 -0.6005 0.5538
vn 0.6916 -0.5715 0.4417
vn 0.5254 -0.7224 0.4495
vn 0.6586 -0.6615 0.3588
vn 0.7600 -0.5881 0.2767
vn 0.5963 -0.7513 0.2828
vn 0.7125 -0.6708 0.2057
vn 0.7816 -0.6093 0.1335
vn 0.6007 -0.7948 0.0856
vn 0.7143 -0.6987 0.0395
vn 0.7860 -0.6181 -0.0161
vn 0.6390 -0.7688 -0.0232
vn 0.7211 -0.6877 -0.0835
vn 0.7705 -0.6288 -0.1047
vn 0.6125 -0.7775 -0.1426
vn 0.6907 -0.7023 -0.1720
vn 0.7613 -0.5996 -0.2467
vn 0.5537 -0.7789 -0.2944
vn 0.6401 -0.6490 -0.4112
vn 0.6968 -0.5332 -0.4797
vn 0.4628 -0.6828 -0.5653
vn 0.5454 -0.5646 -0.6194
vn 0.6008 -0.4837 -0.6364
vn 0.4579 -0.5783 -0.6753
vn 0.4989 -0.4828 -0.7198
vn 0.4025 -0.4629 -0.7898
vn 0.4495 -0.3791 -0.8089
vn 0.5205 -0.4024 -0.7531
vn 0.7078 -0.2829 -0.6473
vn 0.6543 -0.4088 -0.6362
vn 0.5656 -0.3191 -0.7605
vn 0.4731 -0.3547 -0.8065
vn 0.5577 -0.1997 -0.8057
vn 0.6285 -0.1839 -0.7557
vn 0.4070 -0.3326 -0.8507
vn 0.4781 -0.2290 -0.8479
vn 0.3531 -0.1801 -0.9181
vn 0.4151 -0.0896 -0.9053
vn 0.5487 -0.1422 -0.8239
vn 0.4806 -0.0017 -0.8769
vn 0.5917 -0.0837 -0.8018
vn 0.5541 0.1202 -0.8237
vn 0.6594 0.0155 -0.7517
vn 0.6211 0.2289 -0.7495
vn 0.7129 0.1129 -0.6921
vn 0.6798 0.3092 -0.6651
vn 0.7569 0.2126 -0.6181
vn 0.7241 0.3816 -0.5745
vn 0.7917 0.2820 -0.5419
vn 0.7608 0.4361 -0.4805
vn 0.8320 0.3534 -0.4277
vn 0.8744 0.2740 -0.4003
vn 0.8479 0.3829 -0.3666
vn 0.8953 0.3076 -0.3222
vn 0.9295 0.2359 -0.2834
vn 0.9114 0.3167 -0.2629
vn 0.9390 0.2587 -0.2268
vn 0.9715 0.1608 -0.1741
vn 0.9510 0.2679 -0.1544
vn 0.9789 0.1742 -0.1063
vn 0.9951 0.0680 -0.0717
vn 0.9826 0.1828 -0.0323
vn 0.9949 0.1002 0.0107
vn 0.9586 0.2790 -0.0562
vn 0.9282 0.3662 -0.0661
vn 0.9308 0.3628 0.0447
vn 0.9568 0.2857 0.0539
vn 0.9247 0.3604 0.1228
vn 0.9551 0.2805 0.0950
vn 0.8897 0.4493 -0.0812
vn 0.8926 0.4502 0.0251
vn 0.8798 0.4368 -0.1875
vn 0.8348 0.5086 -0.2109
vn 0.8492 0.5174 -0.1050
vn 0.8106 0.4844 -0.3291
vn 0.7516 0.5548 -0.3568
vn 0.7775 0.5851 -0.2305
vn 0.7297 0.5308 -0.4310
vn 0.6734 0.5809 -0.4572
vn 0.6995 0.6164 -0.3615
vn 0.6374 0.5330 -0.5565
vn 0.6126 0.5551 -0.5626
vn 0.6435 0.6064 -0.4671
vn 0.5732 0.4899 -0.6568
vn 0.5550 0.5097 -0.6574
vn 0.5910 0.5717 -0.5691
vn 0.5098 0.4302 -0.7450
vn 0.4916 0.4453 -0.7483
vn 0.5361 0.5232 -0.6624
vn 0.4401 0.3515 -0.8263
vn 0.4295 0.3593 -0.8285
vn 0.4792 0.4543 -0.7510
vn 0.3823 0.2591 -0.8870
vn 0.3773 0.2676 -0.8866
vn 0.4274 0.3708 -0.8246
vn 0.3201 0.1609 -0.9336
vn 0.3117 0.1649 -0.9358
vn 0.3665 0.2705 -0.8902
vn 0.2607 0.0668 -0.9631
vn 0.2513 0.0681 -0.9655
vn 0.3053 0.1712 -0.9368
vn 0.1998 -0.0349 -0.9792
vn 0.1984 -0.0322 -0.9796
vn 0.2499 0.0673 -0.9659
vn 0.1473 -0.1380 -0.9794
vn 0.1499 -0.1333 -0.9797
vn 0.1972 -0.0303 -0.9799
vn 0.0969 -0.2457 -0.9645
vn 0.0915 -0.2426 -0.9658
vn 0.1435 -0.1330 -0.9807
vn 0.0439 -0.3493 -0.9360
vn 0.0488 -0.3521 -0.9347
vn 0.0969 -0.2418 -0.9655
vn 0.0047 -0.4520 -0.8920
vn 0.0128 -0.4516 -0.8921
vn 0.0505 -0.3490 -0.9357
vn -0.0267 -0.5533 -0.8325
vn -0.0187 -0.5524 -0.8333
vn 0.0196 -0.4485 -0.8936
vn -0.0541 -0.6497 -0.7583
vn -0.0499 -0.6472 -0.7607
vn -0.0149 -0.5499 -0.8351
vn -0.0800 -0.7368 -0.6713
vn -0.0745 -0.7336 -0.6755
vn -0.0445 -0.6456 -0.7624
vn -0.0993 -0.8120 -0.5752
vn -0.0854 -0.8113 -0.5784
vn -0.0614 -0.7328 -0.6777
vn -0.1057 -0.8780 -0.4669
vn -0.0945 -0.8775 -0.4702
vn -0.0763 -0.8102 -0.5812
vn -0.1087 -0.9295 -0.3523
vn -0.0951 -0.9307 -0.3533
vn -0.0807 -0.8774 -0.4729
vn -0.1048 -0.9659 -0.2368
vn -0.0903 -0.9673 -0.2371
vn -0.0820 -0.9313 -0.3548
vn -0.0948 -0.9883 -0.1195
vn -0.0777 -0.9895 -0.1215
vn -0.0746 -0.9682 -0.2389
vn -0.0800 -0.9968 0.0004
vn -0.0620 -0.9981 0.0003
vn -0.0596 -0.9907 -0.1224
vn -0.0620 -0.9907 0.1207
vn -0.0438 -0.9917 0.1212
vn -0.0438 -0.9990 -0.0005
vn -0.0424 -0.9696 0.2411
vn -0.0255 -0.9699 0.2422
vn -0.0263 -0.9922 0.1222
vn -0.0222 -0.9317 0.3626
vn -0.0034 -0.9317 0.3633
vn -0.0055 -0.9695 0.2449
vn 0.0028 -0.8774 0.4798
vn 0.0204 -0.8760 0.4819
vn 0.0169 -0.9313 0.3639
vn 0.0267 -0.8051 0.5926
vn 0.0452 -0.8039 0.5931
vn 0.0389 -0.8744 0.4837
vn 0.0520 -0.7144 0.6978
vn 0.0680 -0.7104 0.7005
vn 0.0643 -0.8022 0.5936
vn 0.0721 -0.6071 0.7913
vn 0.0808 -0.6030 0.7936
vn 0.0793 -0.7073 0.7024
vn 0.0819 -0.4943 0.8655
vn 0.0894 -0.4896 0.8674
vn 0.0906 -0.5998 0.7950
vn 0.0876 -0.3805 0.9206
vn 0.0908 -0.3770 0.9217
vn 0.0967 -0.4850 0.8692
vn 0.0853 -0.2717 0.9586
vn 0.0848 -0.2681 0.9596
vn 0.0942 -0.3722 0.9234
vn 0.0754 -0.1671 0.9830
vn 0.0716 -0.1630 0.9840
vn 0.0822 -0.2653 0.9607
vn 0.0603 -0.0638 0.9961
vn 0.0543 -0.0606 0.9967
vn 0.0670 -0.1608 0.9847
vn 0.0426 0.0370 0.9984
vn 0.0332 0.0368 0.9988
vn 0.0470 -0.0582 0.9972
vn 0.0222 0.1346 0.9907
vn 0.0141 0.1325 0.9911
vn 0.0294 0.0379 0.9988
vn -0.0000 0.2309 0.9730
vn -0.0106 0.2285 0.9735
vn 0.0054 0.1316 0.9913
vn -0.0272 0.3355 0.9416
vn -0.0355 0.3331 0.9422
vn -0.0152 0.2272 0.9737
vn -0.0588 0.4544 0.8888
vn -0.0709 0.4525 0.8889
vn -0.0441 0.3328 0.9420
vn -0.0962 0.5760 0.8118
vn -0.1050 0.5755 0.8111
vn -0.0738 0.4525 0.8887
vn -0.1325 0.6833 0.7181
vn -0.1419 0.6820 0.7175
vn -0.1133 0.5764 0.8093
vn -0.1651 0.7679 0.6189
vn -0.1751 0.7669 0.6174
vn -0.1503 0.6810 0.7167
vn -0.1959 0.8390 0.5076
vn -0.2050 0.8371 0.5073
vn -0.1836 0.7663 0.6157
vn -0.2213 0.8928 0.3924
vn -0.2313 0.8907 0.3914
vn -0.2128 0.8358 0.5061
vn -0.2447 0.9312 0.2702
vn -0.2553 0.9289 0.2684
vn -0.2401 0.8891 0.3896
vn -0.2646 0.9545 0.1374
vn -0.2718 0.9526 0.1367
vn -0.2624 0.9273 0.2668
vn -0.2751 0.9614 0.0016
vn -0.2868 0.9580 0.0011
vn -0.2822 0.9499 0.1348
vn -0.2834 0.9502 -0.1293
vn -0.2912 0.9479 -0.1293
vn -0.2933 0.9560 0.0003
vn -0.2826 0.9233 -0.2601
vn -0.2914 0.9206 -0.2600
vn -0.2994 0.9451 -0.1311
vn -0.2768 0.8834 -0.3780
vn -0.2843 0.8808 -0.3785
vn -0.2989 0.9184 -0.2593
vn -0.2630 0.8272 -0.4966
vn -0.2678 0.8278 -0.4930
vn -0.2924 0.8779 -0.3791
vn -0.2381 0.7590 -0.6059
vn -0.2475 0.7564 -0.6055
vn -0.2787 0.8253 -0.4912
vn -0.2101 0.6682 -0.7137
vn -0.2203 0.6629 -0.7155
vn -0.2581 0.7534 -0.6047
vn -0.1750 0.5538 -0.8140
vn -0.1791 0.5493 -0.8162
vn -0.2247 0.6602 -0.7167
vn -0.1250 0.4144 -0.9015
vn -0.1262 0.4078 -0.9043
vn -0.1820 0.5440 -0.8191
vn -0.0704 0.2690 -0.9606
vn -0.0714 0.2624 -0.9623
vn -0.1284 0.3990 -0.9079
vn -0.0277 0.1589 -0.9869
vn -0.0276 0.1528 -0.9879
vn -0.0728 0.2560 -0.9639
vn 0.0040 0.0807 -0.9967
vn 0.0030 0.0755 -0.9971
vn -0.0276 0.1465 -0.9888
vn 0.0302 0.0157 -0.9994
vn 0.0345 0.0108 -0.9993
vn 0.0064 0.0726 -0.9973
vn 0.0609 -0.0522 -0.9968
vn 0.0637 -0.0590 -0.9962
vn 0.0329 0.0039 -0.9994
vn 0.0968 -0.1306 -0.9867
vn 0.0990 -0.1375 -0.9855
vn 0.0639 -0.0674 -0.9957
vn 0.1415 -0.2170 -0.9659
vn 0.1413 -0.2216 -0.9648
vn 0.0997 -0.1453 -0.9844
vn 0.1922 -0.3070 -0.9321
vn 0.1930 -0.3065 -0.9321
vn 0.1433 -0.2253 -0.9637
vn 0.2497 -0.3924 -0.8853
vn 0.2501 -0.3870 -0.8875
vn 0.1933 -0.3045 -0.9327
vn 0.3123 -0.4747 -0.8229
vn 0.3100 -0.4724 -0.8251
vn 0.2497 -0.3820 -0.8898
vn 0.3690 -0.5624 -0.7399
vn 0.3673 -0.5640 -0.7396
vn 0.3118 -0.4722 -0.8245
vn 0.4167 -0.6493 -0.6362
vn 0.4089 -0.6572 -0.6331
vn 0.3560 -0.5732 -0.7380
vn 0.4483 -0.7241 -0.5241
vn 0.4362 -0.7361 -0.5176
vn 0.3963 -0.6682 -0.6297
vn 0.4700 -0.7941 -0.3855
vn 0.4477 -0.8109 -0.3768
vn 0.4098 -0.7562 -0.5101
vn 0.4711 -0.8478 -0.2435
vn 0.4254 -0.8740 -0.2348
vn 0.3899 -0.8442 -0.3677
vn 0.4430 -0.8898 -0.1095
vn 0.3625 -0.9263 -0.1025
vn 0.3341 -0.9145 -0.2281
vn 0.3672 -0.9297 0.0302
vn 0.2234 -0.9734 0.0502
vn 0.2198 -0.9714 -0.0903
vn 0.1963 -0.9626 0.1868
vn -0.0086 -0.9709 0.2394
vn 0.0144 -0.9970 0.0765
vn -0.0527 -0.9225 0.3823
vn -0.3286 -0.8483 0.4153
vn -0.2916 -0.9196 0.2634
vn -0.6483 -0.6631 0.3743
vn -0.6441 -0.7292 0.2313
vn -0.8122 -0.5007 0.2994
vn -0.8251 -0.5338 0.1853
vn -0.6642 -0.5788 0.4730
vn -0.8018 -0.4602 0.3813
vn -0.6841 -0.4950 0.5357
vn -0.8023 -0.4191 0.4251
vn -0.8117 -0.3766 0.4464
vn -0.8844 -0.3297 0.3303
vn -0.8744 -0.3640 0.3208
vn -0.9225 -0.3020 0.2403
vn -0.9152 -0.3333 0.2267
vn -0.9369 -0.3221 0.1359
vn -0.9470 -0.2871 0.1443
vn -0.9586 -0.2809 0.0476
vn -0.9554 -0.2525 0.1533
vn -0.9676 -0.2475 0.0498
vn -0.9680 -0.2463 -0.0485
vn -0.9750 -0.2161 0.0527
vn -0.9749 -0.2167 -0.0516
vn -0.9631 -0.2221 -0.1521
vn -0.9816 -0.1840 -0.0508
vn -0.9695 -0.1929 -0.1513
vn -0.9462 -0.2035 -0.2518
vn -0.9759 -0.1587 -0.1498
vn -0.9535 -0.1673 -0.2508
vn -0.9163 -0.1806 -0.3575
vn -0.9600 -0.1280 -0.2491
vn -0.9262 -0.1341 -0.3524
vn -0.8765 -0.1422 -0.4599
vn -0.9333 -0.0899 -0.3475
vn -0.8870 -0.0939 -0.4521
vn -0.8183 -0.0978 -0.5664
vn -0.8957 -0.0308 -0.4435
vn -0.8294 -0.0216 -0.5583
vn -0.7338 -0.0126 -0.6793
vn -0.8344 0.0592 -0.5480
vn -0.7489 0.0685 -0.6591
vn -0.6171 0.0737 -0.7834
vn -0.7594 0.1411 -0.6352
vn -0.6321 0.1578 -0.7586
vn -0.4912 0.1608 -0.8561
vn -0.6480 0.2544 -0.7179
vn -0.5212 0.2524 -0.8153
vn -0.3902 0.2399 -0.8889
vn -0.5596 0.3483 -0.7520
vn -0.4727 0.3580 -0.8052
vn -0.4122 0.3691 -0.8330
vn -0.5494 0.4723 -0.6893
vn -0.5067 0.4953 -0.7057
vn -0.4548 0.5243 -0.7199
vn -0.5528 0.5897 -0.5888
vn -0.5062 0.6237 -0.5957
vn -0.4641 0.6518 -0.5998
vn -0.5417 0.6957 -0.4717
vn -0.4971 0.7213 -0.4823
vn -0.4637 0.7403 -0.4868
vn -0.5234 0.7740 -0.3564
vn -0.4927 0.7918 -0.3609
vn -0.4671 0.8056 -0.3646
vn -0.5118 0.8255 -0.2379
vn -0.4879 0.8389 -0.2412
vn -0.4661 0.8506 -0.2434
vn -0.5006 0.8569 -0.1228
vn -0.4764 0.8704 -0.1245
vn -0.4641 0.8773 -0.1226
vn -0.4792 0.8777 -0.0015
vn -0.4665 0.8845 -0.0023
vn -0.4534 0.8913 -0.0023
vn -0.4661 0.8770 0.1171
vn -0.4473 0.8868 0.1164
vn -0.4341 0.8930 0.1192
vn -0.4374 0.8665 0.2405
vn -0.4205 0.8752 0.2391
vn -0.4133 0.8782 0.2408
vn -0.4018 0.8416 0.3610
vn -0.3935 0.8456 0.3609
vn -0.3777 0.8519 0.3627
vn -0.3637 0.7969 0.4824
vn -0.3484 0.8024 0.4845
vn -0.3372 0.8067 0.4853
vn -0.3115 0.7365 0.6005
vn -0.3007 0.7396 0.6021
vn -0.2928 0.7410 0.6043
vn -0.2561 0.6498 0.7156
vn -0.2475 0.6545 0.7144
vn -0.2382 0.6562 0.7160
vn -0.1922 0.5371 0.8213
vn -0.1839 0.5436 0.8190
vn -0.1823 0.5446 0.8186
vn -0.1255 0.4005 0.9077
vn -0.1249 0.4099 0.9036
vn -0.1259 0.4127 0.9021
vn -0.0693 0.2673 0.9611
vn -0.0686 0.2744 0.9592
vn -0.0686 0.2794 0.9577
vn -0.0272 0.1670 0.9856
vn -0.0261 0.1706 0.9850
vn -0.0248 0.1760 0.9841
vn 0.0038 0.0935 0.9956
vn 0.0022 0.0962 0.9954
vn 0.0021 0.0997 0.9950
vn 0.0275 0.0284 0.9992
vn 0.0254 0.0308 0.9992
vn 0.0228 0.0327 0.9992
vn 0.0519 -0.0398 0.9979
vn 0.0499 -0.0400 0.9980
vn 0.0481 -0.0387 0.9981
vn 0.0813 -0.1186 0.9896
vn 0.0774 -0.1204 0.9897
vn 0.0757 -0.1218 0.9897
vn 0.1146 -0.2206 0.9686
vn 0.1144 -0.2206 0.9686
vn 0.1123 -0.2237 0.9682
vn 0.1574 -0.3344 0.9292
vn 0.1529 -0.3353 0.9296
vn 0.1464 -0.3374 0.9299
vn 0.1897 -0.4424 0.8765
vn 0.1807 -0.4434 0.8779
vn 0.1731 -0.4447 0.8788
vn 0.2142 -0.5472 0.8091
vn 0.2066 -0.5492 0.8098
vn 0.2000 -0.5513 0.8100
vn 0.2395 -0.6508 0.7205
vn 0.2338 -0.6537 0.7198
vn 0.2234 -0.6581 0.7191
vn 0.2642 -0.7490 0.6076
vn 0.2517 -0.7528 0.6083
vn 0.2388 -0.7567 0.6086
vn 0.2749 -0.8287 0.4876
vn 0.2613 -0.8337 0.4864
vn 0.2478 -0.8383 0.4857
vn 0.2784 -0.8880 0.3659
vn 0.2616 -0.8930 0.3661
vn 0.2503 -0.8959 0.3669
vn 0.2725 -0.9294 0.2490
vn 0.2600 -0.9335 0.2471
vn 0.2455 -0.9377 0.2460
vn 0.2671 -0.9557 0.1238
vn 0.2517 -0.9600 0.1231
vn 0.2353 -0.9641 0.1231
vn 0.2530 -0.9675 -0.0050
vn 0.2368 -0.9715 -0.0044
vn 0.2217 -0.9751 -0.0044
vn 0.2352 -0.9628 -0.1331
vn 0.2205 -0.9663 -0.1330
vn 0.2056 -0.9694 -0.1346
vn 0.2167 -0.9414 -0.2584
vn 0.2034 -0.9445 -0.2579
vn 0.1880 -0.9475 -0.2586
vn 0.1970 -0.9047 -0.3779
vn 0.1842 -0.9076 -0.3772
vn 0.1708 -0.9106 -0.3763
vn 0.1763 -0.8516 -0.4936
vn 0.1650 -0.8541 -0.4933
vn 0.1503 -0.8568 -0.4933
vn 0.1554 -0.7779 -0.6089
vn 0.1423 -0.7826 -0.6060
vn 0.1270 -0.7868 -0.6040
vn 0.1310 -0.6888 -0.7130
vn 0.1207 -0.6926 -0.7112
vn 0.1032 -0.6966 -0.7100
vn 0.1110 -0.5876 -0.8015
vn 0.0990 -0.5927 -0.7993
vn 0.0884 -0.5958 -0.7983
vn 0.0937 -0.4787 -0.8730
vn 0.0879 -0.4826 -0.8714
vn 0.0819 -0.4852 -0.8706
vn 0.0875 -0.3691 -0.9253
vn 0.0832 -0.3739 -0.9237
vn 0.0786 -0.3794 -0.9219
vn 0.0848 -0.2746 -0.9578
vn 0.0841 -0.2767 -0.9573
vn 0.0843 -0.2807 -0.9561
vn 0.0906 -0.1771 -0.9800
vn 0.0934 -0.1800 -0.9792
vn 0.0951 -0.1841 -0.9783
vn 0.1042 -0.0781 -0.9915
vn 0.1096 -0.0806 -0.9907
vn 0.1142 -0.0832 -0.9900
vn 0.1266 0.0221 -0.9917
vn 0.1327 0.0198 -0.9910
vn 0.1426 0.0166 -0.9896
vn 0.1526 0.1222 -0.9807
vn 0.1645 0.1176 -0.9793
vn 0.1744 0.1150 -0.9779
vn 0.1888 0.2201 -0.9570
vn 0.2036 0.2182 -0.9544
vn 0.2152 0.2170 -0.9522
vn 0.2338 0.3229 -0.9171
vn 0.2475 0.3208 -0.9142
vn 0.2634 0.3211 -0.9097
vn 0.2853 0.4353 -0.8539
vn 0.3032 0.4333 -0.8487
vn 0.3138 0.4292 -0.8469
vn 0.3344 0.5368 -0.7746
vn 0.3479 0.5303 -0.7732
vn 0.3620 0.5292 -0.7674
vn 0.3817 0.6261 -0.6800
vn 0.3943 0.6185 -0.6797
vn 0.4019 0.6139 -0.6794
vn 0.4191 0.6970 -0.5819
vn 0.4316 0.6905 -0.5805
vn 0.4428 0.6848 -0.5788
vn 0.4533 0.7546 -0.4745
vn 0.4668 0.7463 -0.4745
vn 0.4753 0.7422 -0.4724
vn 0.4869 0.7957 -0.3603
vn 0.4942 0.7916 -0.3593
vn 0.5046 0.7843 -0.3609
vn 0.5078 0.8269 -0.2414
vn 0.5176 0.8213 -0.2398
vn 0.5302 0.8131 -0.2402
vn 0.5249 0.8428 -0.1189
vn 0.5377 0.8346 -0.1194
vn 0.5500 0.8268 -0.1176
vn 0.5410 0.8410 0.0072
vn 0.5536 0.8327 0.0083
vn 0.5626 0.8267 0.0094
vn 0.5504 0.8239 0.1352
vn 0.5597 0.8176 0.1352
vn 0.5670 0.8122 0.1371
vn 0.5504 0.7947 0.2560
vn 0.5587 0.7890 0.2554
vn 0.5681 0.7823 0.2557
vn 0.5441 0.7524 0.3713
vn 0.5534 0.7452 0.3722
vn 0.5600 0.7379 0.3767
vn 0.5333 0.6963 0.4804
vn 0.5420 0.6899 0.4799
vn 0.5494 0.6845 0.4792
vn 0.5124 0.6257 0.5882
vn 0.5197 0.6221 0.5855
vn 0.5297 0.6106 0.5887
vn 0.4844 0.5422 0.6866
vn 0.4927 0.5378 0.6842
vn 0.5056 0.5360 0.6760
vn 0.4468 0.4522 0.7720
vn 0.4560 0.4421 0.7724
vn 0.4660 0.4410 0.7670
vn 0.4072 0.3506 0.8434
vn 0.4114 0.3408 0.8453
vn 0.4234 0.3352 0.8417
vn 0.3647 0.2458 0.8981
vn 0.3648 0.2343 0.9011
vn 0.3753 0.2135 0.9020
vn 0.3092 0.1279 0.9424
vn 0.3228 0.1213 0.9387
vn 0.3429 0.1094 0.9330
vn 0.2644 0.0161 0.9643
vn 0.2801 -0.0002 0.9600
vn 0.3017 -0.0178 0.9532
vn 0.2255 -0.1022 0.9689
vn 0.2436 -0.1207 0.9623
vn 0.2823 -0.1472 0.9480
vn 0.1993 -0.2082 0.9576
vn 0.2312 -0.2383 0.9433
vn 0.1490 -0.3067 0.9401
vn 0.1849 -0.3217 0.9286
vn 0.0988 -0.3959 0.9130
vn 0.1370 -0.4088 0.9023
vn 0.2023 -0.4292 0.8803
vn 0.0911 -0.4962 0.8634
vn 0.1542 -0.5164 0.8423
vn 0.2395 -0.5285 0.8144
vn 0.1113 -0.5966 0.7948
vn 0.1938 -0.6087 0.7693
vn 0.3190 -0.6189 0.7178
vn 0.1394 -0.7081 0.6922
vn 0.2662 -0.7127 0.6490
vn 0.4308 -0.7217 0.5418
vn 0.2129 -0.8300 0.5155
vn 0.3690 -0.8346 0.4090
vn 0.4730 -0.8034 0.3618
vn 0.3040 -0.8872 0.3472
vn 0.4446 -0.8561 0.2633
vn 0.5225 -0.8400 0.1464
vn 0.4286 -0.8917 0.1454
vn 0.4909 -0.8678 0.0764
vn 0.5371 -0.8413 0.0606
vn 0.4429 -0.8965 -0.0072
vn 0.4372 -0.8985 -0.0383
vn 0.5351 -0.8371 -0.1138
vn 0.3939 -0.9123 -0.1123
vn 0.4292 -0.8878 -0.1659
vn 0.4892 -0.8445 -0.2181
vn 0.3504 -0.9001 -0.2588
vn 0.3511 -0.8703 -0.3454
vn 0.2704 -0.8472 -0.4573
vn 0.3080 -0.7896 -0.5308
vn 0.3904 -0.7951 -0.4642
vn 0.2491 -0.7655 -0.5932
vn 0.2698 -0.6965 -0.6649
vn 0.3813 -0.7053 -0.5976
vn 0.2083 -0.6619 -0.7201
vn 0.2650 -0.5532 -0.7898
vn 0.3464 -0.5639 -0.7497
vn 0.1576 -0.5265 -0.8355
vn 0.2083 -0.4376 -0.8747
vn 0.3230 -0.4635 -0.8251
vn 0.2621 -0.3467 -0.9006
vn 0.3798 -0.3786 -0.8440
vn 0.1923 -0.3142 -0.9297
vn 0.2467 -0.2162 -0.9447
vn 0.3086 -0.2645 -0.9137
vn 0.2098 -0.1848 -0.9601
vn 0.2599 -0.0865 -0.9618
vn 0.2954 -0.1263 -0.9470
vn 0.3005 -0.0122 -0.9537
vn 0.3376 -0.0454 -0.9402
vn 0.3696 0.1109 -0.9225
vn 0.3999 0.0655 -0.9142
vn 0.4248 0.2086 -0.8809
vn 0.4766 0.1853 -0.8594
vn 0.4926 0.3164 -0.8107
vn 0.5411 0.2814 -0.7925
vn 0.5525 0.4160 -0.7223
vn 0.6007 0.3726 -0.7074
vn 0.5970 0.4807 -0.6422
vn 0.6562 0.4506 -0.6053
vn 0.4750 0.3360 -0.8133
vn 0.5306 0.4266 -0.7324
vn 0.4078 0.2176 -0.8868
vn 0.3945 0.2351 -0.8883
vn 0.4588 0.3481 -0.8175
vn 0.3469 0.1458 -0.9265
vn 0.3356 0.1581 -0.9286
vn 0.3831 0.2506 -0.8891
vn 0.2745 0.0387 -0.9608
vn 0.2757 0.0487 -0.9600
vn 0.3322 0.1607 -0.9294
vn 0.2196 -0.0614 -0.9737
vn 0.2161 -0.0530 -0.9749
vn 0.2690 0.0622 -0.9611
vn 0.1637 -0.1613 -0.9732
vn 0.1501 -0.1507 -0.9771
vn 0.2039 -0.0391 -0.9782
vn 0.1027 -0.2581 -0.9606
vn 0.0948 -0.2481 -0.9641
vn 0.1473 -0.1422 -0.9788
vn 0.0440 -0.3565 -0.9333
vn 0.0467 -0.3542 -0.9340
vn 0.0978 -0.2468 -0.9641
vn -0.0010 -0.4547 -0.8906
vn 0.0021 -0.4553 -0.8903
vn 0.0483 -0.3528 -0.9345
vn -0.0461 -0.5594 -0.8276
vn -0.0412 -0.5567 -0.8297
vn -0.0004 -0.4527 -0.8917
vn -0.0805 -0.6575 -0.7492
vn -0.0741 -0.6515 -0.7550
vn -0.0374 -0.5527 -0.8325
vn -0.1049 -0.7427 -0.6614
vn -0.1005 -0.7374 -0.6679
vn -0.0658 -0.6488 -0.7581
vn -0.1284 -0.8153 -0.5646
vn -0.1173 -0.8146 -0.5681
vn -0.0877 -0.7381 -0.6689
vn -0.1398 -0.8764 -0.4608
vn -0.1264 -0.8773 -0.4629
vn -0.1049 -0.8144 -0.5708
vn -0.1448 -0.9266 -0.3471
vn -0.1362 -0.9272 -0.3488
vn -0.1200 -0.8772 -0.4649
vn -0.1463 -0.9612 -0.2339
vn -0.1316 -0.9629 -0.2356
vn -0.1209 -0.9285 -0.3510
vn -0.1386 -0.9835 -0.1163
vn -0.1253 -0.9852 -0.1170
vn -0.1189 -0.9644 -0.2364
vn -0.1279 -0.9918 0.0053
vn -0.1121 -0.9937 0.0032
vn -0.1106 -0.9868 -0.1179
vn -0.1105 -0.9866 0.1199
vn -0.0954 -0.9883 0.1193
vn -0.0959 -0.9954 0.0010
vn -0.0930 -0.9664 0.2397
vn -0.0791 -0.9675 0.2401
vn -0.0811 -0.9894 0.1201
vn -0.0727 -0.9305 0.3591
vn -0.0555 -0.9313 0.3601
vn -0.0599 -0.9688 0.2403
vn -0.0474 -0.8782 0.4760
vn -0.0308 -0.8776 0.4783
vn -0.0379 -0.9316 0.3614
vn -0.0199 -0.8075 0.5895
vn -0.0030 -0.8069 0.5907
vn -0.0147 -0.8775 0.4794
vn 0.0110 -0.7213 0.6926
vn 0.0238 -0.7191 0.6945
vn 0.0117 -0.8062 0.5916
vn 0.0374 -0.6168 0.7862
vn 0.0490 -0.6131 0.7885
vn 0.0368 -0.7172 0.6959
vn 0.0614 -0.5053 0.8608
vn 0.0696 -0.5020 0.8621
vn 0.0600 -0.6103 0.7899
vn 0.0761 -0.3936 0.9161
vn 0.0818 -0.3866 0.9186
vn 0.0770 -0.4983 0.8636
vn 0.0856 -0.2871 0.9541
vn 0.0856 -0.2810 0.9559
vn 0.0847 -0.3829 0.9199
vn 0.0867 -0.1821 0.9795
vn 0.0836 -0.1777 0.9805
vn 0.0866 -0.2754 0.9574
vn 0.0821 -0.0737 0.9939
vn 0.0747 -0.0708 0.9947
vn 0.0798 -0.1723 0.9818
vn 0.0717 0.0342 0.9968
vn 0.0610 0.0343 0.9975
vn 0.0665 -0.0675 0.9955
vn 0.0565 0.1328 0.9895
vn 0.0402 0.1340 0.9902
vn 0.0492 0.0352 0.9982
vn 0.0331 0.2364 0.9711
vn 0.0220 0.2349 0.9718
vn 0.0314 0.1351 0.9903
vn 0.0126 0.3386 0.9409
vn 0.0006 0.3381 0.9411
vn 0.0119 0.2326 0.9725
vn -0.0155 0.4592 0.8882
vn -0.0335 0.4586 0.8880
vn -0.0162 0.3366 0.9415
vn -0.0500 0.5812 0.8122
vn -0.0672 0.5791 0.8125
vn -0.0466 0.4558 0.8889
vn -0.0872 0.6898 0.7187
vn -0.1054 0.6874 0.7186
vn -0.0842 0.5774 0.8121
vn -0.1229 0.7755 0.6192
vn -0.1386 0.7736 0.6183
vn -0.1195 0.6848 0.7188
vn -0.1553 0.8450 0.5117
vn -0.1703 0.8436 0.5092
vn -0.1527 0.7702 0.6193
vn -0.1844 0.8987 0.3979
vn -0.2005 0.8958 0.3966
vn -0.1851 0.8411 0.5082
vn -0.2128 0.9382 0.2728
vn -0.2251 0.9355 0.2724
vn -0.2125 0.8941 0.3942
vn -0.2326 0.9624 0.1402
vn -0.2430 0.9600 0.1393
vn -0.2342 0.9335 0.2716
vn -0.2462 0.9692 0.0033
vn -0.2577 0.9662 0.0023
vn -0.2538 0.9574 0.1381
vn -0.2547 0.9581 -0.1313
vn -0.2644 0.9556 -0.1299
vn -0.2675 0.9636 0.0014
vn -0.2549 0.9301 -0.2645
vn -0.2635 0.9280 -0.2633
vn -0.2724 0.9534 -0.1299
vn -0.2489 0.8891 -0.3842
vn -0.2563 0.8877 -0.3825
vn -0.2723 0.9259 -0.2617
vn -0.2355 0.8345 -0.4981
vn -0.2455 0.8319 -0.4977
vn -0.2666 0.8857 -0.3801
vn -0.2193 0.7641 -0.6066
vn -0.2291 0.7626 -0.6049
vn -0.2551 0.8289 -0.4979
vn -0.1946 0.6755 -0.7112
vn -0.2021 0.6737 -0.7108
vn -0.2357 0.7608 -0.6047
vn -0.1595 0.5649 -0.8096
vn -0.1640 0.5631 -0.8099
vn -0.2056 0.6718 -0.7117
vn -0.1152 0.4304 -0.8953
vn -0.1184 0.4252 -0.8973
vn -0.1692 0.5587 -0.8119
vn -0.0672 0.2872 -0.9555
vn -0.0664 0.2825 -0.9570
vn -0.1213 0.4204 -0.8992
vn -0.0264 0.1746 -0.9843
vn -0.0277 0.1685 -0.9853
vn -0.0703 0.2760 -0.9586
vn 0.0033 0.0897 -0.9960
vn 0.0048 0.0865 -0.9962
vn -0.0284 0.1642 -0.9860
vn 0.0302 0.0259 -0.9992
vn 0.0321 0.0229 -0.9992
vn 0.0042 0.0839 -0.9965
vn 0.0595 -0.0387 -0.9975
vn 0.0598 -0.0442 -0.9972
vn 0.0316 0.0198 -0.9993
vn 0.0920 -0.1157 -0.9890
vn 0.0970 -0.1188 -0.9882
vn 0.0620 -0.0474 -0.9969
vn 0.1407 -0.2070 -0.9682
vn 0.1406 -0.2103 -0.9675
vn 0.0961 -0.1246 -0.9875
vn 0.1972 -0.3115 -0.9296
vn 0.1977 -0.3082 -0.9305
vn 0.1402 -0.2139 -0.9668
vn 0.2560 -0.4018 -0.8792
vn 0.2546 -0.4007 -0.8802
vn 0.1946 -0.3065 -0.9318
vn 0.3118 -0.4881 -0.8152
vn 0.3116 -0.4845 -0.8174
vn 0.2516 -0.3970 -0.8826
vn 0.3657 -0.5681 -0.7372
vn 0.3670 -0.5651 -0.7389
vn 0.3102 -0.4813 -0.8199
vn 0.4211 -0.6469 -0.6358
vn 0.4210 -0.6453 -0.6375
vn 0.3700 -0.5625 -0.7394
vn 0.4661 -0.7152 -0.5208
vn 0.4642 -0.7163 -0.5210
vn 0.4216 -0.6446 -0.6377
vn 0.4993 -0.7720 -0.3934
vn 0.4971 -0.7738 -0.3926
vn 0.4607 -0.7171 -0.5229
vn 0.5201 -0.8163 -0.2514
vn 0.5085 -0.8238 -0.2504
vn 0.4836 -0.7842 -0.3889
vn 0.5225 -0.8438 -0.1225
vn 0.5075 -0.8535 -0.1180
vn 0.4953 -0.8324 -0.2486
vn 0.5119 -0.8590 0.0009
vn 0.4908 -0.8713 0.0078
vn 0.4878 -0.8655 -0.1138
vn 0.4808 -0.8678 0.1254
vn 0.4419 -0.8862 0.1390
vn 0.4503 -0.8927 0.0172
vn 0.4188 -0.8701 0.2599
vn 0.3211 -0.9032 0.2847
vn 0.3532 -0.9231 0.1521
vn 0.2630 -0.8652 0.4270
vn 0.0814 -0.8786 0.4705
vn 0.1413 -0.9343 0.3272
vn 0.0298 -0.7973 0.6028
vn -0.2000 -0.7409 0.6412
vn -0.1152 -0.8473 0.5184
vn -0.4624 -0.6213 0.6326
vn -0.3931 -0.7465 0.5368
vn -0.2725 -0.6206 0.7353
vn -0.5231 -0.5327 0.6653
vn -0.5641 -0.4324 0.7034
vn -0.7259 -0.3658 0.5825
vn -0.7037 -0.4402 0.5577
vn -0.7429 -0.3199 0.5880
vn -0.8360 -0.2833 0.4698
vn -0.8243 -0.3192 0.4676
vn -0.9005 -0.2557 0.3518
vn -0.8945 -0.2859 0.3439
vn -0.9388 -0.2370 0.2498
vn -0.9313 -0.2652 0.2496
vn -0.9627 -0.2207 0.1566
vn -0.9465 -0.2069 0.2477
vn -0.9688 -0.1936 0.1550
vn -0.9815 -0.1836 0.0534
vn -0.9750 -0.1628 0.1509
vn -0.9868 -0.1533 0.0519
vn -0.9871 -0.1532 -0.0474
vn -0.9907 -0.1259 0.0514
vn -0.9913 -0.1234 -0.0465
vn -0.9812 -0.1244 -0.1478
vn -0.9949 -0.0887 -0.0472
vn -0.9855 -0.0866 -0.1459
vn -0.9651 -0.0876 -0.2467
vn -0.9887 -0.0418 -0.1438
vn -0.9699 -0.0413 -0.2401
vn -0.9381 -0.0380 -0.3442
vn -0.9721 0.0122 -0.2344
vn -0.9407 0.0262 -0.3382
vn -0.8993 0.0414 -0.4354
vn -0.9391 0.0888 -0.3319
vn -0.9013 0.1072 -0.4197
vn -0.8375 0.1244 -0.5320
vn -0.9020 0.1588 -0.4015
vn -0.8393 0.1913 -0.5088
vn -0.7596 0.2277 -0.6093
vn -0.8358 0.2651 -0.4808
vn -0.7583 0.3051 -0.5762
vn -0.6604 0.3348 -0.6722
vn -0.7599 0.3761 -0.5302
vn -0.6722 0.4195 -0.6101
vn -0.6061 0.4441 -0.6599
vn -0.6942 0.4950 -0.5225
vn -0.6387 0.5328 -0.5552
vn -0.5962 0.5603 -0.5750
vn -0.6570 0.6058 -0.4488
vn -0.6179 0.6376 -0.4600
vn -0.5739 0.6742 -0.4649
vn -0.6230 0.7013 -0.3466
vn -0.5822 0.7318 -0.3544
vn -0.5623 0.7479 -0.3528
vn -0.5874 0.7744 -0.2352
vn -0.5679 0.7886 -0.2357
vn -0.5368 0.8099 -0.2363
vn -0.5725 0.8117 -0.1157
vn -0.5432 0.8310 -0.1195
vn -0.5208 0.8450 -0.1210
vn -0.5459 0.8379 0.0001
vn -0.5249 0.8512 -0.0025
vn -0.5028 0.8644 -0.0029
vn -0.5187 0.8465 0.1198
vn -0.4980 0.8585 0.1222
vn -0.4764 0.8710 0.1200
vn -0.4883 0.8413 0.2319
vn -0.4643 0.8537 0.2360
vn -0.4545 0.8576 0.2406
vn -0.4473 0.8198 0.3576
vn -0.4335 0.8282 0.3552
vn -0.4181 0.8345 0.3588
vn -0.4031 0.7803 0.4781
vn -0.3870 0.7875 0.4797
vn -0.3751 0.7928 0.4804
vn -0.3458 0.7205 0.6011
vn -0.3392 0.7235 0.6012
vn -0.3253 0.7311 0.5997
vn -0.2888 0.6331 0.7182
vn -0.2737 0.6376 0.7201
vn -0.2644 0.6430 0.7188
vn -0.2113 0.5172 0.8294
vn -0.2068 0.5227 0.8270
vn -0.2014 0.5289 0.8245
vn -0.1378 0.3760 0.9163
vn -0.1314 0.3830 0.9144
vn -0.1291 0.3889 0.9122
vn -0.0716 0.2491 0.9658
vn -0.0712 0.2561 0.9640
vn -0.0704 0.2603 0.9630
vn -0.0273 0.1521 0.9880
vn -0.0257 0.1584 0.9870
vn -0.0291 0.1610 0.9865
vn 0.0065 0.0836 0.9965
vn 0.0021 0.0851 0.9964
vn 0.0023 0.0883 0.9961
vn 0.0294 0.0227 0.9993
vn 0.0286 0.0240 0.9993
vn 0.0292 0.0259 0.9992
vn 0.0593 -0.0409 0.9974
vn 0.0548 -0.0409 0.9977
vn 0.0548 -0.0391 0.9977
vn 0.0892 -0.1166 0.9892
vn 0.0880 -0.1179 0.9891
vn 0.0833 -0.1181 0.9895
vn 0.1312 -0.2149 0.9678
vn 0.1235 -0.2184 0.9680
vn 0.1223 -0.2184 0.9682
vn 0.1716 -0.3305 0.9281
vn 0.1652 -0.3316 0.9289
vn 0.1586 -0.3329 0.9295
vn 0.2068 -0.4388 0.8745
vn 0.2029 -0.4414 0.8741
vn 0.1951 -0.4427 0.8752
vn 0.2410 -0.5387 0.8073
vn 0.2304 -0.5427 0.8077
vn 0.2244 -0.5443 0.8083
vn 0.2694 -0.6368 0.7224
vn 0.2587 -0.6427 0.7212
vn 0.2496 -0.6464 0.7210
vn 0.2934 -0.7354 0.6108
vn 0.2836 -0.7399 0.6101
vn 0.2734 -0.7449 0.6086
vn 0.3114 -0.8143 0.4898
vn 0.3010 -0.8188 0.4889
vn 0.2880 -0.8237 0.4885
vn 0.3197 -0.8724 0.3698
vn 0.3074 -0.8773 0.3686
vn 0.2931 -0.8828 0.3670
vn 0.3206 -0.9137 0.2499
vn 0.3054 -0.9188 0.2501
vn 0.2895 -0.9239 0.2502
vn 0.3130 -0.9413 0.1264
vn 0.2973 -0.9465 0.1254
vn 0.2808 -0.9517 0.1244
vn 0.3013 -0.9535 -0.0059
vn 0.2831 -0.9591 -0.0060
vn 0.2699 -0.9629 -0.0058
vn 0.2813 -0.9500 -0.1359
vn 0.2669 -0.9542 -0.1353
vn 0.2498 -0.9590 -0.1338
vn 0.2601 -0.9305 -0.2579
vn 0.2437 -0.9351 -0.2573
vn 0.2315 -0.9381 -0.2576
vn 0.2353 -0.8962 -0.3762
vn 0.2258 -0.8983 -0.3770
vn 0.2105 -0.9017 -0.3778
vn 0.2142 -0.8425 -0.4943
vn 0.2013 -0.8463 -0.4931
vn 0.1894 -0.8489 -0.4935
vn 0.1866 -0.7700 -0.6101
vn 0.1792 -0.7724 -0.6094
vn 0.1667 -0.7747 -0.6100
vn 0.1608 -0.6754 -0.7197
vn 0.1530 -0.6811 -0.7161
vn 0.1431 -0.6850 -0.7144
vn 0.1342 -0.5747 -0.8073
vn 0.1296 -0.5787 -0.8052
vn 0.1196 -0.5826 -0.8039
vn 0.1127 -0.4666 -0.8773
vn 0.1084 -0.4711 -0.8754
vn 0.1007 -0.4745 -0.8745
vn 0.0955 -0.3600 -0.9280
vn 0.0923 -0.3648 -0.9265
vn 0.0896 -0.3672 -0.9258
vn 0.0843 -0.2602 -0.9619
vn 0.0843 -0.2652 -0.9605
vn 0.0854 -0.2713 -0.9587
vn 0.0779 -0.1641 -0.9834
vn 0.0832 -0.1676 -0.9823
vn 0.0873 -0.1726 -0.9811
vn 0.0816 -0.0667 -0.9944
vn 0.0893 -0.0706 -0.9935
vn 0.0976 -0.0742 -0.9925
vn 0.0935 0.0361 -0.9950
vn 0.1038 0.0310 -0.9941
vn 0.1154 0.0256 -0.9930
vn 0.1100 0.1323 -0.9851
vn 0.1279 0.1278 -0.9835
vn 0.1440 0.1247 -0.9817
vn 0.1417 0.2321 -0.9623
vn 0.1604 0.2264 -0.9608
vn 0.1738 0.2222 -0.9594
vn 0.1786 0.3336 -0.9256
vn 0.1987 0.3301 -0.9228
vn 0.2161 0.3267 -0.9201
vn 0.2255 0.4444 -0.8670
vn 0.2447 0.4399 -0.8640
vn 0.2679 0.4355 -0.8594
vn 0.2758 0.5534 -0.7859
vn 0.3012 0.5470 -0.7811
vn 0.3223 0.5417 -0.7763
vn 0.3310 0.6428 -0.6909
vn 0.3522 0.6361 -0.6865
vn 0.3642 0.6318 -0.6842
vn 0.3756 0.7150 -0.5897
vn 0.3943 0.7093 -0.5843
vn 0.4069 0.7048 -0.5811
vn 0.4171 0.7734 -0.4774
vn 0.4270 0.7678 -0.4777
vn 0.4421 0.7611 -0.4746
vn 0.4448 0.8194 -0.3615
vn 0.4587 0.8110 -0.3632
vn 0.4706 0.8039 -0.3637
vn 0.4701 0.8493 -0.2403
vn 0.4842 0.8411 -0.2409
vn 0.5004 0.8313 -0.2420
vn 0.4912 0.8634 -0.1153
vn 0.5066 0.8542 -0.1170
vn 0.5168 0.8479 -0.1184
vn 0.5072 0.8618 0.0079
vn 0.5193 0.8545 0.0072
vn 0.5265 0.8502 0.0068
vn 0.5157 0.8465 0.1321
vn 0.5241 0.8411 0.1335
vn 0.5380 0.8320 0.1352
vn 0.5161 0.8166 0.2587
vn 0.5282 0.8092 0.2575
vn 0.5412 0.8009 0.2562
vn 0.5132 0.7728 0.3734
vn 0.5263 0.7643 0.3727
vn 0.5354 0.7585 0.3714
vn 0.5044 0.7150 0.4841
vn 0.5155 0.7079 0.4829
vn 0.5228 0.7027 0.4825
vn 0.4905 0.6465 0.5844
vn 0.4971 0.6402 0.5857
vn 0.5062 0.6305 0.5884
vn 0.4675 0.5630 0.6815
vn 0.4733 0.5589 0.6809
vn 0.4812 0.5530 0.6802
vn 0.4337 0.4752 0.7656
vn 0.4444 0.4645 0.7660
vn 0.4478 0.4572 0.7684
vn 0.3954 0.3645 0.8431
vn 0.4034 0.3622 0.8403
vn 0.4023 0.3569 0.8431
vn 0.3482 0.2540 0.9024
vn 0.3520 0.2543 0.9008
vn 0.3549 0.2532 0.9000
vn 0.2980 0.1477 0.9430
vn 0.2980 0.1393 0.9444
vn 0.3031 0.1304 0.9440
vn 0.2473 0.0371 0.9682
vn 0.2519 0.0335 0.9672
vn 0.2547 0.0283 0.9666
vn 0.2016 -0.0658 0.9773
vn 0.2032 -0.0735 0.9764
vn 0.2122 -0.0855 0.9735
vn 0.1531 -0.1735 0.9729
vn 0.1637 -0.1820 0.9696
vn 0.1783 -0.1896 0.9655
vn 0.1120 -0.2813 0.9531
vn 0.1256 -0.2911 0.9484
vn 0.0635 -0.3799 0.9228
vn 0.0743 -0.3901 0.9178
vn 0.0156 -0.4773 0.8786
vn 0.0258 -0.4781 0.8779
vn 0.0496 -0.4825 0.8745
vn -0.0225 -0.5708 0.8207
vn -0.0047 -0.5752 0.8180
vn 0.0457 -0.5814 0.8124
vn -0.0555 -0.6598 0.7494
vn -0.0036 -0.6716 0.7409
vn 0.0620 -0.6897 0.7215
vn -0.0501 -0.7568 0.6518
vn 0.0162 -0.7747 0.6321
vn 0.0927 -0.7909 0.6049
vn -0.0273 -0.8528 0.5214
vn 0.0423 -0.8760 0.4804
vn 0.1897 -0.8996 0.3934
vn 0.0132 -0.9287 0.3706
vn 0.1606 -0.9395 0.3025
vn 0.2419 -0.9327 0.2676
vn 0.1243 -0.9645 0.2330
vn 0.2215 -0.9585 0.1796
vn 0.4010 -0.9144 0.0552
vn 0.2011 -0.9763 0.0800
vn 0.3672 -0.9296 -0.0315
vn 0.3978 -0.9132 -0.0884
vn 0.3101 -0.9432 -0.1192
vn 0.3398 -0.9283 -0.1511
vn 0.2362 -0.9468 -0.2188
vn 0.2491 -0.9298 -0.2710
vn 0.3459 -0.9196 -0.1864
vn 0.1491 -0.9286 -0.3397
vn 0.1965 -0.8748 -0.4429
vn 0.2745 -0.8815 -0.3842
vn 0.0609 -0.8763 -0.4780
vn 0.1148 -0.8137 -0.5699
vn 0.2356 -0.8231 -0.5168
vn -0.0050 -0.7918 -0.6108
vn 0.0498 -0.7059 -0.7066
vn 0.1754 -0.7280 -0.6627
vn -0.0234 -0.6891 -0.7243
vn 0.0314 -0.5954 -0.8028
vn 0.1035 -0.6187 -0.7788
vn -0.0117 -0.5859 -0.8103
vn 0.0456 -0.4827 -0.8746
vn 0.0852 -0.5030 -0.8601
vn 0.0963 -0.3847 -0.9180
vn 0.1402 -0.4074 -0.9024
vn 0.0795 -0.3819 -0.9208
vn 0.1316 -0.2850 -0.9494
vn 0.1471 -0.2962 -0.9437
vn 0.1204 -0.2755 -0.9537
vn 0.1767 -0.1752 -0.9685
vn 0.1902 -0.1759 -0.9659
vn 0.2381 -0.0623 -0.9692
vn 0.2512 -0.0702 -0.9654
vn 0.2816 0.0229 -0.9592
vn 0.2881 0.0014 -0.9576
vn 0.1709 -0.1631 -0.9717
vn 0.2237 -0.0571 -0.9730
vn 0.1120 -0.2792 -0.9537
vn 0.1135 -0.2683 -0.9566
vn 0.1669 -0.1555 -0.9736
vn 0.0638 -0.3711 -0.9264
vn 0.0556 -0.3620 -0.9305
vn 0.1075 -0.2589 -0.9599
vn 0.0089 -0.4679 -0.8837
vn -0.0080 -0.4604 -0.8877
vn 0.0515 -0.3571 -0.9326
vn -0.0593 -0.5698 -0.8196
vn -0.0463 -0.5586 -0.8281
vn -0.0023 -0.4614 -0.8872
vn -0.0988 -0.6636 -0.7415
vn -0.1005 -0.6611 -0.7435
vn -0.0505 -0.5569 -0.8290
vn -0.1387 -0.7493 -0.6476
vn -0.1281 -0.7464 -0.6531
vn -0.0905 -0.6594 -0.7464
vn -0.1576 -0.8148 -0.5579
vn -0.1450 -0.8161 -0.5594
vn -0.1157 -0.7460 -0.6559
vn -0.1696 -0.8719 -0.4595
vn -0.1583 -0.8755 -0.4566
vn -0.1322 -0.8175 -0.5606
vn -0.1784 -0.9206 -0.3473
vn -0.1686 -0.9222 -0.3479
vn -0.1498 -0.8769 -0.4568
vn -0.1844 -0.9566 -0.2255
vn -0.1704 -0.9584 -0.2290
vn -0.1579 -0.9245 -0.3469
vn -0.1767 -0.9775 -0.1151
vn -0.1659 -0.9793 -0.1161
vn -0.1577 -0.9599 -0.2318
vn -0.1709 -0.9853 0.0044
vn -0.1580 -0.9874 0.0051
vn -0.1535 -0.9813 -0.1160
vn -0.1587 -0.9801 0.1194
vn -0.1438 -0.9822 0.1208
vn -0.1427 -0.9898 0.0057
vn -0.1403 -0.9617 0.2357
vn -0.1238 -0.9637 0.2367
vn -0.1272 -0.9845 0.1210
vn -0.1157 -0.9277 0.3548
vn -0.1010 -0.9289 0.3563
vn -0.1074 -0.9652 0.2384
vn -0.0894 -0.8782 0.4698
vn -0.0766 -0.8781 0.4724
vn -0.0868 -0.9296 0.3582
vn -0.0605 -0.8100 0.5833
vn -0.0474 -0.8092 0.5856
vn -0.0619 -0.8781 0.4745
vn -0.0291 -0.7260 0.6871
vn -0.0155 -0.7243 0.6893
vn -0.0338 -0.8083 0.5878
vn 0.0063 -0.6270 0.7790
vn 0.0166 -0.6242 0.7811
vn -0.0039 -0.7229 0.6910
vn 0.0372 -0.5192 0.8539
vn 0.0452 -0.5138 0.8567
vn 0.0274 -0.6211 0.7833
vn 0.0624 -0.4087 0.9105
vn 0.0672 -0.4038 0.9124
vn 0.0519 -0.5092 0.8591
vn 0.0829 -0.3003 0.9502
vn 0.0848 -0.2945 0.9519
vn 0.0737 -0.4000 0.9136
vn 0.0957 -0.1940 0.9763
vn 0.0930 -0.1890 0.9776
vn 0.0834 -0.2903 0.9533
vn 0.1031 -0.0859 0.9909
vn 0.0971 -0.0811 0.9920
vn 0.0914 -0.1848 0.9785
vn 0.1049 0.0233 0.9942
vn 0.0940 0.0262 0.9952
vn 0.0908 -0.0763 0.9929
vn 0.0976 0.1276 0.9870
vn 0.0836 0.1292 0.9881
vn 0.0820 0.0312 0.9961
vn 0.0858 0.2304 0.9693
vn 0.0677 0.2337 0.9700
vn 0.0695 0.1304 0.9890
vn 0.0663 0.3381 0.9388
vn 0.0461 0.3402 0.9392
vn 0.0508 0.2355 0.9705
vn 0.0413 0.4585 0.8877
vn 0.0210 0.4600 0.8877
vn 0.0279 0.3392 0.9403
vn 0.0106 0.5809 0.8139
vn -0.0102 0.5836 0.8119
vn 0.0018 0.4590 0.8884
vn -0.0224 0.6930 0.7206
vn -0.0451 0.6925 0.7200
vn -0.0320 0.5832 0.8117
vn -0.0556 0.7820 0.6208
vn -0.0813 0.7805 0.6199
vn -0.0661 0.6912 0.7196
vn -0.0926 0.8524 0.5146
vn -0.1148 0.8499 0.5143
vn -0.1022 0.7785 0.6193
vn -0.1267 0.9086 0.3981
vn -0.1487 0.9052 0.3982
vn -0.1381 0.8472 0.5130
vn -0.1572 0.9479 0.2771
vn -0.1797 0.9443 0.2758
vn -0.1694 0.9015 0.3983
vn -0.1870 0.9717 0.1440
vn -0.2037 0.9686 0.1424
vn -0.1955 0.9416 0.2740
vn -0.2063 0.9785 0.0040
vn -0.2233 0.9747 0.0043
vn -0.2203 0.9652 0.1409
vn -0.2206 0.9662 -0.1334
vn -0.2339 0.9630 -0.1336
vn -0.2355 0.9719 0.0038
vn -0.2264 0.9372 -0.2655
vn -0.2342 0.9355 -0.2647
vn -0.2426 0.9609 -0.1333
vn -0.2230 0.8946 -0.3873
vn -0.2323 0.8924 -0.3869
vn -0.2457 0.9324 -0.2650
vn -0.2139 0.8375 -0.5028
vn -0.2207 0.8370 -0.5008
vn -0.2408 0.8908 -0.3854
vn -0.1969 0.7675 -0.6100
vn -0.2047 0.7660 -0.6093
vn -0.2299 0.8356 -0.4989
vn -0.1749 0.6810 -0.7111
vn -0.1810 0.6786 -0.7118
vn -0.2103 0.7656 -0.6080
vn -0.1462 0.5731 -0.8064
vn -0.1489 0.5701 -0.8079
vn -0.1855 0.6772 -0.7120
vn -0.1086 0.4441 -0.8894
vn -0.1098 0.4401 -0.8912
vn -0.1536 0.5667 -0.8095
vn -0.0650 0.3037 -0.9505
vn -0.0645 0.2986 -0.9522
vn -0.1115 0.4358 -0.8931
vn -0.0277 0.1882 -0.9817
vn -0.0278 0.1838 -0.9826
vn -0.0662 0.2930 -0.9538
vn 0.0002 0.1021 -0.9948
vn 0.0017 0.0989 -0.9951
vn -0.0283 0.1797 -0.9833
vn 0.0275 0.0314 -0.9991
vn 0.0257 0.0287 -0.9993
vn 0.0010 0.0944 -0.9955
vn 0.0539 -0.0357 -0.9979
vn 0.0568 -0.0351 -0.9978
vn 0.0283 0.0281 -0.9992
vn 0.0923 -0.1102 -0.9896
vn 0.0919 -0.1110 -0.9896
vn 0.0570 -0.0365 -0.9977
vn 0.1350 -0.2040 -0.9696
vn 0.1386 -0.2058 -0.9687
vn 0.0936 -0.1122 -0.9893
vn 0.1907 -0.3115 -0.9309
vn 0.1943 -0.3105 -0.9305
vn 0.1392 -0.2068 -0.9684
vn 0.2477 -0.4128 -0.8765
vn 0.2498 -0.4109 -0.8768
vn 0.1956 -0.3117 -0.9298
vn 0.3001 -0.4970 -0.8142
vn 0.3058 -0.4942 -0.8138
vn 0.2546 -0.4052 -0.8781
vn 0.3539 -0.5797 -0.7339
vn 0.3608 -0.5737 -0.7353
vn 0.3106 -0.4920 -0.8133
vn 0.4084 -0.6564 -0.6344
vn 0.4156 -0.6517 -0.6345
vn 0.3645 -0.5703 -0.7361
vn 0.4579 -0.7234 -0.5168
vn 0.4609 -0.7204 -0.5183
vn 0.4159 -0.6507 -0.6353
vn 0.4966 -0.7743 -0.3923
vn 0.4982 -0.7734 -0.3921
vn 0.4646 -0.7165 -0.5204
vn 0.5212 -0.8128 -0.2602
vn 0.5232 -0.8123 -0.2575
vn 0.5014 -0.7713 -0.3920
vn 0.5362 -0.8346 -0.1263
vn 0.5365 -0.8342 -0.1280
vn 0.5245 -0.8127 -0.2539
vn 0.5399 -0.8417 -0.0052
vn 0.5341 -0.8454 -0.0030
vn 0.5308 -0.8381 -0.1258
vn 0.5307 -0.8400 0.1126
vn 0.5238 -0.8440 0.1153
vn 0.5266 -0.8501 -0.0009
vn 0.5129 -0.8264 0.2323
vn 0.4942 -0.8343 0.2444
vn 0.5106 -0.8517 0.1179
vn 0.4706 -0.8014 0.3692
vn 0.4453 -0.8121 0.3772
vn 0.4678 -0.8469 0.2529
vn 0.4119 -0.7640 0.4966
vn 0.3382 -0.7880 0.5144
vn 0.3806 -0.8362 0.3949
vn 0.2963 -0.7117 0.6369
vn 0.1289 -0.7177 0.6843
vn 0.1904 -0.8090 0.5561
vn 0.0807 -0.6118 0.7869
vn -0.1136 -0.5747 0.8105
vn -0.0317 -0.6826 0.7301
vn -0.1778 -0.4584 0.8708
vn -0.3797 -0.4192 0.8247
vn -0.3258 -0.5087 0.7969
vn -0.4267 -0.3157 0.8475
vn -0.6249 -0.2890 0.7252
vn -0.5995 -0.3674 0.7110
vn -0.6398 -0.2333 0.7322
vn -0.7774 -0.2247 0.5875
vn -0.7606 -0.2647 0.5928
vn -0.8604 -0.2019 0.4678
vn -0.8483 -0.2390 0.4725
vn -0.9156 -0.1801 0.3595
vn -0.9072 -0.2222 0.3573
vn -0.9225 -0.1477 0.3566
vn -0.9588 -0.1336 0.2507
vn -0.9527 -0.1714 0.2511
vn -0.9804 -0.1262 0.1515
vn -0.9641 -0.0984 0.2467
vn -0.9834 -0.0954 0.1543
vn -0.9944 -0.0924 0.0515
vn -0.9870 -0.0522 0.1522
vn -0.9973 -0.0499 0.0547
vn -0.9977 -0.0481 -0.0482
vn -0.9984 -0.0045 0.0556
vn -0.9991 -0.0027 -0.0434
vn -0.9898 -0.0006 -0.1425
vn -0.9981 0.0466 -0.0406
vn -0.9898 0.0534 -0.1324
vn -0.9706 0.0618 -0.2326
vn -0.9879 0.0905 -0.1262
vn -0.9678 0.1138 -0.2245
vn -0.9359 0.1362 -0.3250
vn -0.9646 0.1549 -0.2135
vn -0.9343 0.1817 -0.3066
vn -0.8977 0.2142 -0.3851
vn -0.9331 0.2234 -0.2820
vn -0.8905 0.2690 -0.3669
vn -0.8294 0.3274 -0.4526
vn -0.8819 0.3372 -0.3294
vn -0.8258 0.3917 -0.4058
vn -0.7587 0.4490 -0.4721
vn -0.8202 0.4605 -0.3395
vn -0.7595 0.5215 -0.3889
vn -0.7097 0.5645 -0.4216
vn -0.7600 0.5825 -0.2883
vn -0.7087 0.6335 -0.3105
vn -0.6743 0.6627 -0.3259
vn -0.7031 0.6810 -0.2047
vn -0.6833 0.6986 -0.2124
vn -0.6302 0.7425 -0.2270
vn -0.6837 0.7224 -0.1029
vn -0.6292 0.7698 -0.1070
vn -0.5926 0.7978 -0.1111
vn -0.6242 0.7812 0.0094
vn -0.5982 0.8013 0.0063
vn -0.5747 0.8184 0.0016
vn -0.5997 0.7918 0.1158
vn -0.5712 0.8125 0.1163
vn -0.5431 0.8315 0.1164
vn -0.5644 0.7933 0.2285
vn -0.5347 0.8131 0.2301
vn -0.5063 0.8309 0.2309
vn -0.5157 0.7833 0.3472
vn -0.4870 0.7981 0.3549
vn -0.4668 0.8080 0.3594
vn -0.4628 0.7531 0.4675
vn -0.4396 0.7660 0.4691
vn -0.4224 0.7727 0.4739
vn -0.3973 0.6996 0.5939
vn -0.3802 0.7072 0.5961
vn -0.3616 0.7153 0.5980
vn -0.3233 0.6143 0.7199
vn -0.3051 0.6221 0.7210
vn -0.2954 0.6292 0.7189
vn -0.2367 0.4955 0.8358
vn -0.2292 0.5037 0.8329
vn -0.2189 0.5104 0.8316
vn -0.1491 0.3476 0.9257
vn -0.1416 0.3607 0.9219
vn -0.1380 0.3687 0.9192
vn -0.0742 0.2221 0.9722
vn -0.0751 0.2325 0.9697
vn -0.0737 0.2405 0.9678
vn -0.0306 0.1359 0.9903
vn -0.0272 0.1419 0.9895
vn -0.0273 0.1460 0.9889
vn 0.0037 0.0726 0.9974
vn 0.0026 0.0780 0.9969
vn 0.0038 0.0808 0.9967
vn 0.0322 0.0134 0.9994
vn 0.0341 0.0176 0.9993
vn 0.0324 0.0211 0.9993
vn 0.0618 -0.0458 0.9970
vn 0.0608 -0.0430 0.9972
vn 0.0582 -0.0416 0.9974
vn 0.0949 -0.1181 0.9885
vn 0.0940 -0.1166 0.9887
vn 0.0926 -0.1151 0.9890
vn 0.1402 -0.2114 0.9673
vn 0.1379 -0.2128 0.9673
vn 0.1342 -0.2137 0.9676
vn 0.1913 -0.3239 0.9266
vn 0.1844 -0.3265 0.9270
vn 0.1807 -0.3268 0.9277
vn 0.2321 -0.4313 0.8719
vn 0.2236 -0.4327 0.8734
vn 0.2173 -0.4336 0.8745
vn 0.2638 -0.5278 0.8074
vn 0.2576 -0.5300 0.8079
vn 0.2493 -0.5341 0.8078
vn 0.2969 -0.6253 0.7217
vn 0.2893 -0.6277 0.7227
vn 0.2775 -0.6319 0.7237
vn 0.3259 -0.7197 0.6131
vn 0.3154 -0.7244 0.6129
vn 0.3087 -0.7284 0.6116
vn 0.3463 -0.7996 0.4907
vn 0.3372 -0.8027 0.4919
vn 0.3233 -0.8086 0.4917
vn 0.3570 -0.8576 0.3701
vn 0.3442 -0.8624 0.3712
vn 0.3329 -0.8670 0.3709
vn 0.3558 -0.9006 0.2496
vn 0.3478 -0.9034 0.2506
vn 0.3331 -0.9091 0.2501
vn 0.3549 -0.9267 0.1235
vn 0.3416 -0.9315 0.1249
vn 0.3269 -0.9366 0.1257
vn 0.3445 -0.9388 -0.0051
vn 0.3292 -0.9443 -0.0054
vn 0.3159 -0.9488 -0.0057
vn 0.3256 -0.9350 -0.1404
vn 0.3128 -0.9396 -0.1389
vn 0.2977 -0.9448 -0.1370
vn 0.3053 -0.9154 -0.2623
vn 0.2880 -0.9213 -0.2613
vn 0.2744 -0.9260 -0.2592
vn 0.2757 -0.8837 -0.3783
vn 0.2624 -0.8882 -0.3771
vn 0.2507 -0.8920 -0.3761
vn 0.2479 -0.8324 -0.4956
vn 0.2358 -0.8363 -0.4950
vn 0.2250 -0.8394 -0.4947
vn 0.2149 -0.7592 -0.6143
vn 0.2084 -0.7625 -0.6125
vn 0.1973 -0.7664 -0.6114
vn 0.1847 -0.6627 -0.7258
vn 0.1754 -0.6669 -0.7242
vn 0.1670 -0.6708 -0.7226
vn 0.1518 -0.5625 -0.8128
vn 0.1450 -0.5666 -0.8111
vn 0.1393 -0.5708 -0.8092
vn 0.1216 -0.4533 -0.8830
vn 0.1178 -0.4568 -0.8818
vn 0.1140 -0.4615 -0.8798
vn 0.0984 -0.3484 -0.9322
vn 0.0950 -0.3510 -0.9316
vn 0.0945 -0.3550 -0.9301
vn 0.0788 -0.2508 -0.9648
vn 0.0792 -0.2536 -0.9641
vn 0.0823 -0.2569 -0.9629
vn 0.0659 -0.1523 -0.9861
vn 0.0698 -0.1554 -0.9854
vn 0.0759 -0.1599 -0.9842
vn 0.0583 -0.0585 -0.9966
vn 0.0675 -0.0614 -0.9958
vn 0.0748 -0.0635 -0.9952
vn 0.0605 0.0421 -0.9973
vn 0.0726 0.0403 -0.9965
vn 0.0819 0.0388 -0.9959
vn 0.0697 0.1391 -0.9878
vn 0.0843 0.1364 -0.9871
vn 0.0988 0.1352 -0.9859
vn 0.0869 0.2418 -0.9664
vn 0.1047 0.2378 -0.9657
vn 0.1204 0.2349 -0.9645
vn 0.1113 0.3450 -0.9320
vn 0.1337 0.3425 -0.9300
vn 0.1566 0.3384 -0.9279
vn 0.1479 0.4566 -0.8773
vn 0.1737 0.4522 -0.8748
vn 0.2023 0.4477 -0.8710
vn 0.1940 0.5701 -0.7983
vn 0.2257 0.5636 -0.7946
vn 0.2529 0.5571 -0.7910
vn 0.2435 0.6673 -0.7039
vn 0.2791 0.6571 -0.7002
vn 0.3022 0.6509 -0.6964
vn 0.2983 0.7438 -0.5982
vn 0.3254 0.7341 -0.5960
vn 0.3559 0.7237 -0.5913
vn 0.3462 0.8069 -0.4786
vn 0.3758 0.7952 -0.4758
vn 0.3952 0.7857 -0.4759
vn 0.3895 0.8455 -0.3652
vn 0.4114 0.8367 -0.3616
vn 0.4310 0.8275 -0.3599
vn 0.4235 0.8729 -0.2420
vn 0.4414 0.8641 -0.2420
vn 0.4571 0.8563 -0.2407
vn 0.4485 0.8857 -0.1200
vn 0.4638 0.8777 -0.1207
vn 0.4791 0.8697 -0.1183
vn 0.4661 0.8847 0.0062
vn 0.4829 0.8756 0.0068
vn 0.4939 0.8695 0.0075
vn 0.4794 0.8677 0.1317
vn 0.4913 0.8611 0.1310
vn 0.5044 0.8534 0.1316
vn 0.4830 0.8369 0.2576
vn 0.4955 0.8296 0.2573
vn 0.5072 0.8225 0.2574
vn 0.4819 0.7929 0.3730
vn 0.4939 0.7852 0.3735
vn 0.5020 0.7801 0.3735
vn 0.4724 0.7353 0.4860
vn 0.4829 0.7306 0.4827
vn 0.4947 0.7217 0.4842
vn 0.4572 0.6680 0.5872
vn 0.4714 0.6612 0.5836
vn 0.4797 0.6549 0.5839
vn 0.4388 0.5843 0.6827
vn 0.4483 0.5817 0.6787
vn 0.4614 0.5733 0.6771
vn 0.4099 0.4912 0.7686
vn 0.4225 0.4808 0.7683
vn 0.4307 0.4775 0.7658
vn 0.3785 0.3834 0.8425
vn 0.3850 0.3773 0.8423
vn 0.3872 0.3696 0.8447
vn 0.3390 0.2758 0.8995
vn 0.3431 0.2713 0.8993
vn 0.3460 0.2608 0.9012
vn 0.2928 0.1639 0.9420
vn 0.2987 0.1589 0.9410
vn 0.2985 0.1551 0.9417
vn 0.2435 0.0494 0.9686
vn 0.2459 0.0454 0.9682
vn 0.2454 0.0409 0.9686
vn 0.1946 -0.0581 0.9792
vn 0.1952 -0.0600 0.9789
vn 0.1962 -0.0607 0.9787
vn 0.1446 -0.1604 0.9764
vn 0.1449 -0.1652 0.9756
vn 0.1484 -0.1715 0.9739
vn 0.0958 -0.2684 0.9585
vn 0.0975 -0.2693 0.9581
vn 0.1031 -0.2750 0.9559
vn 0.0480 -0.3699 0.9278
vn 0.0530 -0.3725 0.9265
vn -0.0005 -0.4648 0.8854
vn 0.0047 -0.4687 0.8833
vn -0.0521 -0.5650 0.8235
vn -0.0457 -0.5671 0.8224
vn -0.0322 -0.5648 0.8246
vn -0.0922 -0.6521 0.7525
vn -0.0821 -0.6604 0.7464
vn -0.0729 -0.6633 0.7448
vn -0.1289 -0.7493 0.6496
vn -0.1236 -0.7443 0.6563
vn -0.1037 -0.7426 0.6617
vn -0.1694 -0.8188 0.5485
vn -0.1508 -0.8243 0.5457
vn -0.0973 -0.8362 0.5397
vn -0.1861 -0.8859 0.4248
vn -0.1383 -0.9004 0.4125
vn -0.0680 -0.9139 0.4002
vn -0.1639 -0.9415 0.2944
vn -0.1033 -0.9533 0.2838
vn -0.0132 -0.9644 0.2639
vn -0.1291 -0.9762 0.1740
vn -0.0395 -0.9856 0.1643
vn 0.0808 -0.9887 0.1265
vn -0.0658 -0.9968 0.0455
vn 0.0591 -0.9981 0.0154
vn -0.1428 -0.9876 0.0652
vn -0.1449 -0.9892 -0.0215
vn -0.0733 -0.9967 -0.0350
vn -0.1425 -0.9847 -0.1003
vn -0.0724 -0.9923 -0.1000
vn -0.1347 -0.9732 -0.1864
vn -0.0582 -0.9797 -0.1920
vn 0.0874 -0.9808 -0.1741
vn -0.0337 -0.9615 -0.2729
vn 0.1119 -0.9635 -0.2431
vn -0.1176 -0.9511 -0.2856
vn -0.0915 -0.9161 -0.3904
vn 0.0087 -0.9248 -0.3804
vn -0.1472 -0.9010 -0.4081
vn -0.1170 -0.8456 -0.5209
vn -0.0526 -0.8637 -0.5012
vn -0.1561 -0.8379 -0.5231
vn -0.1069 -0.7590 -0.6422
vn -0.0740 -0.7719 -0.6315
vn -0.1314 -0.7451 -0.6538
vn -0.0852 -0.6700 -0.7374
vn -0.0620 -0.6734 -0.7367
vn -0.0932 -0.6718 -0.7349
vn -0.0354 -0.5648 -0.8245
vn -0.0318 -0.5748 -0.8176
vn 0.0120 -0.4814 -0.8764
vn 0.0225 -0.4749 -0.8798
vn 0.0098 -0.4750 -0.8800
vn 0.0640 -0.3664 -0.9282
vn 0.0681 -0.3753 -0.9244
vn -0.0457 -0.5726 -0.8186
vn -0.0435 -0.5715 -0.8195
vn 0.0066 -0.4700 -0.8827
vn -0.0984 -0.6649 -0.7405
vn -0.1093 -0.6693 -0.7349
vn -0.0518 -0.5722 -0.8185
vn -0.1425 -0.7426 -0.6544
vn -0.1518 -0.7472 -0.6471
vn -0.0992 -0.6640 -0.7411
vn -0.1899 -0.8142 -0.5487
vn -0.1709 -0.8128 -0.5569
vn -0.1440 -0.7557 -0.6389
vn -0.2010 -0.8696 -0.4511
vn -0.1939 -0.8696 -0.4542
vn -0.1674 -0.8136 -0.5568
vn -0.2144 -0.9164 -0.3380
vn -0.2030 -0.9181 -0.3404
vn -0.1815 -0.8701 -0.4582
vn -0.2174 -0.9494 -0.2264
vn -0.2043 -0.9525 -0.2259
vn -0.1897 -0.9200 -0.3429
vn -0.2146 -0.9700 -0.1139
vn -0.2034 -0.9726 -0.1129
vn -0.1933 -0.9552 -0.2242
vn -0.2082 -0.9781 -0.0037
vn -0.1962 -0.9806 -0.0011
vn -0.1916 -0.9749 -0.1133
vn -0.1968 -0.9735 0.1165
vn -0.1823 -0.9762 0.1179
vn -0.1817 -0.9834 0.0022
vn -0.1776 -0.9565 0.2316
vn -0.1655 -0.9579 0.2346
vn -0.1710 -0.9781 0.1184
vn -0.1546 -0.9255 0.3458
vn -0.1443 -0.9266 0.3473
vn -0.1541 -0.9596 0.2353
vn -0.1301 -0.8771 0.4623
vn -0.1195 -0.8772 0.4651
vn -0.1331 -0.9267 0.3516
vn -0.0970 -0.8103 0.5779
vn -0.0845 -0.8104 0.5797
vn -0.1034 -0.8783 0.4668
vn -0.0592 -0.7312 0.6796
vn -0.0479 -0.7313 0.6804
vn -0.0710 -0.8103 0.5816
vn -0.0206 -0.6376 0.7701
vn -0.0154 -0.6340 0.7732
vn -0.0404 -0.7289 0.6834
vn 0.0134 -0.5335 0.8457
vn 0.0179 -0.5295 0.8481
vn -0.0070 -0.6306 0.7761
vn 0.0451 -0.4272 0.9030
vn 0.0507 -0.4213 0.9055
vn 0.0287 -0.5250 0.8506
vn 0.0739 -0.3170 0.9456
vn 0.0771 -0.3113 0.9472
vn 0.0569 -0.4146 0.9082
vn 0.0985 -0.2085 0.9730
vn 0.0981 -0.2035 0.9742
vn 0.0798 -0.3054 0.9489
vn 0.1201 -0.0968 0.9880
vn 0.1163 -0.0938 0.9888
vn 0.0985 -0.1988 0.9751
vn 0.1346 0.0104 0.9908
vn 0.1242 0.0160 0.9921
vn 0.1096 -0.0896 0.9899
vn 0.1424 0.1151 0.9831
vn 0.1251 0.1178 0.9851
vn 0.1152 0.0208 0.9931
vn 0.1388 0.2202 0.9655
vn 0.1231 0.2222 0.9672
vn 0.1143 0.1234 0.9858
vn 0.1370 0.3341 0.9325
vn 0.1087 0.3380 0.9348
vn 0.1029 0.2261 0.9687
vn 0.1209 0.4524 0.8836
vn 0.0962 0.4543 0.8856
vn 0.0916 0.3385 0.9365
vn 0.0987 0.5756 0.8118
vn 0.0691 0.5778 0.8132
vn 0.0673 0.4583 0.8862
vn 0.0686 0.6880 0.7225
vn 0.0341 0.6906 0.7225
vn 0.0374 0.5793 0.8143
vn 0.0297 0.7834 0.6209
vn -0.0071 0.7843 0.6203
vn -0.0000 0.6922 0.7217
vn -0.0109 0.8581 0.5133
vn -0.0380 0.8568 0.5142
vn -0.0315 0.7838 0.6202
vn -0.0431 0.9149 0.4014
vn -0.0720 0.9132 0.4010
vn -0.0643 0.8555 0.5139
vn -0.0782 0.9574 0.2781
vn -0.1087 0.9546 0.2774
vn -0.1012 0.9111 0.3995
vn -0.1121 0.9829 0.1457
vn -0.1383 0.9795 0.1466
vn -0.1341 0.9513 0.2777
vn -0.1401 0.9901 0.0059
vn -0.1675 0.9859 0.0052
vn -0.1642 0.9756 0.1459
vn -0.1650 0.9768 -0.1368
vn -0.1875 0.9730 -0.1345
vn -0.1903 0.9817 0.0043
vn -0.1808 0.9466 -0.2669
vn -0.1975 0.9431 -0.2675
vn -0.2039 0.9699 -0.1334
vn -0.1870 0.9015 -0.3904
vn -0.2001 0.8992 -0.3890
vn -0.2127 0.9400 -0.2668
vn -0.1837 0.8435 -0.5047
vn -0.1973 0.8407 -0.5043
vn -0.2136 0.8969 -0.3872
vn -0.1767 0.7706 -0.6123
vn -0.1853 0.7696 -0.6111
vn -0.2068 0.8389 -0.5035
vn -0.1591 0.6840 -0.7120
vn -0.1653 0.6830 -0.7115
vn -0.1919 0.7688 -0.6100
vn -0.1341 0.5775 -0.8053
vn -0.1362 0.5768 -0.8055
vn -0.1700 0.6820 -0.7113
vn -0.0991 0.4530 -0.8860
vn -0.1017 0.4500 -0.8872
vn -0.1409 0.5753 -0.8057
vn -0.0615 0.3171 -0.9464
vn -0.0624 0.3138 -0.9474
vn -0.1049 0.4475 -0.8881
vn -0.0290 0.1992 -0.9795
vn -0.0298 0.1954 -0.9803
vn -0.0659 0.3085 -0.9489
vn -0.0028 0.1116 -0.9938
vn -0.0029 0.1089 -0.9940
vn -0.0298 0.1921 -0.9809
vn 0.0217 0.0369 -0.9991
vn 0.0222 0.0340 -0.9992
vn -0.0011 0.1062 -0.9943
vn 0.0468 -0.0338 -0.9983
vn 0.0507 -0.0331 -0.9982
vn 0.0254 0.0324 -0.9992
vn 0.0814 -0.1097 -0.9906
vn 0.0833 -0.1099 -0.9904
vn 0.0530 -0.0346 -0.9980
vn 0.1241 -0.2068 -0.9705
vn 0.1286 -0.2046 -0.9704
vn 0.0865 -0.1110 -0.9900
vn 0.1810 -0.3149 -0.9317
vn 0.1860 -0.3136 -0.9312
vn 0.1353 -0.2015 -0.9701
vn 0.2317 -0.4189 -0.8780
vn 0.2401 -0.4162 -0.8770
vn 0.1880 -0.3134 -0.9308
vn 0.2826 -0.5087 -0.8133
vn 0.2903 -0.5065 -0.8119
vn 0.2429 -0.4147 -0.8769
vn 0.3362 -0.5911 -0.7332
vn 0.3423 -0.5870 -0.7336
vn 0.2961 -0.5016 -0.8129
vn 0.3866 -0.6717 -0.6319
vn 0.3960 -0.6650 -0.6332
vn 0.3492 -0.5836 -0.7331
vn 0.4372 -0.7370 -0.5154
vn 0.4438 -0.7333 -0.5151
vn 0.4018 -0.6599 -0.6349
vn 0.4744 -0.7888 -0.3907
vn 0.4839 -0.7835 -0.3897
vn 0.4506 -0.7280 -0.5167
vn 0.5054 -0.8218 -0.2630
vn 0.5129 -0.8178 -0.2610
vn 0.4908 -0.7786 -0.3910
vn 0.5230 -0.8413 -0.1367
vn 0.5304 -0.8373 -0.1326
vn 0.5204 -0.8134 -0.2597
vn 0.5305 -0.8476 -0.0102
vn 0.5355 -0.8445 -0.0106
vn 0.5324 -0.8370 -0.1266
vn 0.5347 -0.8380 0.1089
vn 0.5354 -0.8376 0.1080
vn 0.5402 -0.8415 -0.0093
vn 0.5266 -0.8188 0.2287
vn 0.5248 -0.8203 0.2274
vn 0.5353 -0.8375 0.1095
vn 0.5050 -0.7857 0.3573
vn 0.5010 -0.7878 0.3582
vn 0.5205 -0.8228 0.2283
vn 0.4701 -0.7350 0.4886
vn 0.4591 -0.7422 0.4882
vn 0.4891 -0.7928 0.3636
vn 0.4270 -0.6776 0.5988
vn 0.4070 -0.6892 0.5995
vn 0.4448 -0.7504 0.4889
vn 0.3618 -0.6098 0.7052
vn 0.3288 -0.6199 0.7125
vn 0.3727 -0.6999 0.6093
vn 0.2580 -0.5105 0.8202
vn 0.1598 -0.5042 0.8487
vn 0.2343 -0.6233 0.7461
vn 0.0881 -0.3901 0.9165
vn -0.0430 -0.3680 0.9288
vn 0.0226 -0.4853 0.8741
vn -0.1046 -0.2692 0.9574
vn -0.2779 -0.2486 0.9279
vn -0.2263 -0.3458 0.9106
vn -0.3228 -0.1878 0.9276
vn -0.4896 -0.1862 0.8518
vn -0.4629 -0.2348 0.8547
vn -0.5178 -0.1377 0.8444
vn -0.6810 -0.1363 0.7195
vn -0.6580 -0.1825 0.7305
vn -0.8076 -0.1281 0.5757
vn -0.7925 -0.1740 0.5845
vn -0.8835 -0.1183 0.4532
vn -0.8737 -0.1608 0.4591
vn -0.8940 -0.0659 0.4433
vn -0.9367 -0.0574 0.3455
vn -0.9302 -0.1070 0.3510
vn -0.9405 -0.0109 0.3395
vn -0.9703 -0.0081 0.2419
vn -0.9676 -0.0566 0.2462
vn -0.9886 -0.0075 0.1506
vn -0.9709 0.0379 0.2366
vn -0.9883 0.0365 0.1483
vn -0.9978 0.0375 0.0555
vn -0.9863 0.0761 0.1464
vn -0.9958 0.0704 0.0580
vn -0.9963 0.0738 -0.0431
vn -0.9907 0.1246 0.0551
vn -0.9919 0.1235 -0.0308
vn -0.9833 0.1301 -0.1276
vn -0.9862 0.1643 -0.0205
vn -0.9774 0.1752 -0.1182
vn -0.9606 0.1942 -0.1990
vn -0.9715 0.2142 -0.1012
vn -0.9543 0.2403 -0.1777
vn -0.9266 0.2811 -0.2496
vn -0.9396 0.3124 -0.1398
vn -0.9123 0.3501 -0.2125
vn -0.9539 0.2941 -0.0601
vn -0.9302 0.3644 -0.0437
vn -0.9148 0.3924 -0.0957
vn -0.8739 0.4858 -0.0193
vn -0.8654 0.4952 -0.0766
vn -0.8013 0.5920 -0.0862
vn -0.8092 0.5874 0.0059
vn -0.7611 0.6486 0.0069
vn -0.8212 0.5626 0.0958
vn -0.7674 0.6341 0.0949
vn -0.7133 0.6929 0.1050
vn -0.7643 0.6117 0.2041
vn -0.7059 0.6715 0.2253
vn -0.6603 0.7165 0.2248
vn -0.7045 0.6426 0.3014
vn -0.6625 0.6810 0.3118
vn -0.6239 0.7117 0.3227
vn -0.6498 0.6354 0.4172
vn -0.6050 0.6665 0.4356
vn -0.5598 0.6961 0.4495
vn -0.5781 0.6011 0.5518
vn -0.5300 0.6325 0.5648
vn -0.4894 0.6548 0.5760
vn -0.4821 0.5393 0.6905
vn -0.4355 0.5653 0.7006
vn -0.3990 0.5813 0.7092
vn -0.3420 0.4323 0.8344
vn -0.3138 0.4442 0.8392
vn -0.2852 0.4616 0.8400
vn -0.2074 0.2775 0.9381
vn -0.1826 0.2922 0.9388
vn -0.1659 0.3086 0.9366
vn -0.1088 0.1680 0.9798
vn -0.0913 0.1796 0.9795
vn -0.0879 0.1897 0.9779
vn -0.0472 0.0951 0.9943
vn -0.0424 0.1049 0.9936
vn -0.0354 0.1146 0.9928
vn -0.0108 0.0417 0.9991
vn -0.0067 0.0522 0.9986
vn -0.0033 0.0578 0.9983
vn 0.0275 -0.0136 0.9995
vn 0.0306 -0.0056 0.9995
vn 0.0330 0.0010 0.9995
vn 0.0631 -0.0730 0.9953
vn 0.0661 -0.0646 0.9957
vn 0.0619 -0.0599 0.9963
vn 0.0990 -0.1378 0.9855
vn 0.0972 -0.1308 0.9866
vn 0.0949 -0.1248 0.9876
vn 0.1470 -0.2204 0.9643
vn 0.1429 -0.2209 0.9648
vn 0.1483 -0.2152 0.9652
vn 0.2031 -0.3260 0.9233
vn 0.2024 -0.3242 0.9241
vn 0.2007 -0.3234 0.9247
vn 0.2574 -0.4263 0.8672
vn 0.2545 -0.4264 0.8680
vn 0.2488 -0.4265 0.8696
vn 0.3001 -0.5167 0.8019
vn 0.2967 -0.5185 0.8019
vn 0.2890 -0.5210 0.8032
vn 0.3421 -0.6073 0.7170
vn 0.3323 -0.6113 0.7182
vn 0.3235 -0.6138 0.7201
vn 0.3753 -0.6946 0.6137
vn 0.3649 -0.7010 0.6127
vn 0.3587 -0.7045 0.6124
vn 0.4016 -0.7716 0.4933
vn 0.3916 -0.7765 0.4937
vn 0.3787 -0.7833 0.4930
vn 0.4168 -0.8302 0.3703
vn 0.4048 -0.8359 0.3706
vn 0.3940 -0.8413 0.3700
vn 0.4222 -0.8718 0.2484
vn 0.4102 -0.8774 0.2488
vn 0.3989 -0.8827 0.2483
vn 0.4193 -0.8995 0.1226
vn 0.4073 -0.9047 0.1250
vn 0.3935 -0.9107 0.1255
vn 0.4086 -0.9127 -0.0076
vn 0.3980 -0.9173 -0.0071
vn 0.3830 -0.9237 -0.0067
vn 0.3941 -0.9084 -0.1397
vn 0.3796 -0.9146 -0.1391
vn 0.3652 -0.9205 -0.1391
vn 0.3701 -0.8908 -0.2634
vn 0.3582 -0.8955 -0.2642
vn 0.3434 -0.9011 -0.2648
vn 0.3453 -0.8568 -0.3830
vn 0.3294 -0.8633 -0.3823
vn 0.3187 -0.8674 -0.3823
vn 0.3099 -0.8057 -0.5048
vn 0.2966 -0.8123 -0.5022
vn 0.2869 -0.8179 -0.4988
vn 0.2697 -0.7389 -0.6175
vn 0.2617 -0.7415 -0.6178
vn 0.2488 -0.7472 -0.6163
vn 0.2306 -0.6477 -0.7262
vn 0.2203 -0.6512 -0.7263
vn 0.2131 -0.6542 -0.7256
vn 0.1891 -0.5451 -0.8167
vn 0.1807 -0.5498 -0.8156
vn 0.1739 -0.5524 -0.8153
vn 0.1504 -0.4422 -0.8842
vn 0.1454 -0.4444 -0.8840
vn 0.1393 -0.4471 -0.8836
vn 0.1163 -0.3386 -0.9337
vn 0.1139 -0.3399 -0.9335
vn 0.1094 -0.3419 -0.9334
vn 0.0864 -0.2364 -0.9678
vn 0.0855 -0.2397 -0.9671
vn 0.0834 -0.2431 -0.9664
vn 0.0605 -0.1400 -0.9883
vn 0.0603 -0.1428 -0.9879
vn 0.0606 -0.1443 -0.9877
vn 0.0382 -0.0440 -0.9983
vn 0.0412 -0.0462 -0.9981
vn 0.0439 -0.0484 -0.9979
vn 0.0228 0.0463 -0.9987
vn 0.0268 0.0446 -0.9986
vn 0.0339 0.0429 -0.9985
vn 0.0117 0.1380 -0.9904
vn 0.0220 0.1407 -0.9898
vn 0.0314 0.1435 -0.9892
vn 0.0104 0.2416 -0.9703
vn 0.0221 0.2413 -0.9702
vn 0.0336 0.2412 -0.9699
vn 0.0111 0.3500 -0.9367
vn 0.0272 0.3511 -0.9359
vn 0.0462 0.3510 -0.9353
vn 0.0194 0.4685 -0.8832
vn 0.0418 0.4677 -0.8829
vn 0.0669 0.4666 -0.8820
vn 0.0369 0.5872 -0.8086
vn 0.0665 0.5844 -0.8087
vn 0.0985 0.5823 -0.8069
vn 0.0646 0.6954 -0.7157
vn 0.1035 0.6899 -0.7165
vn 0.1431 0.6863 -0.7131
vn 0.1071 0.7822 -0.6138
vn 0.1525 0.7753 -0.6129
vn 0.1919 0.7688 -0.6099
vn 0.1592 0.8538 -0.4957
vn 0.2024 0.8451 -0.4949
vn 0.2408 0.8357 -0.4935
vn 0.2121 0.9020 -0.3761
vn 0.2502 0.8939 -0.3718
vn 0.2929 0.8816 -0.3701
vn 0.2579 0.9329 -0.2515
vn 0.3012 0.9208 -0.2480
vn 0.3370 0.9087 -0.2462
vn 0.3046 0.9446 -0.1218
vn 0.3433 0.9313 -0.1219
vn 0.3749 0.9193 -0.1193
vn 0.3446 0.9387 0.0054
vn 0.3791 0.9253 0.0062
vn 0.4058 0.9139 0.0072
vn 0.3765 0.9171 0.1311
vn 0.4050 0.9048 0.1312
vn 0.4275 0.8943 0.1325
vn 0.3992 0.8808 0.2548
vn 0.4206 0.8711 0.2537
vn 0.4405 0.8609 0.2546
vn 0.4099 0.8322 0.3734
vn 0.4288 0.8229 0.3727
vn 0.4442 0.8148 0.3725
vn 0.4121 0.7696 0.4878
vn 0.4262 0.7625 0.4868
vn 0.4421 0.7539 0.4861
vn 0.4047 0.6966 0.5925
vn 0.4201 0.6870 0.5929
vn 0.4287 0.6824 0.5920
vn 0.3918 0.6068 0.6916
vn 0.3992 0.6043 0.6895
vn 0.4085 0.6019 0.6862
vn 0.3666 0.5157 0.7744
vn 0.3744 0.5088 0.7752
vn 0.3822 0.5056 0.7735
vn 0.3397 0.4148 0.8441
vn 0.3451 0.4108 0.8439
vn 0.3508 0.4039 0.8449
vn 0.3051 0.3016 0.9033
vn 0.3089 0.2994 0.9027
vn 0.3175 0.2927 0.9019
vn 0.2669 0.1908 0.9446
vn 0.2724 0.1875 0.9437
vn 0.2816 0.1824 0.9420
vn 0.2244 0.0716 0.9719
vn 0.2307 0.0648 0.9709
vn 0.2338 0.0604 0.9704
vn 0.1860 -0.0391 0.9818
vn 0.1886 -0.0458 0.9810
vn 0.1873 -0.0518 0.9809
vn 0.1426 -0.1523 0.9780
vn 0.1421 -0.1555 0.9776
vn 0.1384 -0.1570 0.9779
vn 0.0972 -0.2602 0.9607
vn 0.0895 -0.2593 0.9616
vn 0.0904 -0.2590 0.9616
vn 0.0433 -0.3579 0.9327
vn 0.0451 -0.3580 0.9326
vn 0.0484 -0.3591 0.9320
vn 0.0018 -0.4588 0.8885
vn -0.0002 -0.4610 0.8874
vn 0.0018 -0.4626 0.8865
vn -0.0453 -0.5589 0.8280
vn -0.0461 -0.5616 0.8261
vn -0.0491 -0.5610 0.8263
vn -0.0916 -0.6548 0.7502
vn -0.0971 -0.6562 0.7483
vn -0.0986 -0.6533 0.7507
vn -0.1409 -0.7391 0.6588
vn -0.1449 -0.7388 0.6581
vn -0.1405 -0.7444 0.6528
vn -0.1843 -0.8120 0.5538
vn -0.1769 -0.8142 0.5530
vn -0.1681 -0.8189 0.5488
vn -0.2104 -0.8745 0.4371
vn -0.2024 -0.8752 0.4393
vn -0.2005 -0.8771 0.4364
vn -0.2286 -0.9180 0.3241
vn -0.2232 -0.9214 0.3181
vn -0.2098 -0.9274 0.3099
vn -0.2401 -0.9477 0.2105
vn -0.2224 -0.9531 0.2051
vn -0.1782 -0.9663 0.1856
vn -0.2281 -0.9693 0.0913
vn -0.1867 -0.9792 0.0795
vn -0.2291 -0.9733 -0.0162
vn -0.1905 -0.9816 -0.0156
vn -0.2294 -0.9679 -0.1029
vn -0.1881 -0.9774 -0.0967
vn -0.2243 -0.9540 -0.1991
vn -0.1800 -0.9650 -0.1905
vn -0.2092 -0.9238 -0.3208
vn -0.1668 -0.9391 -0.3005
vn -0.2256 -0.9163 -0.3308
vn -0.2053 -0.8823 -0.4237
vn -0.1901 -0.8870 -0.4208
vn -0.2127 -0.8762 -0.4325
vn -0.1861 -0.8234 -0.5360
vn -0.1783 -0.8325 -0.5246
vn -0.1833 -0.8170 -0.5467
vn -0.1484 -0.7567 -0.6367
vn -0.1386 -0.7474 -0.6497
vn -0.1817 -0.8137 -0.5521
vn -0.1515 -0.7520 -0.6416
vn -0.2186 -0.8752 -0.4315
vn -0.2186 -0.8716 -0.4389
vn -0.1870 -0.8181 -0.5439
vn -0.2367 -0.9115 -0.3364
vn -0.2325 -0.9119 -0.3381
vn -0.2107 -0.8690 -0.4477
vn -0.2509 -0.9422 -0.2221
vn -0.2415 -0.9446 -0.2221
vn -0.2257 -0.9141 -0.3370
vn -0.2478 -0.9616 -0.1178
vn -0.2362 -0.9646 -0.1175
vn -0.2278 -0.9474 -0.2247
vn -0.2389 -0.9710 -0.0046
vn -0.2289 -0.9734 -0.0057
vn -0.2262 -0.9672 -0.1153
vn -0.2264 -0.9679 0.1093
vn -0.2175 -0.9693 0.1149
vn -0.2187 -0.9758 -0.0054
vn -0.2100 -0.9520 0.2228
vn -0.1981 -0.9541 0.2244
vn -0.2058 -0.9717 0.1162
vn -0.1853 -0.9239 0.3348
vn -0.1816 -0.9230 0.3394
vn -0.1916 -0.9547 0.2277
vn -0.1630 -0.8723 0.4610
vn -0.1495 -0.8740 0.4624
vn -0.1682 -0.9238 0.3440
vn -0.1249 -0.8127 0.5691
vn -0.1122 -0.8120 0.5727
vn -0.1356 -0.8772 0.4606
vn -0.0863 -0.7346 0.6730
vn -0.0809 -0.7321 0.6763
vn -0.1080 -0.8097 0.5768
vn -0.0497 -0.6461 0.7617
vn -0.0413 -0.6448 0.7632
vn -0.0702 -0.7312 0.6786
vn -0.0092 -0.5482 0.8363
vn -0.0011 -0.5438 0.8392
vn -0.0311 -0.6415 0.7665
vn 0.0324 -0.4407 0.8971
vn 0.0368 -0.4365 0.8989
vn 0.0070 -0.5382 0.8428
vn 0.0695 -0.3346 0.9398
vn 0.0725 -0.3297 0.9413
vn 0.0431 -0.4321 0.9008
vn 0.1028 -0.2250 0.9689
vn 0.1002 -0.2193 0.9705
vn 0.0727 -0.3231 0.9436
vn 0.1296 -0.1126 0.9852
vn 0.1259 -0.1084 0.9861
vn 0.0986 -0.2139 0.9719
vn 0.1558 0.0004 0.9878
vn 0.1448 0.0032 0.9895
vn 0.1203 -0.1021 0.9875
vn 0.1725 0.1059 0.9793
vn 0.1645 0.1094 0.9803
vn 0.1420 0.0052 0.9899
vn 0.1889 0.2126 0.9587
vn 0.1744 0.2151 0.9609
vn 0.1533 0.1144 0.9815
vn 0.1996 0.3202 0.9261
vn 0.1817 0.3243 0.9283
vn 0.1632 0.2171 0.9624
vn 0.2003 0.4380 0.8764
vn 0.1743 0.4437 0.8790
vn 0.1558 0.3316 0.9304
vn 0.1962 0.5625 0.8032
vn 0.1634 0.5652 0.8086
vn 0.1492 0.4497 0.8806
vn 0.1777 0.6731 0.7179
vn 0.1416 0.6795 0.7199
vn 0.1328 0.5699 0.8109
vn 0.1513 0.7730 0.6161
vn 0.1084 0.7782 0.6186
vn 0.1034 0.6837 0.7224
vn 0.1127 0.8515 0.5121
vn 0.0682 0.8569 0.5110
vn 0.0686 0.7808 0.6210
vn 0.0692 0.9153 0.3967
vn 0.0274 0.9168 0.3984
vn 0.0277 0.8589 0.5113
vn 0.0271 0.9609 0.2755
vn -0.0123 0.9610 0.2764
vn -0.0119 0.9164 0.4000
vn -0.0126 0.9894 0.1448
vn -0.0479 0.9882 0.1453
vn -0.0462 0.9595 0.2779
vn -0.0493 0.9988 0.0064
vn -0.0836 0.9965 0.0056
vn -0.0822 0.9860 0.1452
vn -0.0825 0.9875 -0.1340
vn -0.1109 0.9847 -0.1344
vn -0.1125 0.9936 0.0059
vn -0.1063 0.9575 -0.2681
vn -0.1365 0.9539 -0.2672
vn -0.1400 0.9807 -0.1363
vn -0.1270 0.9106 -0.3932
vn -0.1503 0.9073 -0.3926
vn -0.1584 0.9507 -0.2667
vn -0.1388 0.8505 -0.5074
vn -0.1561 0.8482 -0.5061
vn -0.1703 0.9041 -0.3920
vn -0.1414 0.7761 -0.6146
vn -0.1532 0.7742 -0.6141
vn -0.1727 0.8453 -0.5056
vn -0.1306 0.6863 -0.7155
vn -0.1421 0.6844 -0.7152
vn -0.1652 0.7727 -0.6129
vn -0.1136 0.5800 -0.8067
vn -0.1203 0.5791 -0.8063
vn -0.1502 0.6842 -0.7137
vn -0.0880 0.4579 -0.8846
vn -0.0915 0.4561 -0.8852
vn -0.1264 0.5785 -0.8058
vn -0.0583 0.3283 -0.9428
vn -0.0602 0.3246 -0.9439
vn -0.0970 0.4542 -0.8856
vn -0.0317 0.2126 -0.9766
vn -0.0316 0.2087 -0.9775
vn -0.0617 0.3203 -0.9453
vn -0.0083 0.1214 -0.9926
vn -0.0069 0.1185 -0.9929
vn -0.0297 0.2046 -0.9784
vn 0.0151 0.0426 -0.9990
vn 0.0160 0.0418 -0.9990
vn -0.0060 0.1146 -0.9934
vn 0.0415 -0.0346 -0.9985
vn 0.0427 -0.0339 -0.9985
vn 0.0181 0.0395 -0.9991
vn 0.0731 -0.1152 -0.9906
vn 0.0757 -0.1142 -0.9906
vn 0.0457 -0.0332 -0.9984
vn 0.1135 -0.2111 -0.9708
vn 0.1197 -0.2088 -0.9706
vn 0.0792 -0.1114 -0.9906
vn 0.1632 -0.3197 -0.9334
vn 0.1696 -0.3187 -0.9326
vn 0.1226 -0.2071 -0.9706
vn 0.2123 -0.4251 -0.8799
vn 0.2181 -0.4228 -0.8796
vn 0.1717 -0.3188 -0.9321
vn 0.2619 -0.5168 -0.8151
vn 0.2689 -0.5139 -0.8146
vn 0.2279 -0.4182 -0.8793
vn 0.3107 -0.6060 -0.7322
vn 0.3180 -0.6023 -0.7322
vn 0.2745 -0.5112 -0.8145
vn 0.3601 -0.6876 -0.6305
vn 0.3681 -0.6809 -0.6332
vn 0.3244 -0.5989 -0.7322
vn 0.4078 -0.7564 -0.5115
vn 0.4177 -0.7498 -0.5132
vn 0.3789 -0.6750 -0.6331
vn 0.4477 -0.8058 -0.3875
vn 0.4580 -0.7999 -0.3879
vn 0.4257 -0.7438 -0.5153
vn 0.4781 -0.8381 -0.2627
vn 0.4907 -0.8311 -0.2615
vn 0.4684 -0.7928 -0.3900
vn 0.5011 -0.8546 -0.1364
vn 0.5104 -0.8491 -0.1362
vn 0.4961 -0.8277 -0.2622
vn 0.5142 -0.8576 -0.0123
vn 0.5213 -0.8533 -0.0101
vn 0.5179 -0.8444 -0.1372
vn 0.5169 -0.8487 0.1118
vn 0.5242 -0.8442 0.1125
vn 0.5277 -0.8494 -0.0101
vn 0.5151 -0.8249 0.2330
vn 0.5193 -0.8232 0.2294
vn 0.5280 -0.8419 0.1117
vn 0.5017 -0.7872 0.3587
vn 0.5032 -0.7874 0.3560
vn 0.5245 -0.8199 0.2295
vn 0.4716 -0.7350 0.4872
vn 0.4737 -0.7341 0.4866
vn 0.5073 -0.7846 0.3565
vn 0.4314 -0.6671 0.6073
vn 0.4310 -0.6688 0.6058
vn 0.4728 -0.7337 0.4880
vn 0.3853 -0.5911 0.7086
vn 0.3881 -0.5937 0.7049
vn 0.4328 -0.6697 0.6035
vn 0.3324 -0.5024 0.7982
vn 0.3261 -0.5064 0.7983
vn 0.3828 -0.5977 0.7044
vn 0.2616 -0.4062 0.8756
vn 0.2382 -0.4063 0.8822
vn 0.3066 -0.5113 0.8029
vn 0.1655 -0.3043 0.9381
vn 0.1014 -0.2990 0.9489
vn 0.1766 -0.4046 0.8973
vn 0.0426 -0.2212 0.9743
vn -0.0376 -0.2065 0.9777
vn 0.0210 -0.2848 0.9583
vn -0.0877 -0.1349 0.9870
vn -0.2002 -0.1308 0.9710
vn -0.1583 -0.1912 0.9687
vn -0.2325 -0.0851 0.9689
vn -0.3846 -0.0882 0.9189
vn -0.3542 -0.1345 0.9254
vn -0.4176 -0.0336 0.9080
vn -0.5832 -0.0192 0.8121
vn -0.5451 -0.0893 0.8336
vn -0.7327 -0.0090 0.6805
vn -0.7088 -0.0831 0.7005
vn -0.8331 -0.0081 0.5530
vn -0.8211 -0.0729 0.5661
vn -0.8437 0.0604 0.5335
vn -0.9040 0.0538 0.4242
vn -0.9015 -0.0095 0.4326
vn -0.9039 0.1078 0.4140
vn -0.9422 0.0921 0.3221
vn -0.9426 0.0456 0.3309
vn -0.9693 0.0837 0.2311
vn -0.9394 0.1433 0.3114
vn -0.9664 0.1272 0.2236
vn -0.9820 0.1205 0.1454
vn -0.9616 0.1707 0.2151
vn -0.9764 0.1600 0.1451
vn -0.9866 0.1557 0.0479
vn -0.9686 0.2023 0.1442
vn -0.9778 0.2039 0.0488
vn -0.9794 0.2017 -0.0122
vn -0.9620 0.2636 0.0707
vn -0.9607 0.2776 -0.0019
vn -0.9290 0.3526 0.1125
vn -0.9367 0.3486 0.0323
vn -0.8837 0.4466 0.1403
vn -0.8796 0.4680 0.0856
vn -0.8217 0.5445 0.1683
vn -0.8784 0.4245 0.2198
vn -0.8131 0.5195 0.2625
vn -0.7533 0.5919 0.2866
vn -0.8058 0.4873 0.3365
vn -0.7452 0.5563 0.3676
vn -0.6923 0.6038 0.3952
vn -0.7255 0.5060 0.4664
vn -0.6655 0.5458 0.5092
vn -0.6240 0.5695 0.5351
vn -0.6376 0.4785 0.6037
vn -0.5781 0.4999 0.6449
vn -0.5310 0.5140 0.6737
vn -0.5209 0.4004 0.7539
vn -0.4519 0.4035 0.7956
vn -0.4035 0.4106 0.8177
vn -0.3651 0.2743 0.8897
vn -0.2957 0.2657 0.9176
vn -0.2272 0.2736 0.9346
vn -0.1977 0.1485 0.9690
vn -0.1498 0.1469 0.9777
vn -0.1291 0.1571 0.9791
vn -0.1037 0.0674 0.9923
vn -0.0770 0.0702 0.9946
vn -0.0583 0.0810 0.9950
vn -0.0439 0.0135 0.9989
vn -0.0288 0.0213 0.9994
vn -0.0159 0.0314 0.9994
vn 0.0030 -0.0352 0.9994
vn 0.0177 -0.0270 0.9995
vn 0.0210 -0.0214 0.9995
vn 0.0557 -0.0912 0.9943
vn 0.0596 -0.0857 0.9945
vn 0.0630 -0.0799 0.9948
vn 0.1007 -0.1566 0.9825
vn 0.1012 -0.1498 0.9835
vn 0.1007 -0.1449 0.9843
vn 0.1488 -0.2339 0.9608
vn 0.1469 -0.2287 0.9624
vn 0.1425 -0.2252 0.9638
vn 0.2023 -0.3229 0.9245
vn 0.2021 -0.3236 0.9243
vn 0.2086 -0.3225 0.9233
vn 0.2668 -0.4219 0.8665
vn 0.2665 -0.4213 0.8669
vn 0.2610 -0.4228 0.8678
vn 0.3163 -0.5095 0.8002
vn 0.3127 -0.5101 0.8013
vn 0.3078 -0.5126 0.8016
vn 0.3639 -0.5977 0.7144
vn 0.3584 -0.6008 0.7146
vn 0.3477 -0.6058 0.7156
vn 0.4029 -0.6793 0.6133
vn 0.3923 -0.6856 0.6132
vn 0.3835 -0.6906 0.6132
vn 0.4315 -0.7546 0.4945
vn 0.4221 -0.7603 0.4937
vn 0.4122 -0.7664 0.4926
vn 0.4512 -0.8128 0.3685
vn 0.4376 -0.8191 0.3710
vn 0.4291 -0.8236 0.3709
vn 0.4554 -0.8557 0.2459
vn 0.4462 -0.8599 0.2480
vn 0.4345 -0.8654 0.2494
vn 0.4553 -0.8825 0.1183
vn 0.4447 -0.8876 0.1196
vn 0.4323 -0.8935 0.1217
vn 0.4455 -0.8952 -0.0115
vn 0.4351 -0.9003 -0.0102
vn 0.4211 -0.9070 -0.0087
vn 0.4311 -0.8915 -0.1394
vn 0.4169 -0.8982 -0.1396
vn 0.4052 -0.9035 -0.1400
vn 0.4070 -0.8741 -0.2650
vn 0.3956 -0.8795 -0.2646
vn 0.3841 -0.8847 -0.2641
vn 0.3785 -0.8409 -0.3869
vn 0.3661 -0.8477 -0.3838
vn 0.3565 -0.8524 -0.3826
vn 0.3422 -0.7924 -0.5050
vn 0.3360 -0.7947 -0.5054
vn 0.3233 -0.8004 -0.5049
vn 0.3045 -0.7193 -0.6244
vn 0.2930 -0.7270 -0.6210
vn 0.2833 -0.7335 -0.6178
vn 0.2550 -0.6338 -0.7302
vn 0.2471 -0.6385 -0.7289
vn 0.2387 -0.6433 -0.7275
vn 0.2101 -0.5358 -0.8178
vn 0.2030 -0.5391 -0.8174
vn 0.1968 -0.5417 -0.8172
vn 0.1700 -0.4364 -0.8835
vn 0.1648 -0.4374 -0.8840
vn 0.1567 -0.4404 -0.8840
vn 0.1323 -0.3324 -0.9338
vn 0.1255 -0.3346 -0.9340
vn 0.1216 -0.3363 -0.9339
vn 0.0936 -0.2276 -0.9692
vn 0.0911 -0.2300 -0.9689
vn 0.0875 -0.2328 -0.9686
vn 0.0617 -0.1310 -0.9895
vn 0.0594 -0.1343 -0.9892
vn 0.0591 -0.1371 -0.9888
vn 0.0340 -0.0390 -0.9987
vn 0.0337 -0.0394 -0.9987
vn 0.0351 -0.0415 -0.9985
vn 0.0132 0.0467 -0.9988
vn 0.0132 0.0465 -0.9988
vn 0.0186 0.0465 -0.9987
vn -0.0053 0.1346 -0.9909
vn 0.0001 0.1364 -0.9907
vn 0.0062 0.1368 -0.9906
vn -0.0180 0.2333 -0.9722
vn -0.0106 0.2359 -0.9717
vn -0.0011 0.2391 -0.9710
vn -0.0280 0.3456 -0.9380
vn -0.0156 0.3479 -0.9374
vn -0.0031 0.3489 -0.9372
vn -0.0339 0.4662 -0.8840
vn -0.0174 0.4672 -0.8840
vn 0.0002 0.4686 -0.8834
vn -0.0315 0.5890 -0.8075
vn -0.0121 0.5900 -0.8073
vn 0.0100 0.5890 -0.8081
vn -0.0228 0.6975 -0.7163
vn 0.0012 0.6977 -0.7164
vn 0.0335 0.6975 -0.7158
vn -0.0058 0.7875 -0.6163
vn 0.0296 0.7857 -0.6178
vn 0.0658 0.7841 -0.6171
vn 0.0259 0.8633 -0.5040
vn 0.0690 0.8616 -0.5029
vn 0.1131 0.8586 -0.5000
vn 0.0713 0.9200 -0.3854
vn 0.1159 0.9154 -0.3856
vn 0.1675 0.9078 -0.3845
vn 0.1197 0.9587 -0.2582
vn 0.1737 0.9515 -0.2540
vn 0.2206 0.9416 -0.2546
vn 0.1760 0.9764 -0.1255
vn 0.2230 0.9668 -0.1247
vn 0.2655 0.9562 -0.1231
vn 0.2236 0.9746 0.0076
vn 0.2670 0.9637 0.0064
vn 0.3058 0.9521 0.0056
vn 0.2644 0.9548 0.1356
vn 0.3043 0.9430 0.1349
vn 0.3417 0.9302 0.1340
vn 0.2990 0.9177 0.2617
vn 0.3347 0.9060 0.2590
vn 0.3692 0.8931 0.2570
vn 0.3269 0.8670 0.3761
vn 0.3589 0.8544 0.3758
vn 0.3879 0.8424 0.3739
vn 0.3430 0.7999 0.4925
vn 0.3735 0.7882 0.4891
vn 0.3942 0.7786 0.4882
vn 0.3524 0.7198 0.5981
vn 0.3753 0.7109 0.5948
vn 0.3903 0.7037 0.5937
vn 0.3494 0.6251 0.6980
vn 0.3621 0.6210 0.6952
vn 0.3787 0.6130 0.6934
vn 0.3304 0.5268 0.7831
vn 0.3477 0.5225 0.7785
vn 0.3601 0.5186 0.7755
vn 0.3114 0.4184 0.8532
vn 0.3226 0.4170 0.8498
vn 0.3308 0.4160 0.8471
vn 0.2807 0.3084 0.9089
vn 0.2912 0.3087 0.9055
vn 0.2981 0.3053 0.9044
vn 0.2521 0.2019 0.9464
vn 0.2600 0.1996 0.9447
vn 0.2649 0.1958 0.9442
vn 0.2207 0.0881 0.9714
vn 0.2239 0.0824 0.9711
vn 0.2242 0.0777 0.9714
vn 0.1846 -0.0237 0.9825
vn 0.1855 -0.0285 0.9822
vn 0.1833 -0.0336 0.9825
vn 0.1426 -0.1397 0.9799
vn 0.1405 -0.1417 0.9799
vn 0.1416 -0.1477 0.9788
vn 0.0968 -0.2516 0.9630
vn 0.0974 -0.2557 0.9619
vn 0.0959 -0.2568 0.9617
vn 0.0529 -0.3580 0.9322
vn 0.0516 -0.3584 0.9321
vn 0.0538 -0.3615 0.9308
vn 0.0091 -0.4589 0.8884
vn 0.0102 -0.4582 0.8888
vn 0.0012 -0.4543 0.8908
vn -0.0336 -0.5537 0.8321
vn -0.0390 -0.5533 0.8320
vn -0.0404 -0.5572 0.8294
vn -0.0780 -0.6503 0.7557
vn -0.0831 -0.6520 0.7536
vn -0.0879 -0.6530 0.7522
vn -0.1218 -0.7386 0.6631
vn -0.1279 -0.7407 0.6596
vn -0.1343 -0.7419 0.6570
vn -0.1617 -0.8134 0.5588
vn -0.1698 -0.8146 0.5546
vn -0.1816 -0.8139 0.5519
vn -0.1982 -0.8712 0.4491
vn -0.2098 -0.8699 0.4463
vn -0.2175 -0.8709 0.4406
vn -0.2312 -0.9133 0.3352
vn -0.2389 -0.9131 0.3304
vn -0.2354 -0.9154 0.3265
vn -0.2549 -0.9443 0.2081
vn -0.2544 -0.9448 0.2063
vn -0.2467 -0.9467 0.2069
vn -0.2658 -0.9584 0.1036
vn -0.2574 -0.9602 0.1084
vn -0.2490 -0.9628 0.1045
vn -0.2614 -0.9652 -0.0088
vn -0.2503 -0.9681 -0.0143
vn -0.2573 -0.9594 -0.1154
vn -0.2481 -0.9622 -0.1127
vn -0.2515 -0.9428 -0.2189
vn -0.2428 -0.9478 -0.2067
vn -0.2550 -0.9399 -0.2270
vn -0.2413 -0.9141 -0.3260
vn -0.2357 -0.9150 -0.3275
vn -0.2537 -0.9405 -0.2262
vn -0.2384 -0.9127 -0.3317
vn -0.2652 -0.9577 -0.1114
vn -0.2618 -0.9587 -0.1115
vn -0.2529 -0.9411 -0.2245
vn -0.2623 -0.9650 -0.0056
vn -0.2602 -0.9655 -0.0064
vn -0.2594 -0.9589 -0.1149
vn -0.2555 -0.9617 0.0990
vn -0.2466 -0.9639 0.1004
vn -0.2497 -0.9683 -0.0050
vn -0.2366 -0.9481 0.2123
vn -0.2271 -0.9498 0.2151
vn -0.2356 -0.9663 0.1041
vn -0.2111 -0.9205 0.3288
vn -0.2053 -0.9212 0.3305
vn -0.2199 -0.9504 0.2198
vn -0.1808 -0.8764 0.4464
vn -0.1738 -0.8785 0.4451
vn -0.1952 -0.9227 0.3325
vn -0.1444 -0.8119 0.5656
vn -0.1415 -0.8103 0.5686
vn -0.1673 -0.8759 0.4525
vn -0.1070 -0.7348 0.6698
vn -0.1048 -0.7362 0.6686
vn -0.1374 -0.8108 0.5690
vn -0.0680 -0.6477 0.7588
vn -0.0617 -0.6470 0.7600
vn -0.0960 -0.7362 0.6699
vn -0.0239 -0.5517 0.8337
vn -0.0165 -0.5504 0.8348
vn -0.0537 -0.6470 0.7606
vn 0.0205 -0.4522 0.8917
vn 0.0266 -0.4481 0.8936
vn -0.0121 -0.5502 0.8349
vn 0.0621 -0.3493 0.9349
vn 0.0630 -0.3443 0.9367
vn 0.0274 -0.4437 0.8958
vn 0.1013 -0.2396 0.9656
vn 0.1008 -0.2354 0.9667
vn 0.0661 -0.3393 0.9384
vn 0.1373 -0.1293 0.9820
vn 0.1355 -0.1237 0.9830
vn 0.1030 -0.2306 0.9676
vn 0.1698 -0.0133 0.9854
vn 0.1672 -0.0091 0.9859
vn 0.1347 -0.1180 0.9838
vn 0.2012 0.1001 0.9744
vn 0.1918 0.1020 0.9761
vn 0.1603 -0.0033 0.9871
vn 0.2253 0.2017 0.9532
vn 0.2142 0.2041 0.9552
vn 0.1854 0.1030 0.9772
vn 0.2484 0.3146 0.9162
vn 0.2304 0.3155 0.9205
vn 0.2004 0.2097 0.9570
vn 0.2657 0.4269 0.8644
vn 0.2468 0.4255 0.8707
vn 0.2158 0.3181 0.9232
vn 0.2766 0.5392 0.7955
vn 0.2508 0.5494 0.7970
vn 0.2245 0.4291 0.8749
vn 0.2753 0.6528 0.7057
vn 0.2449 0.6574 0.7127
vn 0.2215 0.5575 0.8001
vn 0.2669 0.7467 0.6092
vn 0.2259 0.7583 0.6115
vn 0.2126 0.6629 0.7179
vn 0.2380 0.8338 0.4982
vn 0.2019 0.8399 0.5038
vn 0.1885 0.7667 0.6137
vn 0.2128 0.8972 0.3870
vn 0.1661 0.9062 0.3888
vn 0.1589 0.8454 0.5100
vn 0.1705 0.9484 0.2673
vn 0.1227 0.9553 0.2689
vn 0.1174 0.9124 0.3922
vn 0.1246 0.9822 0.1402
vn 0.0770 0.9871 0.1403
vn 0.0737 0.9594 0.2724
vn 0.0790 0.9968 0.0084
vn 0.0296 0.9995 0.0093
vn 0.0287 0.9894 0.1425
vn 0.0280 0.9910 -0.1309
vn -0.0141 0.9910 -0.1330
vn -0.0133 0.9999 0.0078
vn -0.0158 0.9634 -0.2676
vn -0.0463 0.9617 -0.2700
vn -0.0491 0.9898 -0.1339
vn -0.0422 0.9195 -0.3908
vn -0.0733 0.9173 -0.3914
vn -0.0786 0.9599 -0.2692
vn -0.0659 0.8593 -0.5071
vn -0.0937 0.8569 -0.5069
vn -0.1006 0.9139 -0.3933
vn -0.0820 0.7844 -0.6148
vn -0.1046 0.7822 -0.6142
vn -0.1162 0.8536 -0.5078
vn -0.0877 0.6938 -0.7148
vn -0.1062 0.6914 -0.7147
vn -0.1229 0.7797 -0.6140
vn -0.0858 0.5829 -0.8080
vn -0.0993 0.5816 -0.8074
vn -0.1232 0.6878 -0.7154
vn -0.0720 0.4608 -0.8846
vn -0.0780 0.4602 -0.8844
vn -0.1061 0.5808 -0.8071
vn -0.0507 0.3386 -0.9396
vn -0.0526 0.3358 -0.9405
vn -0.0821 0.4593 -0.8845
vn -0.0282 0.2251 -0.9739
vn -0.0311 0.2210 -0.9748
vn -0.0564 0.3319 -0.9416
vn -0.0098 0.1295 -0.9915
vn -0.0096 0.1275 -0.9918
vn -0.0310 0.2169 -0.9757
vn 0.0111 0.0449 -0.9989
vn 0.0120 0.0440 -0.9990
vn -0.0099 0.1244 -0.9922
vn 0.0360 -0.0370 -0.9987
vn 0.0382 -0.0364 -0.9986
vn 0.0135 0.0436 -0.9990
vn 0.0678 -0.1223 -0.9902
vn 0.0693 -0.1203 -0.9903
vn 0.0406 -0.0349 -0.9986
vn 0.1035 -0.2197 -0.9701
vn 0.1107 -0.2154 -0.9702
vn 0.0724 -0.1174 -0.9904
vn 0.1485 -0.3251 -0.9339
vn 0.1529 -0.3252 -0.9332
vn 0.1103 -0.2134 -0.9707
vn 0.1911 -0.4300 -0.8824
vn 0.1989 -0.4292 -0.8810
vn 0.1580 -0.3221 -0.9334
vn 0.2366 -0.5298 -0.8145
vn 0.2476 -0.5242 -0.8148
vn 0.2066 -0.4272 -0.8803
vn 0.2851 -0.6185 -0.7322
vn 0.2928 -0.6149 -0.7322
vn 0.2517 -0.5220 -0.8149
vn 0.3337 -0.7042 -0.6266
vn 0.3417 -0.6993 -0.6279
vn 0.3028 -0.6100 -0.7322
vn 0.3776 -0.7748 -0.5071
vn 0.3880 -0.7686 -0.5086
vn 0.3525 -0.6933 -0.6286
vn 0.4142 -0.8232 -0.3884
vn 0.4266 -0.8169 -0.3882
vn 0.3998 -0.7616 -0.5100
vn 0.4441 -0.8566 -0.2629
vn 0.4555 -0.8506 -0.2629
vn 0.4362 -0.8120 -0.3879
vn 0.4651 -0.8742 -0.1397
vn 0.4782 -0.8673 -0.1381
vn 0.4668 -0.8443 -0.2632
vn 0.4810 -0.8766 -0.0148
vn 0.4923 -0.8703 -0.0139
vn 0.4888 -0.8615 -0.1377
vn 0.4900 -0.8643 0.1137
vn 0.5003 -0.8586 0.1121
vn 0.5038 -0.8637 -0.0137
vn 0.4904 -0.8379 0.2397
vn 0.4975 -0.8342 0.2379
vn 0.5092 -0.8533 0.1120
vn 0.4779 -0.7988 0.3653
vn 0.4879 -0.7942 0.3622
vn 0.5059 -0.8294 0.2369
vn 0.4585 -0.7413 0.4901
vn 0.4634 -0.7387 0.4894
vn 0.4961 -0.7897 0.3610
vn 0.4223 -0.6702 0.6103
vn 0.4286 -0.6672 0.6093
vn 0.4720 -0.7338 0.4886
vn 0.3781 -0.5894 0.7139
vn 0.3783 -0.5890 0.7141
vn 0.4297 -0.6665 0.6092
vn 0.3219 -0.5063 0.8000
vn 0.3294 -0.5022 0.7995
vn 0.3833 -0.5873 0.7129
vn 0.2677 -0.4151 0.8695
vn 0.2698 -0.4113 0.8707
vn 0.3306 -0.5017 0.7994
vn 0.2062 -0.3219 0.9241
vn 0.2018 -0.3178 0.9265
vn 0.2691 -0.4081 0.8724
vn 0.1438 -0.2400 0.9601
vn 0.1325 -0.2350 0.9629
vn 0.1938 -0.3108 0.9305
vn 0.0775 -0.1639 0.9834
vn 0.0445 -0.1567 0.9867
vn 0.1038 -0.2270 0.9683
vn -0.0040 -0.0969 0.9953
vn -0.0493 -0.0907 0.9947
vn -0.0089 -0.1444 0.9895
vn -0.0801 -0.0393 0.9960
vn -0.1505 -0.0374 0.9879
vn -0.1224 -0.0857 0.9888
vn -0.1760 0.0143 0.9843
vn -0.2981 0.0184 0.9544
vn -0.2638 -0.0359 0.9639
vn -0.3452 0.1050 0.9326
vn -0.5131 0.1227 0.8495
vn -0.4643 0.0364 0.8849
vn -0.6527 0.1328 0.7459
vn -0.6230 0.0567 0.7802
vn -0.7662 0.1342 0.6284
vn -0.7495 0.0625 0.6591
vn -0.7755 0.2079 0.5961
vn -0.8499 0.1827 0.4942
vn -0.8492 0.1248 0.5131
vn -0.8487 0.2423 0.4701
vn -0.9009 0.2132 0.3780
vn -0.9031 0.1604 0.3985
vn -0.8962 0.2549 0.3630
vn -0.9300 0.2265 0.2896
vn -0.9346 0.1884 0.3018
vn -0.8461 0.2975 0.4423
vn -0.7811 0.3938 0.4845
vn -0.8445 0.3421 0.4119
vn -0.7777 0.3382 0.5300
vn -0.7006 0.3694 0.6106
vn -0.7774 0.2728 0.5667
vn -0.6938 0.2948 0.6570
vn -0.5899 0.3024 0.7487
vn -0.6773 0.2200 0.7021
vn -0.5536 0.2132 0.8050
vn -0.4563 0.2941 0.8398
vn -0.3975 0.2013 0.8953
vn -0.6168 0.3886 0.6845
vn -0.7924 0.4497 0.4121
vn -0.8481 0.3912 0.3573
vn -0.7057 0.4440 0.5522
vn -0.2837 0.1736 0.9431
vn -0.2148 0.0811 0.9733
vn -0.1420 0.0693 0.9874
vn -0.1091 0.0095 0.9940
vn -0.0680 0.0083 0.9976
vn -0.0404 -0.0412 0.9983
vn -0.0117 -0.0395 0.9992
vn 0.0293 -0.0986 0.9947
vn 0.0426 -0.0983 0.9942
vn 0.0897 -0.1662 0.9820
vn 0.0988 -0.1630 0.9817
vn 0.1483 -0.2404 0.9593
vn 0.1487 -0.2384 0.9597
vn 0.2042 -0.3251 0.9234
vn 0.2028 -0.3243 0.9240
vn 0.2639 -0.4194 0.8686
vn 0.2659 -0.4197 0.8678
vn 0.3242 -0.5060 0.7993
vn 0.3223 -0.5072 0.7993
vn 0.3744 -0.5907 0.7148
vn 0.3684 -0.5944 0.7148
vn 0.4171 -0.6720 0.6119
vn 0.4100 -0.6758 0.6126
vn 0.4496 -0.7456 0.4919
vn 0.4424 -0.7489 0.4934
vn 0.4721 -0.8015 0.3669
vn 0.4610 -0.8078 0.3673
vn 0.4805 -0.8429 0.2422
vn 0.4677 -0.8495 0.2444
vn 0.4773 -0.8711 0.1159
vn 0.4657 -0.8771 0.1175
vn 0.4680 -0.8836 -0.0150
vn 0.4580 -0.8888 -0.0135
vn 0.4537 -0.8799 -0.1415
vn 0.4394 -0.8872 -0.1409
vn 0.4300 -0.8630 -0.2651
vn 0.4195 -0.8679 -0.2662
vn 0.4022 -0.8290 -0.3886
vn 0.3892 -0.8352 -0.3887
vn 0.3662 -0.7805 -0.5067
vn 0.3529 -0.7871 -0.5060
vn 0.3203 -0.7106 -0.6265
vn 0.3119 -0.7143 -0.6265
vn 0.2746 -0.6226 -0.7328
vn 0.2654 -0.6279 -0.7317
vn 0.2287 -0.5334 -0.8144
vn 0.2212 -0.5336 -0.8163
vn 0.1868 -0.4329 -0.8819
vn 0.1776 -0.4360 -0.8822
vn 0.1419 -0.3267 -0.9344
vn 0.1356 -0.3302 -0.9341
vn 0.1007 -0.2209 -0.9701
vn 0.0960 -0.2236 -0.9699
vn 0.0633 -0.1260 -0.9900
vn 0.0621 -0.1280 -0.9898
vn 0.0342 -0.0379 -0.9987
vn 0.0347 -0.0387 -0.9986
vn 0.0116 0.0461 -0.9989
vn 0.0126 0.0463 -0.9988
vn -0.0078 0.1319 -0.9912
vn -0.0067 0.1332 -0.9911
vn -0.0275 0.2282 -0.9732
vn -0.0243 0.2307 -0.9727
vn -0.0466 0.3412 -0.9388
vn -0.0384 0.3433 -0.9384
vn -0.0617 0.4620 -0.8847
vn -0.0466 0.4648 -0.8842
vn -0.0669 0.5849 -0.8084
vn -0.0523 0.5865 -0.8083
vn -0.0680 0.6951 -0.7157
vn -0.0453 0.6966 -0.7160
vn -0.0569 0.7865 -0.6150
vn -0.0321 0.7877 -0.6152
vn -0.0385 0.8616 -0.5061
vn -0.0111 0.8633 -0.5045
vn -0.0152 0.9202 -0.3912
vn 0.0270 0.9207 -0.3894
vn 0.0278 0.9638 -0.2653
vn 0.0750 0.9616 -0.2639
vn 0.0788 0.9887 -0.1278
vn 0.1244 0.9842 -0.1258
vn 0.1250 0.9921 0.0068
vn 0.1772 0.9842 0.0077
vn 0.1752 0.9748 0.1384
vn 0.2220 0.9654 0.1366
vn 0.2188 0.9389 0.2658
vn 0.2589 0.9290 0.2644
vn 0.2500 0.8892 0.3831
vn 0.2891 0.8795 0.3779
vn 0.2792 0.8212 0.4978
vn 0.3141 0.8086 0.4974
vn 0.2964 0.7384 0.6057
vn 0.3236 0.7291 0.6031
vn 0.3021 0.6454 0.7015
vn 0.3279 0.6345 0.6999
vn 0.2996 0.5303 0.7931
vn 0.3161 0.5281 0.7881
vn 0.2832 0.4240 0.8602
vn 0.2934 0.4219 0.8579
vn 0.2592 0.3119 0.9141
vn 0.2725 0.3063 0.9121
vn 0.2359 0.2026 0.9504
vn 0.2413 0.2038 0.9488
vn 0.2055 0.0977 0.9738
vn 0.2136 0.0933 0.9725
vn 0.1756 -0.0178 0.9843
vn 0.1820 -0.0217 0.9831
vn 0.1407 -0.1332 0.9810
vn 0.1416 -0.1370 0.9804
vn 0.1015 -0.2436 0.9645
vn 0.0993 -0.2477 0.9637
vn 0.0582 -0.3529 0.9338
vn 0.0555 -0.3567 0.9326
vn 0.0162 -0.4540 0.8909
vn 0.0118 -0.4558 0.8900
vn -0.0279 -0.5517 0.8336
vn -0.0291 -0.5538 0.8322
vn -0.0683 -0.6491 0.7576
vn -0.0755 -0.6478 0.7581
vn -0.1120 -0.7344 0.6694
vn -0.1144 -0.7372 0.6660
vn -0.1485 -0.8133 0.5626
vn -0.1555 -0.8127 0.5615
vn -0.1859 -0.8739 0.4491
vn -0.1911 -0.8727 0.4493
vn -0.2176 -0.9183 0.3307
vn -0.2235 -0.9154 0.3348
vn -0.2436 -0.9463 0.2124
vn -0.2482 -0.9453 0.2115
vn -0.2576 -0.9612 0.0989
vn -0.2640 -0.9594 0.0995
vn -0.2681 -0.9634 -0.0029
vn -0.2700 -0.9629 -0.0036
vn -0.2657 -0.9573 -0.1139
vn -0.8620 0.4128 0.2943
vn -0.9219 0.3443 0.1775
vn -0.9114 0.3305 0.2451
vn -0.9520 0.2665 0.1502
vn -0.9382 0.2673 0.2199
vn -0.9545 0.2097 0.2123
vn -0.2158 -0.8743 -0.4348
vn 0.0475 -0.3651 0.9298
vn 0.0486 -0.3623 0.9308
vn -0.0021 -0.4656 0.8850
vn 0.0941 -0.2640 0.9599
vn 0.0944 -0.2616 0.9606
vn 0.1435 -0.1604 0.9766
vn 0.1383 -0.1579 0.9777
vn 0.1894 -0.0567 0.9803
vn 0.1867 -0.0559 0.9808
vn 0.2393 0.0525 0.9695
vn 0.2360 0.0557 0.9702
vn 0.2890 0.1689 0.9423
vn 0.2835 0.1759 0.9427
vn 0.3302 0.2797 0.9015
vn 0.3236 0.2852 0.9022
vn 0.3675 0.3888 0.8449
vn 0.3584 0.3967 0.8451
vn 0.4004 0.4977 0.7694
vn 0.3897 0.5036 0.7710
vn 0.4241 0.5910 0.6862
vn 0.4184 0.5958 0.6855
vn 0.4460 0.6734 0.5896
vn 0.4389 0.6775 0.5903
vn 0.4623 0.7394 0.4894
vn 0.4514 0.7467 0.4886
vn 0.4698 0.8001 0.3730
vn 0.4590 0.8063 0.3731
vn 0.4712 0.8440 0.2562
vn 0.4561 0.8525 0.2555
vn 0.4638 0.8760 0.1322
vn 0.4472 0.8846 0.1320
vn 0.4501 0.8930 0.0059
vn 0.4308 0.9024 0.0069
vn 0.4291 0.8953 -0.1200
vn 0.4055 0.9064 -0.1183
vn 0.4003 0.8837 -0.2424
vn 0.3679 0.8973 -0.2438
vn 0.3592 0.8585 -0.3660
vn 0.3271 0.8708 -0.3670
vn 0.3141 0.8175 -0.4827
vn 0.2790 0.8270 -0.4880
vn 0.2613 0.7552 -0.6012
vn 0.2272 0.7627 -0.6056
vn 0.2131 0.6760 -0.7054
vn 0.1782 0.6830 -0.7084
vn 0.1637 0.5736 -0.8026
vn 0.1316 0.5788 -0.8048
vn 0.1217 0.4591 -0.8800
vn 0.0936 0.4630 -0.8814
vn 0.0906 0.3466 -0.9336
vn 0.0673 0.3489 -0.9347
vn 0.0680 0.2430 -0.9676
vn 0.0495 0.2426 -0.9689
vn 0.0539 0.1425 -0.9883
vn 0.0402 0.1444 -0.9887
vn 0.0486 0.0435 -0.9979
vn 0.0393 0.0431 -0.9983
vn 0.0516 -0.0542 -0.9972
vn 0.0478 -0.0502 -0.9976
vn 0.0633 -0.1504 -0.9866
vn 0.0627 -0.1468 -0.9872
vn 0.0818 -0.2483 -0.9652
vn 0.0803 -0.2465 -0.9658
vn 0.1006 -0.3467 -0.9326
vn 0.1061 -0.3436 -0.9331
vn 0.1286 -0.4510 -0.8832
vn 0.1336 -0.4488 -0.8836
vn 0.1599 -0.5588 -0.8137
vn 0.1658 -0.5550 -0.8152
vn 0.1915 -0.6608 -0.7257
vn 0.1995 -0.6593 -0.7250
vn 0.2260 -0.7540 -0.6168
vn 0.2390 -0.7498 -0.6170
vn 0.2592 -0.8289 -0.4958
vn 0.2740 -0.8230 -0.4975
vn 0.2930 -0.8776 -0.3795
vn 0.3057 -0.8723 -0.3815
vn 0.3182 -0.9113 -0.2613
vn 0.3331 -0.9056 -0.2624
vn 0.3425 -0.9289 -0.1409
vn 0.3514 -0.9257 -0.1399
vn 0.3549 -0.9349 -0.0061
vn 0.3676 -0.9299 -0.0069
vn 0.3636 -0.9234 0.1228
vn 0.3794 -0.9169 0.1237
vn 0.3707 -0.8951 0.2478
vn 0.3827 -0.8901 0.2474
vn 0.3674 -0.8534 0.3698
vn 0.3821 -0.8469 0.3697
vn 0.3579 -0.7942 0.4911
vn 0.3698 -0.7881 0.4921
vn 0.3364 -0.7148 0.6131
vn 0.3444 -0.7105 0.6136
vn 0.3056 -0.6222 0.7207
vn 0.3167 -0.6163 0.7210
vn 0.2731 -0.5242 0.8066
vn 0.2833 -0.5213 0.8050
vn 0.2403 -0.4284 0.8711
vn 0.2452 -0.4270 0.8704
vn 0.1948 -0.3231 0.9261
vn 0.1984 -0.3236 0.9252
vn 0.1413 -0.2104 0.9673
vn 0.1433 -0.2118 0.9668
vn 0.0982 -0.1189 0.9880
vn 0.0979 -0.1192 0.9880
vn 0.0625 -0.0495 0.9968
vn 0.0637 -0.0539 0.9965
vn 0.0325 0.0111 0.9994
vn 0.0317 0.0056 0.9995
vn 0.0031 0.0677 0.9977
vn 0.0012 0.0625 0.9980
vn -0.0323 0.1305 0.9909
vn -0.0377 0.1220 0.9918
vn -0.0822 0.2103 0.9742
vn -0.0780 0.2037 0.9759
vn -0.1511 0.3378 0.9290
vn -0.1548 0.3259 0.9327
vn -0.2441 0.4881 0.8379
vn -0.2620 0.4767 0.8391
vn -0.3394 0.6079 0.7178
vn -0.3689 0.5943 0.7146
vn -0.4267 0.6861 0.5892
vn -0.4565 0.6717 0.5834
vn -0.4898 0.7362 0.4670
vn -0.5264 0.7154 0.4594
vn -0.5523 0.7613 0.3396
vn -0.5783 0.7445 0.3336
vn -0.5918 0.7741 0.2248
vn -0.6309 0.7439 0.2202
vn -0.6264 0.7701 0.1212
vn -0.6604 0.7410 0.1213
vn -0.6741 0.7386 0.0024
vn -0.7147 0.6994 0.0014
vn -0.7055 0.7021 -0.0969
vn -0.7621 0.6415 -0.0878
vn -0.7615 0.6219 -0.1826
vn -0.7988 0.5789 -0.1638
vn -0.0937 -0.6586 -0.7466
vn -0.8083 0.5288 -0.2589
vn -0.8736 0.3993 -0.2781
vn 0.1932 -0.9670 -0.1662
vn 0.1552 -0.9874 -0.0307
vn 0.3607 0.1347 -0.9229
vn 0.3966 0.0489 0.9167
vn 0.3566 0.0865 0.9303
vn 0.3375 -0.0492 0.9400
vn 0.4131 0.1897 0.8907
vn 0.3974 0.1984 0.8959
vn 0.4597 0.3036 0.8346
vn 0.4401 0.3302 0.8350
vn 0.4921 0.4144 0.7656
vn 0.4767 0.4288 0.7673
vn 0.5218 0.5126 0.6818
vn 0.5111 0.5250 0.6806
vn 0.5486 0.5974 0.5849
vn 0.5401 0.5990 0.5911
vn 0.5697 0.6621 0.4868
vn 0.5582 0.6773 0.4792
vn 0.5783 0.7209 0.3819
vn 0.5699 0.7285 0.3801
vn 0.5864 0.7675 0.2590
vn 0.5745 0.7773 0.2564
vn 0.5833 0.7994 0.1441
vn 0.5762 0.8051 0.1404
vn 0.5795 0.8149 0.0105
vn 0.5697 0.8218 0.0102
vn 0.5669 0.8152 -0.1184
vn 0.5601 0.8201 -0.1173
vn 0.5516 0.7992 -0.2389
vn 0.5406 0.8062 -0.2404
vn 0.5261 0.7707 -0.3595
vn 0.5160 0.7768 -0.3609
vn 0.4965 0.7286 -0.4719
vn 0.4873 0.7351 -0.4713
vn 0.4624 0.6742 -0.5759
vn 0.4513 0.6797 -0.5782
vn 0.4221 0.6037 -0.6763
vn 0.4145 0.6082 -0.6769
vn 0.3833 0.5221 -0.7619
vn 0.3702 0.5291 -0.7635
vn 0.3313 0.4235 -0.8431
vn 0.3221 0.4256 -0.8456
vn 0.2854 0.3254 -0.9015
vn 0.2777 0.3235 -0.9046
vn 0.2378 0.2132 -0.9476
vn 0.2269 0.2145 -0.9500
vn 0.1960 0.1109 -0.9743
vn 0.1842 0.1143 -0.9762
vn 0.1545 0.0094 -0.9879
vn 0.1482 0.0132 -0.9889
vn 0.1248 -0.0922 -0.9879
vn 0.1207 -0.0873 -0.9888
vn 0.0997 -0.1947 -0.9758
vn 0.0974 -0.1896 -0.9770
vn 0.0844 -0.2911 -0.9530
vn 0.0832 -0.2852 -0.9548
vn 0.0734 -0.3886 -0.9185
vn 0.0757 -0.3831 -0.9206
vn 0.0675 -0.4950 -0.8663
vn 0.0745 -0.4891 -0.8691
vn 0.0696 -0.6028 -0.7949
vn 0.0791 -0.5993 -0.7966
vn 0.0780 -0.7028 -0.7071
vn 0.0888 -0.6998 -0.7088
vn 0.0906 -0.7933 -0.6021
vn 0.1062 -0.7901 -0.6037
vn 0.1100 -0.8633 -0.4925
vn 0.1304 -0.8598 -0.4937
vn 0.1324 -0.9172 -0.3757
vn 0.1545 -0.9137 -0.3757
vn 0.1566 -0.9524 -0.2616
vn 0.1741 -0.9497 -0.2604
vn 0.1750 -0.9754 -0.1342
vn 0.1906 -0.9723 -0.1350
vn 0.1933 -0.9811 -0.0000
vn 0.2071 -0.9783 -0.0024
vn 0.2088 -0.9698 0.1258
vn 0.2214 -0.9672 0.1243
vn 0.2193 -0.9436 0.2480
vn 0.2320 -0.9410 0.2463
vn 0.2250 -0.9018 0.3690
vn 0.2374 -0.8989 0.3683
vn 0.2266 -0.8441 0.4859
vn 0.2377 -0.8412 0.4857
vn 0.2170 -0.7643 0.6073
vn 0.2272 -0.7602 0.6087
vn 0.2011 -0.6650 0.7193
vn 0.2130 -0.6611 0.7194
vn 0.1842 -0.5583 0.8089
vn 0.1919 -0.5548 0.8095
vn 0.1601 -0.4490 0.8791
vn 0.1670 -0.4469 0.8789
vn 0.1346 -0.3412 0.9303
vn 0.1389 -0.3399 0.9301
vn 0.1031 -0.2293 0.9679
vn 0.1081 -0.2268 0.9679
vn 0.0718 -0.1261 0.9894
vn 0.0750 -0.1232 0.9895
vn 0.0439 -0.0386 0.9983
vn 0.0446 -0.0378 0.9983
vn 0.0206 0.0332 0.9992
vn 0.0225 0.0333 0.9992
vn -0.0021 0.1037 0.9946
vn -0.0017 0.1012 0.9949
vn -0.0282 0.1828 0.9827
vn -0.0269 0.1795 0.9834
vn -0.0647 0.2871 0.9557
vn -0.0639 0.2834 0.9569
vn -0.1177 0.4238 0.8981
vn -0.1208 0.4174 0.9007
vn -0.1729 0.5539 0.8144
vn -0.1814 0.5470 0.8172
vn -0.2271 0.6624 0.7139
vn -0.2326 0.6582 0.7160
vn -0.2727 0.7478 0.6053
vn -0.2823 0.7446 0.6049
vn -0.3175 0.8134 0.4874
vn -0.3289 0.8100 0.4855
vn -0.3552 0.8598 0.3667
vn -0.3645 0.8568 0.3649
vn -0.3852 0.8898 0.2445
vn -0.3982 0.8848 0.2422
vn -0.4103 0.9038 0.1216
vn -0.4249 0.8971 0.1209
vn -0.4281 0.9037 -0.0018
vn -0.4393 0.8984 -0.0015
vn -0.4345 0.8919 -0.1255
vn -0.4486 0.8852 -0.1230
vn -0.4371 0.8652 -0.2457
vn -0.4527 0.8572 -0.2456
vn -0.4330 0.8242 -0.3650
vn -0.4466 0.8164 -0.3661
vn -0.4183 0.7674 -0.4860
vn -0.4403 0.7544 -0.4868
vn -0.4051 0.6878 -0.6024
vn -0.4276 0.6747 -0.6016
vn -0.3705 0.5756 -0.7290
vn -0.4118 0.5508 -0.7260
vn -0.3241 0.4092 -0.8530
vn -0.3651 0.3867 -0.8469
vn -0.2486 0.2380 -0.9389
vn -0.3020 0.2354 -0.9238
vn -0.2267 0.1218 -0.9663
vn -0.3330 0.1419 -0.9322
vn -0.3024 0.0541 -0.9516
vn -0.4573 0.0642 -0.8870
vn -0.4236 -0.0102 -0.9058
vn -0.5965 -0.0086 -0.8026
vn -0.5718 -0.0938 -0.8150
vn -0.7148 -0.0981 -0.6925
vn -0.6936 -0.1536 -0.7037
vn -0.8036 -0.1494 -0.5761
vn -0.7854 -0.2041 -0.5843
vn -0.8648 -0.1930 -0.4636
vn -0.8524 -0.2333 -0.4680
vn -0.9069 -0.2162 -0.3616
vn -0.8976 -0.2543 -0.3601
vn -0.9384 -0.2363 -0.2519
vn -0.9301 -0.2680 -0.2513
vn -0.9561 -0.2521 -0.1495
vn -0.9476 -0.2855 -0.1436
vn -0.9591 -0.2796 -0.0442
vn -0.9480 -0.3160 -0.0387
vn -0.9476 -0.3160 0.0464
vn -0.9262 -0.3737 0.0495
vn -0.9187 -0.3710 0.1357
vn 0.6925 0.4893 -0.5301
vn 0.7894 0.4655 -0.4001
vn 0.8622 0.4090 -0.2991
vn 0.9232 0.3424 -0.1745
vn 0.7747 -0.3562 -0.5225
vn 0.7349 -0.4503 -0.5071
vn 0.8364 -0.4005 -0.3741
vn 0.8052 -0.4937 -0.3284
vn 0.8647 -0.4513 -0.2205
vn 0.8194 -0.5524 -0.1533
vn 0.8636 -0.4954 -0.0935
vn 0.8181 -0.5729 -0.0503
vn 0.8579 -0.5136 0.0149
vn 0.8234 -0.5637 0.0646
vn 0.8505 -0.4998 0.1637
vn 0.8108 -0.5404 0.2250
vn 0.8257 -0.4865 0.2855
vn 0.7864 -0.5191 0.3348
vn 0.7923 -0.4444 0.4180
vn 0.7029 -0.4835 0.5217
vn 0.7057 -0.4353 0.5590
vn 0.6264 -0.4682 0.6232
vn 0.7358 -0.3175 0.5982
vn 0.6246 -0.3929 0.6749
vn 0.7084 -0.1603 0.6874
vn 0.6187 -0.2495 0.7450
vn 0.5451 -0.3970 0.7384
vn 0.7277 -0.1607 0.6668
vn 0.6642 -0.0436 0.7463
vn 0.7395 0.0786 0.6686
vn 0.6733 0.1303 0.7278
vn 0.7245 0.2032 0.6587
vn 0.6503 0.2861 0.7037
vn 0.7086 0.3669 0.6027
vn 0.6431 0.4216 0.6393
vn 0.6807 0.4708 0.5612
vn 0.6342 0.5122 0.5792
vn 0.6676 0.5605 0.4901
vn 0.6355 0.5986 0.4876
vn 0.6615 0.6409 0.3894
vn 0.6450 0.6589 0.3871
vn 0.6662 0.6959 0.2682
vn 0.6390 0.7220 0.2655
vn 0.6529 0.7439 0.1429
vn 0.6356 0.7584 0.1443
vn 0.6391 0.7690 0.0141
vn 0.6261 0.7797 0.0102
vn 0.6234 0.7733 -0.1160
vn 0.6134 0.7811 -0.1168
vn 0.6030 0.7594 -0.2444
vn 0.5912 0.7686 -0.2443
vn 0.5765 0.7347 -0.3575
vn 0.5621 0.7454 -0.3584
vn 0.5450 0.6971 -0.4659
vn 0.5352 0.7064 -0.4633
vn 0.5072 0.6462 -0.5703
vn 0.5036 0.6489 -0.5704
vn 0.4732 0.5752 -0.6673
vn 0.4573 0.5860 -0.6690
vn 0.4212 0.4994 -0.7571
vn 0.4139 0.5052 -0.7573
vn 0.3711 0.4079 -0.8342
vn 0.3632 0.4153 -0.8340
vn 0.3204 0.3087 -0.8956
vn 0.3095 0.3156 -0.8970
vn 0.2694 0.2085 -0.9402
vn 0.2716 0.2100 -0.9392
vn 0.2276 0.1010 -0.9685
vn 0.2207 0.1027 -0.9699
vn 0.1807 -0.0051 -0.9835
vn 0.1793 -0.0028 -0.9838
vn 0.1411 -0.1130 -0.9835
vn 0.1381 -0.1086 -0.9844
vn 0.1057 -0.2181 -0.9702
vn 0.1029 -0.2130 -0.9716
vn 0.0736 -0.3211 -0.9442
vn 0.0767 -0.3143 -0.9462
vn 0.0528 -0.4186 -0.9066
vn 0.0574 -0.4115 -0.9096
vn 0.0342 -0.5176 -0.8550
vn 0.0405 -0.5126 -0.8577
vn 0.0209 -0.6205 -0.7839
vn 0.0302 -0.6169 -0.7864
vn 0.0139 -0.7190 -0.6949
vn 0.0256 -0.7170 -0.6966
vn 0.0130 -0.8047 -0.5935
vn 0.0292 -0.8022 -0.5963
vn 0.0220 -0.8748 -0.4839
vn 0.0394 -0.8735 -0.4852
vn 0.0359 -0.9279 -0.3711
vn 0.0552 -0.9264 -0.3724
vn 0.0532 -0.9653 -0.2558
vn 0.0761 -0.9634 -0.2569
vn 0.0763 -0.9881 -0.1336
vn 0.1008 -0.9857 -0.1347
vn 0.1004 -0.9949 -0.0019
vn 0.1192 -0.9929 -0.0014
vn 0.1177 -0.9845 0.1298
vn 0.1359 -0.9822 0.1296
vn 0.1361 -0.9582 0.2515
vn 0.1542 -0.9558 0.2503
vn 0.1520 -0.9165 0.3701
vn 0.1696 -0.9138 0.3690
vn 0.1655 -0.8573 0.4876
vn 0.1783 -0.8549 0.4872
vn 0.1682 -0.7804 0.6022
vn 0.1774 -0.7773 0.6036
vn 0.1602 -0.6837 0.7120
vn 0.1692 -0.6795 0.7139
vn 0.1462 -0.5741 0.8057
vn 0.1522 -0.5704 0.8071
vn 0.1283 -0.4615 0.8778
vn 0.1353 -0.4587 0.8782
vn 0.1103 -0.3501 0.9302
vn 0.1129 -0.3483 0.9306
vn 0.0882 -0.2447 0.9656
vn 0.0895 -0.2434 0.9658
vn 0.0614 -0.1407 0.9881
vn 0.0620 -0.1376 0.9886
vn 0.0352 -0.0449 0.9984
vn 0.0370 -0.0445 0.9983
vn 0.0128 0.0405 0.9991
vn 0.0139 0.0394 0.9991
vn -0.0076 0.1190 0.9929
vn -0.0064 0.1163 0.9932
vn -0.0302 0.2053 0.9782
vn -0.0268 0.2008 0.9793
vn -0.0580 0.3122 0.9482
vn -0.0607 0.3076 0.9496
vn -0.1018 0.4461 0.8892
vn -0.1064 0.4438 0.8898
vn -0.1477 0.5679 0.8098
vn -0.1547 0.5651 0.8104
vn -0.1948 0.6731 0.7135
vn -0.2000 0.6718 0.7132
vn -0.2337 0.7580 0.6089
vn -0.2406 0.7568 0.6077
vn -0.2709 0.8263 0.4938
vn -0.2782 0.8243 0.4930
vn -0.3017 0.8758 0.3768
vn -0.3117 0.8732 0.3747
vn -0.3302 0.9088 0.2551
vn -0.3393 0.9065 0.2513
vn -0.3519 0.9271 0.1290
vn -0.3636 0.9228 0.1276
vn -0.3671 0.9302 -0.0004
vn -0.3794 0.9252 -0.0004
vn -0.3761 0.9177 -0.1279
vn -0.3875 0.9129 -0.1280
vn -0.3752 0.8933 -0.2474
vn -0.3864 0.8887 -0.2470
vn -0.3665 0.8550 -0.3670
vn -0.3798 0.8499 -0.3652
vn -0.3518 0.8011 -0.4842
vn -0.3655 0.7955 -0.4833
vn -0.3263 0.7261 -0.6053
vn -0.3383 0.7213 -0.6044
vn -0.2831 0.6252 -0.7273
vn -0.2923 0.6182 -0.7296
vn -0.2231 0.4913 -0.8419
vn -0.2308 0.4819 -0.8453
vn -0.1467 0.3259 -0.9340
vn -0.1543 0.3101 -0.9381
vn -0.0816 0.1760 -0.9810
vn -0.0941 0.1577 -0.9830
vn -0.0512 0.0792 -0.9955
vn -0.0635 0.0635 -0.9960
vn -0.0331 0.0030 -0.9994
vn -0.0508 -0.0045 -0.9987
vn -0.0226 -0.0562 -0.9982
vn -0.0782 -0.0592 -0.9952
vn -0.0596 -0.1087 -0.9923
vn -0.1469 -0.1102 -0.9830
vn -0.1117 -0.1678 -0.9795
vn -0.2283 -0.1846 -0.9559
vn -0.1504 -0.2619 -0.9533
vn -0.3075 -0.2737 -0.9113
vn -0.2339 -0.3768 -0.8963
vn -0.4258 -0.3714 -0.8251
vn -0.3558 -0.4748 -0.8049
vn -0.5430 -0.4328 -0.7196
vn -0.4654 -0.5266 -0.7114
vn -0.6658 -0.4477 -0.5969
vn -0.6072 -0.5441 -0.5790
vn -0.7796 -0.4378 -0.4479
vn -0.7521 -0.5084 -0.4193
vn -0.8532 -0.4110 -0.3211
vn -0.8856 -0.4385 0.1531
vn 0.9432 0.2530 0.2155
vn 0.9736 0.1600 0.1629
vn 0.9706 0.1332 0.2005
vn 0.9872 0.0285 0.1568
vn 0.9926 0.0819 0.0893
vn 0.9985 0.0388 0.0388
vn 0.6884 0.0006 -0.7253
vt 0.028016 0.008511
vt 0.030946 0.011126
vt 0.029422 0.012879
vt 0.026147 0.008936
vt 0.024911 0.006633
vt 0.027640 0.006762
vt 0.031952 0.009464
vt 0.850768 0.971722
vt 0.849659 0.969696
vt 0.851691 0.969180
vt 0.852338 0.971996
vt 0.849845 0.972871
vt 0.847676 0.970638
vt 0.851749 0.973803
vt 0.470117 0.010085
vt 0.466746 0.012430
vt 0.465805 0.010416
vt 0.470629 0.008194
vt 0.473213 0.008420
vt 0.471816 0.010856
vt 0.467949 0.014556
vt 0.001413 0.021838
vt 0.000256 0.020443
vt 0.001283 0.018356
vt 0.002517 0.020739
vt 0.001961 0.026017
vt 0.000000 0.025739
vt 0.003939 0.025882
vt 0.891159 0.294433
vt 0.894117 0.289937
vt 0.900872 0.297905
vt 0.894382 0.301533
vt 0.887691 0.303400
vt 0.886111 0.293255
vt 0.887326 0.285629
vt 0.831986 0.296308
vt 0.827686 0.289742
vt 0.836344 0.288770
vt 0.838089 0.298093
vt 0.828229 0.300659
vt 0.820021 0.293429
vt 0.835845 0.305212
vt 0.774551 0.443809
vt 0.775444 0.438599
vt 0.785358 0.440802
vt 0.780658 0.447323
vt 0.767068 0.446351
vt 0.764209 0.438558
vt 0.773465 0.453498
vt 0.944167 0.497856
vt 0.945192 0.504851
vt 0.932964 0.500530
vt 0.935882 0.491237
vt 0.949675 0.493885
vt 0.953968 0.503065
vt 0.941486 0.483001
vt 0.931098 0.474449
vt 0.939127 0.467282
vt 0.948986 0.476597
vt 0.956423 0.488040
vt 0.924650 0.483513
vt 0.912848 0.478175
vt 0.919663 0.469516
vt 0.920462 0.493875
vt 0.908012 0.488589
vt 0.455328 0.850493
vt 0.455598 0.838098
vt 0.467920 0.834269
vt 0.467777 0.847901
vt 0.918339 0.505307
vt 0.905371 0.500691
vt 0.442022 0.852695
vt 0.442307 0.841896
vt 0.439018 0.828802
vt 0.451885 0.824181
vt 0.893416 0.499367
vt 0.904323 0.514235
vt 0.892123 0.512615
vt 0.428170 0.844626
vt 0.425630 0.832604
vt 0.420488 0.818415
vt 0.433449 0.814103
vt 0.413523 0.845817
vt 0.411554 0.835168
vt 0.407319 0.821697
vt 0.401295 0.806571
vt 0.414110 0.802930
vt 0.397051 0.836227
vt 0.393629 0.823747
vt 0.388388 0.809399
vt 0.382149 0.794449
vt 0.394825 0.791041
vt 0.379792 0.824957
vt 0.375139 0.811890
vt 0.369382 0.797859
vt 0.363868 0.783236
vt 0.376120 0.779469
vt 0.361664 0.814247
vt 0.356684 0.801080
vt 0.351978 0.786182
vt 0.347650 0.769536
vt 0.358640 0.767518
vt 0.343773 0.800610
vt 0.340733 0.785229
vt 0.337028 0.768813
vt 0.331622 0.752665
vt 0.342605 0.752961
vt 0.328782 0.781552
vt 0.324982 0.766306
vt 0.319656 0.751286
vt 0.314085 0.736883
vt 0.325959 0.737646
vt 0.312780 0.763336
vt 0.307457 0.749238
vt 0.302108 0.735543
vt 0.297260 0.722364
vt 0.309012 0.723159
vt 0.295306 0.746887
vt 0.290312 0.733913
vt 0.285757 0.721222
vt 0.281682 0.708680
vt 0.292929 0.709529
vt 0.512923 0.111870
vt 0.508801 0.099926
vt 0.520390 0.097725
vt 0.524396 0.109295
vt 0.528177 0.120957
vt 0.516846 0.123728
vt 0.531763 0.132725
vt 0.520571 0.135599
vt 0.537093 0.106453
vt 0.540718 0.118046
vt 0.544171 0.129786
vt 0.547527 0.141658
vt 0.535196 0.144597
vt 0.554664 0.115090
vt 0.557994 0.126840
vt 0.561215 0.138731
vt 0.564311 0.150756
vt 0.550735 0.153635
vt 0.572953 0.124022
vt 0.576011 0.135934
vt 0.578978 0.148008
vt 0.581842 0.160222
vt 0.567301 0.162910
vt 0.591401 0.133395
vt 0.594214 0.145488
vt 0.596944 0.157745
vt 0.599580 0.170158
vt 0.584602 0.172578
vt 0.609576 0.143289
vt 0.612176 0.155559
vt 0.614689 0.168001
vt 0.617116 0.180587
vt 0.602118 0.182701
vt 0.627194 0.153715
vt 0.629593 0.166165
vt 0.631917 0.178770
vt 0.634144 0.191524
vt 0.619446 0.193300
vt 0.644055 0.164696
vt 0.646277 0.177314
vt 0.648411 0.190089
vt 0.650438 0.203020
vt 0.636274 0.204417
vt 0.659990 0.176291
vt 0.662038 0.189071
vt 0.663981 0.202015
vt 0.665842 0.215100
vt 0.652396 0.216074
vt 0.674827 0.188533
vt 0.676671 0.201486
vt 0.678443 0.214576
vt 0.680130 0.227800
vt 0.667621 0.228314
vt 0.688318 0.201458
vt 0.689992 0.214545
vt 0.691593 0.227756
vt 0.693107 0.241105
vt 0.681740 0.241152
vt 0.700297 0.214999
vt 0.701808 0.228190
vt 0.703242 0.241500
vt 0.704581 0.254922
vt 0.694545 0.254561
vt 0.710628 0.229051
vt 0.711966 0.242305
vt 0.713237 0.255665
vt 0.714440 0.269126
vt 0.705857 0.268439
vt 0.824873 0.077491
vt 0.826651 0.085574
vt 0.812218 0.085483
vt 0.810544 0.077463
vt 0.808772 0.069479
vt 0.823003 0.069464
vt 0.806918 0.061569
vt 0.821052 0.061477
vt 0.796128 0.078910
vt 0.794465 0.071011
vt 0.792714 0.063148
vt 0.790874 0.055393
vt 0.804979 0.053756
vt 0.780348 0.074082
vt 0.778703 0.066276
vt 0.776964 0.058563
vt 0.775128 0.050921
vt 0.788946 0.047672
vt 0.765161 0.070956
vt 0.763524 0.063307
vt 0.761784 0.055732
vt 0.759936 0.048224
vt 0.773197 0.043364
vt 0.750881 0.069606
vt 0.749219 0.062073
vt 0.747449 0.054607
vt 0.745557 0.047176
vt 0.757980 0.040762
vt 0.737780 0.069895
vt 0.736079 0.062461
vt 0.734268 0.055094
vt 0.732349 0.047818
vt 0.743585 0.039865
vt 0.726096 0.071610
vt 0.724327 0.064272
vt 0.722422 0.057011
vt 0.860793 0.469987
vt 0.858568 0.476557
vt 0.847870 0.468261
vt 0.850099 0.461550
vt 0.250239 0.515687
vt 0.249845 0.528715
vt 0.243454 0.527567
vt 0.243871 0.514725
vt 0.870336 0.479378
vt 0.868131 0.485797
vt 0.866054 0.492350
vt 0.856444 0.483270
vt 0.244192 0.501843
vt 0.236410 0.513729
vt 0.236786 0.501034
vt 0.237067 0.488303
vt 0.244437 0.488915
vt 0.237226 0.475544
vt 0.244544 0.475955
vt 0.228440 0.500141
vt 0.228736 0.487604
vt 0.228922 0.475051
vt 0.228979 0.462478
vt 0.237267 0.462750
vt 0.219505 0.486823
vt 0.219699 0.474479
vt 0.219748 0.462141
vt 0.219633 0.449798
vt 0.228871 0.449900
vt 0.209522 0.473873
vt 0.209564 0.461759
vt 0.209447 0.449668
vt 0.209169 0.437585
vt 0.219337 0.437473
vt 0.198492 0.461395
vt 0.198402 0.449537
vt 0.198160 0.437688
vt 0.197742 0.425874
vt 0.208715 0.425540
vt 0.186556 0.449432
vt 0.186356 0.437810
vt 0.185989 0.426217
vt 0.185422 0.414670
vt 0.197119 0.414088
vt 0.173852 0.437953
vt 0.173536 0.426573
vt 0.173033 0.415246
vt 0.172344 0.403969
vt 0.184656 0.403162
vt 0.160559 0.426938
vt 0.160129 0.415815
vt 0.159514 0.404742
vt 0.158697 0.393738
vt 0.171441 0.392750
vt 0.146921 0.416386
vt 0.146389 0.405507
vt 0.145665 0.394697
vt 0.144749 0.383955
vt 0.157668 0.382816
vt 0.133209 0.406252
vt 0.132599 0.395599
vt 0.131813 0.384998
vt 0.130853 0.374457
vt 0.143646 0.373281
vt 0.119749 0.396400
vt 0.119098 0.385917
vt 0.118286 0.375482
vt 0.117319 0.365092
vt 0.129720 0.363967
vt 0.106810 0.386693
vt 0.106145 0.376332
vt 0.105341 0.366009
vt 0.104377 0.355711
vt 0.116186 0.354734
vt 0.094582 0.376997
vt 0.093907 0.366714
vt 0.093105 0.356460
vt 0.092154 0.346230
vt 0.103258 0.345450
vt 0.083234 0.367190
vt 0.082580 0.356953
vt 0.081784 0.346737
vt 0.080828 0.336536
vt 0.091062 0.336017
vt 0.072979 0.357191
vt 0.072300 0.346969
vt 0.071461 0.336762
vt 0.070531 0.326550
vt 0.079770 0.326332
vt 0.063889 0.346923
vt 0.063157 0.336689
vt 0.062307 0.326459
vt 0.061346 0.316222
vt 0.069495 0.316334
vt 0.401773 0.296312
vt 0.400458 0.305810
vt 0.390496 0.307339
vt 0.391983 0.297780
vt 0.393654 0.288250
vt 0.403249 0.286844
vt 0.395496 0.278749
vt 0.404904 0.277402
vt 0.381465 0.298552
vt 0.383346 0.288939
vt 0.385400 0.279356
vt 0.387609 0.269779
vt 0.397496 0.269249
vt 0.372478 0.288881
vt 0.374781 0.279212
vt 0.377256 0.269554
vt 0.379930 0.259917
vt 0.389986 0.260240
vt 0.363805 0.278292
vt 0.366607 0.268548
vt 0.369616 0.258827
vt 0.372824 0.249139
vt 0.382808 0.250302
vt 0.355763 0.266753
vt 0.359125 0.256967
vt 0.362684 0.247212
vt 0.366417 0.237499
vt 0.376199 0.239472
vt 0.348534 0.254334
vt 0.352461 0.244532
vt 0.356575 0.234767
vt 0.360865 0.225048
vt 0.370327 0.227803
vt 0.342261 0.241094
vt 0.346753 0.231292
vt 0.351408 0.221567
vt 0.356214 0.211902
vt 0.365292 0.215393
vt 0.337065 0.227126
vt 0.342066 0.217389
vt 0.347248 0.207713
vt 0.352561 0.198127
vt 0.361163 0.202296
vt 0.333004 0.212544
vt 0.338508 0.202845
vt 0.344145 0.193272
vt 0.349883 0.183771
vt 0.357946 0.188590
vt 0.330228 0.197396
vt 0.336124 0.187795
vt 0.342143 0.178316
vt 0.348291 0.168922
vt 0.355697 0.174341
vt 0.328764 0.181824
vt 0.335003 0.172333
vt 0.341384 0.162966
vt 0.347889 0.153744
vt 0.354526 0.159640
vt 0.328697 0.166010
vt 0.335321 0.156691
vt 0.342060 0.147547
vt 0.348880 0.138547
vt 0.354517 0.144650
vt 0.330259 0.150359
vt 0.337175 0.141303
vt 0.344207 0.132415
vt 0.351386 0.123680
vt 0.355823 0.129705
vt 0.531396 0.727103
vt 0.534211 0.716704
vt 0.540840 0.720943
vt 0.537798 0.731305
vt 0.534666 0.741538
vt 0.528537 0.737356
vt 0.531496 0.751626
vt 0.525588 0.747503
vt 0.544629 0.735230
vt 0.541258 0.745411
vt 0.537852 0.755469
vt 0.534401 0.765392
vt 0.528318 0.761580
vt 0.548241 0.748990
vt 0.544579 0.758983
vt 0.540890 0.768856
vt 0.537184 0.778581
vt 0.530929 0.775146
vt 0.551651 0.762179
vt 0.547719 0.771948
vt 0.543749 0.781670
vt 0.539812 0.791191
vt 0.533420 0.788169
vt 0.554835 0.774704
vt 0.550627 0.784367
vt 0.546468 0.793820
vt 0.542305 0.803055
vt 0.535902 0.800454
vt 0.557699 0.786651
vt 0.553268 0.796045
vt 0.548827 0.805266
vt 0.544216 0.814314
vt 0.538038 0.812122
vt 0.560088 0.797889
vt 0.555288 0.807085
vt 0.550313 0.816091
vt 0.545220 0.824922
vt 0.539464 0.823201
vt 0.787669 0.875371
vt 0.782560 0.863795
vt 0.786676 0.860613
vt 0.791628 0.872386
vt 0.796549 0.884185
vt 0.792810 0.886956
vt 0.801607 0.895956
vt 0.798096 0.898551
vt 0.796068 0.869575
vt 0.800798 0.881543
vt 0.805614 0.893458
vt 0.810650 0.905426
vt 0.806854 0.907757
vt 0.805499 0.879031
vt 0.810058 0.891118
vt 0.814812 0.903216
vt 0.819818 0.915298
vt 0.815868 0.917350
vt 0.814916 0.888959
vt 0.819364 0.901164
vt 0.824060 0.913365
vt 0.828844 0.925492
vt 0.824849 0.927297
vt 0.824229 0.899275
vt 0.828599 0.911549
vt 0.833090 0.923782
vt 0.837681 0.935890
vt 0.833761 0.937494
vt 0.833335 0.909914
vt 0.837501 0.922251
vt 0.841740 0.934397
vt 0.845964 0.945666
vt 0.842295 0.947106
vt 0.841975 0.920872
vt 0.845794 0.933065
vt 0.849633 0.944426
vt 0.852346 0.953486
vt 0.849141 0.954323
vt 0.849874 0.931973
vt 0.853069 0.943501
vt 0.855322 0.952874
vt 0.856533 0.959356
vt 0.853922 0.959756
vt 0.856470 0.942783
vt 0.858231 0.952353
vt 0.859097 0.959146
vt 0.859550 0.964258
vt 0.857309 0.964470
vt 0.861031 0.951979
vt 0.861524 0.958984
vt 0.861675 0.964153
vt 0.861646 0.968367
vt 0.859697 0.968469
vt 0.863702 0.958766
vt 0.863704 0.964055
vt 0.863570 0.968321
vt 0.863322 0.971262
vt 0.861474 0.971679
vt 0.865539 0.963922
vt 0.865331 0.967934
vt 0.865201 0.970867
vt 0.020778 0.002034
vt 0.024145 0.002041
vt 0.024320 0.003462
vt 0.021253 0.003566
vt 0.018402 0.004141
vt 0.017779 0.002546
vt 0.864890 0.973114
vt 0.863022 0.973666
vt 0.861111 0.974125
vt 0.017308 0.001223
vt 0.014975 0.003258
vt 0.014358 0.001829
vt 0.013910 0.000672
vt 0.016860 -0.000000
vt 0.860521 0.976142
vt 0.858528 0.976452
vt 0.859128 0.974329
vt 0.011690 0.002627
vt 0.011217 0.001341
vt 0.859816 0.977896
vt 0.857780 0.978162
vt 0.855747 0.978125
vt 0.856556 0.976435
vt 0.490409 0.001695
vt 0.492350 0.002718
vt 0.492157 0.004337
vt 0.490183 0.003289
vt 0.488126 0.002350
vt 0.488390 0.000852
vt 0.485962 0.001515
vt 0.486276 0.000094
vt 0.489781 0.005049
vt 0.487744 0.004011
vt 0.485550 0.002994
vt 0.483196 0.002074
vt 0.483641 0.000668
vt 0.487227 0.005860
vt 0.485051 0.004747
vt 0.482711 0.003687
vt 0.480165 0.002818
vt 0.480651 0.001241
vt 0.484399 0.006739
vt 0.482112 0.005576
vt 0.479642 0.004552
vt 0.476912 0.003736
vt 0.477260 0.002136
vt 0.481297 0.007621
vt 0.478993 0.006412
vt 0.476514 0.005414
vt 0.473646 0.004978
vt 0.473676 0.003340
vt 0.478068 0.008579
vt 0.475871 0.007417
vt 0.473538 0.006646
vt 0.474938 0.009592
vt 0.470231 0.006774
vt 0.469882 0.005254
vt 0.465224 0.008441
vt 0.464982 0.006574
vt 0.464968 0.004690
vt 0.469812 0.003650
vt 0.465222 0.002949
vt 0.470008 0.002086
vt 0.473880 0.001768
vt 0.840880 0.976654
vt 0.837694 0.973978
vt 0.838701 0.972720
vt 0.841874 0.975447
vt 0.844698 0.977516
vt 0.843766 0.978506
vt 0.477684 0.000667
vt 0.843045 0.974195
vt 0.845814 0.976354
vt 0.848354 0.977786
vt 0.847265 0.978969
vt 0.847077 0.975095
vt 0.849507 0.976523
vt 0.851600 0.977388
vt 0.850570 0.978683
vt 0.481181 0.000000
vt 0.850708 0.975196
vt 0.852598 0.975846
vt 0.854564 0.976215
vt 0.853683 0.977871
vt 0.852744 0.979227
vt 0.853446 0.974162
vt 0.855306 0.974370
vt 0.857247 0.974492
vt 0.855731 0.971847
vt 0.857626 0.971917
vt 0.859569 0.971841
vt 0.857678 0.968569
vt 0.855673 0.968685
vt 0.855070 0.964726
vt 0.853695 0.968874
vt 0.852717 0.965127
vt 0.851175 0.960279
vt 0.850334 0.965727
vt 0.848356 0.961134
vt 0.845900 0.955414
vt 0.845569 0.962222
vt 0.842728 0.956777
vt 0.838721 0.948627
vt 0.839684 0.958234
vt 0.835259 0.950199
vt 0.830007 0.939164
vt 0.832102 0.951751
vt 0.826524 0.940898
vt 0.821120 0.929200
vt 0.823389 0.942653
vt 0.817759 0.931136
vt 0.812278 0.919463
vt 0.814789 0.933109
vt 0.809095 0.921649
vt 0.803509 0.910144
vt 0.534796 0.842019
vt 0.529404 0.850017
vt 0.524667 0.848436
vt 0.529712 0.840356
vt 0.534660 0.831941
vt 0.540067 0.833596
vt 0.524605 0.838339
vt 0.529212 0.829879
vt 0.533684 0.821085
vt 0.523819 0.827439
vt 0.527916 0.818617
vt 0.531939 0.809581
vt 0.522344 0.815778
vt 0.526070 0.806683
vt 0.529720 0.797504
vt 0.520449 0.803486
vt 0.523874 0.794205
vt 0.527423 0.784753
vt 0.518476 0.790575
vt 0.521781 0.781049
vt 0.525062 0.771400
vt 0.370517 0.092718
vt 0.378320 0.084697
vt 0.381198 0.090108
vt 0.373544 0.098294
vt 0.366039 0.106616
vt 0.362856 0.100909
vt 0.377425 0.103925
vt 0.370115 0.112407
vt 0.362860 0.120996
vt 0.358619 0.115076
vt 0.355281 0.109254
vt 0.374934 0.118096
vt 0.367986 0.126848
vt 0.361199 0.135692
vt 0.373751 0.132365
vt 0.367235 0.141364
vt 0.360837 0.150443
vt 0.373703 0.146490
vt 0.367627 0.155690
vt 0.361615 0.164983
vt 0.374647 0.160294
vt 0.368998 0.169672
vt 0.363429 0.179115
vt 0.376551 0.173723
vt 0.371311 0.183208
vt 0.366183 0.192726
vt 0.379307 0.186627
vt 0.374524 0.196177
vt 0.369855 0.205772
vt 0.382889 0.198941
vt 0.378584 0.208542
vt 0.374393 0.218168
vt 0.387297 0.210615
vt 0.383445 0.220210
vt 0.379744 0.229828
vt 0.392418 0.221548
vt 0.389050 0.231124
vt 0.385846 0.240707
vt 0.398195 0.231676
vt 0.395292 0.241182
vt 0.392551 0.250699
vt 0.404444 0.240886
vt 0.401953 0.250319
vt 0.399645 0.259775
vt 0.410844 0.249186
vt 0.408707 0.258569
vt 0.406721 0.267984
vt 0.059066 0.295704
vt 0.057763 0.285404
vt 0.065600 0.285622
vt 0.067021 0.295879
vt 0.068316 0.306114
vt 0.060258 0.305968
vt 0.075859 0.295685
vt 0.077287 0.305913
vt 0.078593 0.316123
vt 0.087029 0.305360
vt 0.088496 0.315585
vt 0.089846 0.325801
vt 0.099036 0.314707
vt 0.100576 0.324955
vt 0.101985 0.335199
vt 0.111789 0.323797
vt 0.113415 0.334090
vt 0.114887 0.344402
vt 0.125216 0.332690
vt 0.126900 0.343092
vt 0.128406 0.353516
vt 0.139098 0.341525
vt 0.140822 0.352071
vt 0.142335 0.362649
vt 0.153236 0.350425
vt 0.154936 0.361168
vt 0.156412 0.371968
vt 0.167284 0.359538
vt 0.168926 0.370536
vt 0.170314 0.381606
vt 0.180935 0.369033
vt 0.182436 0.380341
vt 0.183666 0.391721
vt 0.193936 0.379030
vt 0.195238 0.390662
vt 0.196293 0.402343
vt 0.206095 0.389569
vt 0.207194 0.401522
vt 0.208073 0.413512
vt 0.217278 0.400652
vt 0.218180 0.412902
vt 0.218858 0.425183
vt 0.227352 0.412249
vt 0.228081 0.424783
vt 0.228570 0.437332
vt 0.236305 0.424324
vt 0.236807 0.437139
vt 0.237142 0.449943
vt 0.244001 0.436877
vt 0.244367 0.449925
vt 0.244539 0.462949
vt 0.862182 0.505962
vt 0.860393 0.513038
vt 0.850686 0.504462
vt 0.852497 0.497210
vt 0.854423 0.490151
vt 0.864059 0.499074
vt 0.841714 0.489385
vt 0.843650 0.482161
vt 0.845707 0.475119
vt 0.831809 0.475378
vt 0.833853 0.468224
vt 0.836010 0.461252
vt 0.741498 0.032622
vt 0.739345 0.025480
vt 0.751539 0.018859
vt 0.753777 0.026075
vt 0.755934 0.033397
vt 0.730325 0.040640
vt 0.766814 0.021034
vt 0.769035 0.028408
vt 0.771164 0.035849
vt 0.782611 0.024955
vt 0.784820 0.032463
vt 0.786930 0.040048
vt 0.798664 0.030603
vt 0.800853 0.038254
vt 0.802958 0.045971
vt 0.814727 0.037958
vt 0.816913 0.045736
vt 0.819024 0.053558
vt 0.716650 0.296334
vt 0.717603 0.310074
vt 0.709249 0.309543
vt 0.708212 0.295752
vt 0.707078 0.282049
vt 0.715588 0.282682
vt 0.698357 0.295488
vt 0.697177 0.281759
vt 0.695909 0.268116
vt 0.686000 0.281834
vt 0.684681 0.268187
vt 0.683262 0.254618
vt 0.672378 0.268635
vt 0.670894 0.255094
vt 0.669305 0.241649
vt 0.657670 0.255945
vt 0.656014 0.242549
vt 0.654257 0.229255
vt 0.642083 0.243799
vt 0.640249 0.230567
vt 0.638309 0.217437
vt 0.625824 0.232173
vt 0.623801 0.219103
vt 0.621675 0.206146
vt 0.609105 0.221025
vt 0.606882 0.208139
vt 0.604552 0.195362
vt 0.592219 0.210344
vt 0.589791 0.197646
vt 0.587257 0.185057
vt 0.575543 0.200082
vt 0.572910 0.187583
vt 0.570173 0.175186
vt 0.559567 0.190229
vt 0.556757 0.177927
vt 0.553795 0.165730
vt 0.544602 0.180727
vt 0.541604 0.168600
vt 0.538462 0.156550
vt 0.530592 0.171491
vt 0.527395 0.159478
vt 0.524071 0.147511
vt 0.274628 0.683745
vt 0.271509 0.671302
vt 0.282215 0.671846
vt 0.285483 0.684331
vt 0.289037 0.696870
vt 0.278003 0.696194
vt 0.296819 0.684603
vt 0.300484 0.697241
vt 0.304517 0.710050
vt 0.312273 0.697218
vt 0.316344 0.710151
vt 0.320844 0.723475
vt 0.328346 0.709728
vt 0.332701 0.723198
vt 0.337513 0.737590
vt 0.344818 0.722181
vt 0.349235 0.736542
vt 0.353827 0.751663
vt 0.361720 0.734510
vt 0.366117 0.749195
vt 0.370833 0.764288
vt 0.379236 0.746168
vt 0.383816 0.760846
vt 0.388970 0.775779
vt 0.397355 0.757246
vt 0.402256 0.772024
vt 0.407811 0.787272
vt 0.415828 0.768124
vt 0.421064 0.783169
vt 0.427048 0.798656
vt 0.434461 0.778871
vt 0.440075 0.794052
vt 0.446233 0.809341
vt 0.453062 0.789369
vt 0.458834 0.804490
vt 0.464298 0.819619
vt 0.470940 0.799908
vt 0.476013 0.815369
vt 0.479284 0.830850
vt 0.486874 0.811552
vt 0.489659 0.827646
vt 0.489478 0.842449
vt 0.479137 0.845295
vt 0.004978 0.877923
vt 0.001697 0.861423
vt 0.011150 0.861065
vt 0.014568 0.877563
vt 0.020058 0.891599
vt 0.010976 0.891943
vt 0.927891 0.462417
vt 0.025889 0.877520
vt 0.031178 0.891210
vt 0.948407 0.462079
vt 0.958984 0.458953
vt 0.966693 0.468729
vt 0.957463 0.471852
vt 0.972130 0.480006
vt 0.964119 0.483324
vt 0.976772 0.490816
vt 0.969295 0.494366
vt 0.961676 0.498707
vt 0.973726 0.504512
vt 0.965448 0.508240
vt 0.956277 0.511488
vt 0.945146 0.512512
vt 0.968764 0.517931
vt 0.958184 0.520751
vt 0.945651 0.521760
vt 0.931885 0.520511
vt 0.931768 0.510088
vt 0.960268 0.530569
vt 0.947096 0.532020
vt 0.933043 0.531828
vt 0.918761 0.530309
vt 0.917854 0.517504
vt 0.949331 0.542923
vt 0.935178 0.543782
vt 0.920765 0.543495
vt 0.906631 0.542754
vt 0.904859 0.528411
vt 0.938039 0.555966
vt 0.923785 0.556909
vt 0.909695 0.557227
vt 0.896385 0.557508
vt 0.893459 0.542269
vt 0.927467 0.570336
vt 0.913738 0.571792
vt 0.900744 0.572984
vt 0.888919 0.574442
vt 0.884293 0.558438
vt 0.918268 0.586426
vt 0.905774 0.588827
vt 0.894511 0.591227
vt 0.884694 0.594038
vt 0.878836 0.576858
vt 0.910674 0.604355
vt 0.899462 0.607689
vt 0.889216 0.610876
vt 0.879768 0.613877
vt 0.876078 0.597680
vt 0.903745 0.622939
vt 0.893115 0.626160
vt 0.883046 0.628892
vt 0.321374 0.804755
vt 0.319303 0.791518
vt 0.331240 0.796290
vt 0.333783 0.809747
vt 0.897096 0.640462
vt 0.886809 0.643152
vt 0.877779 0.645740
vt 0.873786 0.631485
vt 0.307813 0.786737
vt 0.304922 0.773519
vt 0.316791 0.777517
vt 0.496726 0.048500
vt 0.497998 0.034559
vt 0.508076 0.037143
vt 0.507249 0.050312
vt 0.508782 0.062598
vt 0.497583 0.062110
vt 0.512129 0.074572
vt 0.500519 0.075125
vt 0.519626 0.051438
vt 0.522022 0.062086
vt 0.525597 0.072833
vt 0.529456 0.083818
vt 0.516248 0.086200
vt 0.537144 0.059512
vt 0.540525 0.070013
vt 0.544099 0.080906
vt 0.547693 0.092089
vt 0.533306 0.095034
vt 0.556713 0.067196
vt 0.559979 0.078092
vt 0.563292 0.089270
vt 0.566577 0.100673
vt 0.551226 0.103496
vt 0.576455 0.075730
vt 0.579480 0.086828
vt 0.582512 0.098179
vt 0.585538 0.109734
vt 0.569808 0.112270
vt 0.595670 0.084898
vt 0.598512 0.096147
vt 0.601360 0.107611
vt 0.604162 0.119310
vt 0.588510 0.121473
vt 0.614220 0.094552
vt 0.616909 0.105918
vt 0.619567 0.117545
vt 0.622162 0.129405
vt 0.606902 0.131204
vt 0.631955 0.104682
vt 0.634489 0.116215
vt 0.636962 0.128014
vt 0.639389 0.140034
vt 0.624711 0.141461
vt 0.648725 0.115348
vt 0.651092 0.127083
vt 0.653424 0.139051
vt 0.655683 0.151260
vt 0.641753 0.152267
vt 0.664381 0.126625
vt 0.666605 0.138559
vt 0.668756 0.150752
vt 0.670855 0.163151
vt 0.657861 0.163680
vt 0.678738 0.138597
vt 0.680795 0.150763
vt 0.682779 0.163159
vt 0.684716 0.175746
vt 0.672880 0.175752
vt 0.691599 0.151318
vt 0.693492 0.163696
vt 0.695314 0.176271
vt 0.697058 0.189026
vt 0.686557 0.188521
vt 0.848725 0.128584
vt 0.850055 0.136978
vt 0.835372 0.135065
vt 0.834140 0.126724
vt 0.832825 0.118395
vt 0.847304 0.120210
vt 0.831420 0.110106
vt 0.845797 0.111868
vt 0.819203 0.126296
vt 0.817993 0.118016
vt 0.816690 0.109804
vt 0.815291 0.101658
vt 0.829917 0.101897
vt 0.803049 0.119192
vt 0.801854 0.111024
vt 0.800560 0.102917
vt 0.799177 0.094881
vt 0.813805 0.093536
vt 0.787191 0.113881
vt 0.786006 0.105803
vt 0.784728 0.097792
vt 0.783360 0.089838
vt 0.797695 0.086871
vt 0.771938 0.110331
vt 0.770774 0.102333
vt 0.769523 0.094408
vt 0.768166 0.086540
vt 0.781902 0.081940
vt 0.757691 0.108564
vt 0.756526 0.100614
vt 0.755251 0.092733
vt 0.753907 0.084961
vt 0.766715 0.078722
vt 0.744794 0.108440
vt 0.743595 0.100551
vt 0.742293 0.092752
vt 0.740860 0.085005
vt 0.752445 0.077241
vt 0.733434 0.109693
vt 0.732164 0.101885
vt 0.730781 0.094150
vt 0.729314 0.086531
vt 0.739367 0.077399
vt 0.247677 0.580266
vt 0.246891 0.593008
vt 0.240092 0.591053
vt 0.240956 0.578467
vt 0.241717 0.565829
vt 0.248348 0.567461
vt 0.242375 0.553119
vt 0.248956 0.554597
vt 0.233148 0.576620
vt 0.233983 0.564150
vt 0.234735 0.551617
vt 0.235375 0.539026
vt 0.242952 0.540369
vt 0.225371 0.562357
vt 0.226177 0.550002
vt 0.226889 0.537592
vt 0.227514 0.525140
vt 0.235939 0.526392
vt 0.216798 0.548265
vt 0.217545 0.536033
vt 0.218193 0.523777
vt 0.218736 0.511481
vt 0.228025 0.512650
vt 0.207308 0.534408
vt 0.207968 0.522336
vt 0.208521 0.510252
vt 0.208993 0.498129
vt 0.219165 0.499164
vt 0.196819 0.520918
vt 0.197398 0.509020
vt 0.197870 0.497111
vt 0.198208 0.485198
vt 0.209320 0.486005
vt 0.185388 0.507874
vt 0.185887 0.496159
vt 0.186267 0.484448
vt 0.186512 0.472754
vt 0.198426 0.473289
vt 0.173193 0.495301
vt 0.173603 0.483782
vt 0.173879 0.472285
vt 0.174018 0.460813
vt 0.186607 0.461085
vt 0.160386 0.483211
vt 0.160703 0.471892
vt 0.160876 0.460600
vt 0.160919 0.449341
vt 0.174011 0.449365
vt 0.147182 0.471586
vt 0.147414 0.460461
vt 0.147511 0.449368
vt 0.147470 0.438324
vt 0.160821 0.438119
vt 0.133873 0.460410
vt 0.134032 0.449473
vt 0.134051 0.438579
vt 0.133927 0.427743
vt 0.147274 0.427328
vt 0.120751 0.449649
vt 0.120835 0.438886
vt 0.120783 0.428179
vt 0.120590 0.417530
vt 0.133654 0.416959
vt 0.108030 0.439216
vt 0.108062 0.428608
vt 0.107958 0.418057
vt 0.107717 0.407551
vt 0.120241 0.406942
vt 0.095943 0.428998
vt 0.095934 0.418508
vt 0.095796 0.408066
vt 0.095520 0.397668
vt 0.107333 0.397097
vt 0.084689 0.418877
vt 0.084658 0.408463
vt 0.084480 0.398090
vt 0.084185 0.387756
vt 0.095115 0.387314
vt 0.074479 0.408726
vt 0.074420 0.398351
vt 0.074229 0.388010
vt 0.073916 0.377708
vt 0.083762 0.377459
vt 0.406111 0.351743
vt 0.405901 0.361567
vt 0.396159 0.364042
vt 0.396453 0.354163
vt 0.396928 0.344362
vt 0.406475 0.341996
vt 0.397549 0.334625
vt 0.406973 0.332307
vt 0.385767 0.356011
vt 0.386361 0.346140
vt 0.387122 0.336343
vt 0.388053 0.326609
vt 0.398320 0.324953
vt 0.374992 0.347332
vt 0.375901 0.337452
vt 0.377001 0.327641
vt 0.378283 0.317882
vt 0.389178 0.316940
vt 0.363989 0.337909
vt 0.365262 0.327993
vt 0.366742 0.318142
vt 0.368439 0.308333
vt 0.379774 0.308189
vt 0.353044 0.327637
vt 0.354732 0.317664
vt 0.356651 0.307724
vt 0.358812 0.297847
vt 0.370357 0.298587
vt 0.342438 0.316399
vt 0.344609 0.306364
vt 0.347026 0.296380
vt 0.349685 0.286444
vt 0.361203 0.288043
vt 0.332479 0.304222
vt 0.335163 0.294116
vt 0.338114 0.284083
vt 0.341333 0.274084
vt 0.352600 0.276567
vt 0.323446 0.291136
vt 0.326665 0.280970
vt 0.330179 0.270882
vt 0.333951 0.260862
vt 0.344815 0.264165
vt 0.315538 0.277213
vt 0.319310 0.267003
vt 0.323368 0.256905
vt 0.327685 0.246879
vt 0.337987 0.250932
vt 0.308883 0.262547
vt 0.313199 0.252328
vt 0.317802 0.242226
vt 0.322644 0.232219
vt 0.332244 0.236950
vt 0.303643 0.247219
vt 0.308497 0.237011
vt 0.313599 0.226934
vt 0.318949 0.216974
vt 0.327724 0.222316
vt 0.299941 0.231321
vt 0.305287 0.221159
vt 0.310889 0.211139
vt 0.316708 0.201232
vt 0.324496 0.207123
vt 0.297852 0.214991
vt 0.303735 0.204907
vt 0.309757 0.194975
vt 0.315915 0.185162
vt 0.322643 0.191467
vt 0.297500 0.198394
vt 0.303754 0.188450
vt 0.310151 0.178657
vt 0.316697 0.169023
vt 0.322240 0.175504
vt 0.544502 0.673549
vt 0.546888 0.662349
vt 0.554797 0.666661
vt 0.552167 0.677875
vt 0.549449 0.688909
vt 0.542070 0.684601
vt 0.546669 0.699757
vt 0.539533 0.695475
vt 0.560367 0.681954
vt 0.557375 0.692966
vt 0.554323 0.703776
vt 0.551197 0.714406
vt 0.543839 0.710413
vt 0.565713 0.696736
vt 0.562386 0.707493
vt 0.558986 0.718087
vt 0.555463 0.728553
vt 0.547940 0.724911
vt 0.570843 0.710871
vt 0.567109 0.721447
vt 0.563336 0.731852
vt 0.559468 0.742139
vt 0.551863 0.738859
vt 0.575575 0.724433
vt 0.571492 0.734810
vt 0.567359 0.745016
vt 0.563215 0.755069
vt 0.555576 0.752215
vt 0.579895 0.737342
vt 0.575508 0.747504
vt 0.571075 0.757509
vt 0.566624 0.767396
vt 0.559034 0.764996
vt 0.583750 0.749585
vt 0.579032 0.759539
vt 0.574298 0.769337
vt 0.569551 0.778989
vt 0.562168 0.777077
vt 0.586902 0.761097
vt 0.581848 0.770838
vt 0.576792 0.780437
vt 0.571745 0.789909
vt 0.564808 0.788507
vt 0.772231 0.825309
vt 0.767561 0.813462
vt 0.773262 0.809735
vt 0.777648 0.821736
vt 0.782107 0.833703
vt 0.776955 0.837089
vt 0.786631 0.845649
vt 0.781743 0.848857
vt 0.783685 0.818438
vt 0.787858 0.830555
vt 0.792105 0.842648
vt 0.796510 0.854782
vt 0.791337 0.857586
vt 0.794130 0.827699
vt 0.798071 0.839923
vt 0.802155 0.852204
vt 0.806341 0.864488
vt 0.800982 0.866938
vt 0.804466 0.837525
vt 0.808183 0.849921
vt 0.812026 0.862299
vt 0.816006 0.874619
vt 0.810583 0.876719
vt 0.814505 0.847920
vt 0.818040 0.860357
vt 0.821676 0.872749
vt 0.825440 0.885201
vt 0.820079 0.886985
vt 0.824247 0.858720
vt 0.827543 0.871186
vt 0.830946 0.883672
vt 0.834501 0.896088
vt 0.829308 0.897564
vt 0.833473 0.869938
vt 0.836532 0.882428
vt 0.839746 0.894862
vt 0.843030 0.907304
vt 0.838154 0.908511
vt 0.842073 0.881438
vt 0.844946 0.893891
vt 0.847859 0.906344
vt 0.850797 0.918781
vt 0.846427 0.919704
vt 0.850006 0.893190
vt 0.852508 0.905663
vt 0.855001 0.918120
vt 0.857485 0.930508
vt 0.853753 0.931120
vt 0.856968 0.905256
vt 0.859056 0.917696
vt 0.861080 0.930106
vt 0.862680 0.941889
vt 0.859694 0.942256
vt 0.862780 0.917575
vt 0.864373 0.929951
vt 0.865500 0.941675
vt 0.865848 0.951534
vt 0.863541 0.951723
vt 0.867410 0.930023
vt 0.868035 0.941690
vt 0.868015 0.951469
vt 0.867595 0.958450
vt 0.865758 0.958567
vt 0.870336 0.941878
vt 0.869969 0.951518
vt 0.869191 0.958435
vt 0.868500 0.963679
vt 0.867106 0.963783
vt 0.032558 0.007875
vt 0.038080 0.011863
vt 0.037160 0.013915
vt 0.027903 0.005510
vt 0.045224 0.017844
vt 0.043963 0.020238
vt 0.042287 0.022607
vt 0.035893 0.015941
vt 0.040188 0.024998
vt 0.034146 0.018013
vt 0.037728 0.027301
vt 0.032039 0.019979
vt 0.027698 0.014465
vt 0.024502 0.010258
vt 0.029700 0.021772
vt 0.025630 0.016026
vt 0.022609 0.011638
vt 0.020548 0.008458
vt 0.022780 0.007417
vt 0.023344 0.017502
vt 0.020416 0.012980
vt 0.018285 0.009568
vt 0.016856 0.006985
vt 0.019330 0.006118
vt 0.018072 0.014276
vt 0.015966 0.010689
vt 0.014411 0.007938
vt 0.013215 0.005808
vt 0.015760 0.004887
vt 0.013609 0.011907
vt 0.012013 0.009067
vt 0.010748 0.006817
vt 0.009858 0.005064
vt 0.012365 0.004121
vt 0.009683 0.010260
vt 0.008398 0.007965
vt 0.007458 0.006143
vt 0.006759 0.004692
vt 0.009162 0.003557
vt 0.006292 0.009306
vt 0.005208 0.007515
vt 0.495708 0.008495
vt 0.495051 0.010454
vt 0.493200 0.009218
vt 0.493759 0.007268
vt 0.491224 0.008094
vt 0.491770 0.006134
vt 0.494242 0.012563
vt 0.492401 0.011385
vt 0.490518 0.010264
vt 0.488567 0.009111
vt 0.489243 0.006970
vt 0.491401 0.013778
vt 0.489587 0.012730
vt 0.487663 0.011533
vt 0.485630 0.010280
vt 0.486550 0.007938
vt 0.488349 0.015507
vt 0.486427 0.014341
vt 0.484343 0.012907
vt 0.482232 0.011464
vt 0.483497 0.008934
vt 0.484751 0.017301
vt 0.482648 0.015901
vt 0.480569 0.014349
vt 0.478578 0.012747
vt 0.480168 0.009978
vt 0.480515 0.019371
vt 0.478352 0.017757
vt 0.476353 0.016088
vt 0.475210 0.022028
vt 0.473002 0.020280
vt 0.471065 0.018462
vt 0.474573 0.014398
vt 0.476716 0.011117
vt 0.473006 0.012628
vt 0.469305 0.016538
vt 0.466089 0.023334
vt 0.464024 0.021018
vt 0.462287 0.018627
vt 0.457227 0.027066
vt 0.455174 0.024195
vt 0.453460 0.021300
vt 0.460890 0.016138
vt 0.452182 0.018396
vt 0.459823 0.013663
vt 0.451335 0.015526
vt 0.459095 0.011087
vt 0.450916 0.012752
vt 0.458861 0.008785
vt 0.450956 0.010138
vt 0.458967 0.006617
vt 0.500131 0.871614
vt 0.502844 0.866895
vt 0.506148 0.868346
vt 0.502936 0.872843
vt 0.459309 0.004568
vt 0.829070 0.965616
vt 0.823155 0.958002
vt 0.824858 0.956489
vt 0.830536 0.964118
vt 0.835012 0.969105
vt 0.833773 0.970489
vt 0.832294 0.962660
vt 0.836462 0.967699
vt 0.840054 0.971417
vt 0.838244 0.966307
vt 0.841613 0.970101
vt 0.844420 0.972923
vt 0.843420 0.968791
vt 0.846003 0.971656
vt 0.848474 0.973870
vt 0.845558 0.967589
vt 0.840408 0.964881
vt 0.842878 0.963492
vt 0.847899 0.966569
vt 0.836862 0.959700
vt 0.834398 0.961188
vt 0.829300 0.953369
vt 0.826929 0.954940
vt 0.820707 0.944386
vt 0.818384 0.946154
vt 0.812301 0.935099
vt 0.519569 0.856185
vt 0.514391 0.863451
vt 0.510541 0.861857
vt 0.515284 0.854420
vt 0.519960 0.846545
vt 0.523882 0.857686
vt 0.511062 0.852377
vt 0.515337 0.844363
vt 0.519589 0.836054
vt 0.510886 0.841946
vt 0.514788 0.833470
vt 0.518571 0.824732
vt 0.510190 0.830653
vt 0.513698 0.821750
vt 0.517102 0.812691
vt 0.509103 0.818520
vt 0.512157 0.809339
vt 0.515263 0.800020
vt 0.394010 0.068954
vt 0.401929 0.061192
vt 0.404355 0.065997
vt 0.396615 0.073994
vt 0.388868 0.082039
vt 0.386151 0.076801
vt 0.399829 0.079014
vt 0.392304 0.087294
vt 0.384846 0.095568
vt 0.396382 0.092407
vt 0.389145 0.100906
vt 0.382005 0.109454
vt 0.393948 0.105864
vt 0.387102 0.114629
vt 0.380347 0.123468
vt 0.392544 0.119283
vt 0.386142 0.128303
vt 0.379881 0.137351
vt 0.392137 0.132559
vt 0.386230 0.141752
vt 0.380406 0.150976
vt 0.392776 0.145568
vt 0.387283 0.154875
vt 0.381852 0.164260
vt 0.394294 0.158171
vt 0.389192 0.167596
vt 0.384199 0.177095
vt 0.396606 0.170319
vt 0.391939 0.179846
vt 0.387359 0.189394
vt 0.399675 0.181934
vt 0.395411 0.191495
vt 0.391280 0.201039
vt 0.403450 0.192916
vt 0.399614 0.202443
vt 0.395943 0.211998
vt 0.407862 0.203139
vt 0.404489 0.212647
vt 0.401264 0.222160
vt 0.412860 0.212541
vt 0.409890 0.222001
vt 0.407090 0.231447
vt 0.418212 0.221065
vt 0.415604 0.230442
vt 0.413147 0.239815
vt 0.054757 0.264749
vt 0.053055 0.254359
vt 0.060618 0.254649
vt 0.062401 0.265017
vt 0.064060 0.275341
vt 0.056329 0.275094
vt 0.070889 0.264836
vt 0.072667 0.275155
vt 0.074324 0.285433
vt 0.081945 0.274552
vt 0.083750 0.284857
vt 0.085441 0.295123
vt 0.093684 0.283885
vt 0.095580 0.294191
vt 0.097363 0.304452
vt 0.106087 0.292864
vt 0.108121 0.303182
vt 0.110019 0.313488
vt 0.119105 0.301564
vt 0.121282 0.311938
vt 0.123332 0.322313
vt 0.132688 0.310045
vt 0.135026 0.320510
vt 0.137168 0.331012
vt 0.146687 0.318439
vt 0.149103 0.329058
vt 0.151291 0.339722
vt 0.160827 0.326890
vt 0.163235 0.337721
vt 0.165388 0.348601
vt 0.174782 0.335559
vt 0.177116 0.346643
vt 0.179165 0.357797
vt 0.188238 0.344591
vt 0.190439 0.355991
vt 0.192335 0.367474
vt 0.200998 0.354102
vt 0.203010 0.365845
vt 0.204709 0.377674
vt 0.212874 0.364133
vt 0.214645 0.376256
vt 0.216106 0.388429
vt 0.223666 0.374763
vt 0.225195 0.387233
vt 0.226417 0.399721
vt 0.233261 0.385939
vt 0.234557 0.398717
vt 0.235556 0.411517
vt 0.241593 0.397649
vt 0.242672 0.410727
vt 0.243473 0.423803
vt 0.857159 0.527833
vt 0.855729 0.535615
vt 0.846032 0.527600
vt 0.847450 0.519606
vt 0.849004 0.511914
vt 0.858694 0.520329
vt 0.836718 0.512277
vt 0.838255 0.504376
vt 0.839939 0.496753
vt 0.826474 0.498016
vt 0.828132 0.490238
vt 0.829893 0.482709
vt 0.815426 0.485161
vt 0.817165 0.477486
vt 0.819062 0.470063
vt 0.803839 0.473819
vt 0.805711 0.466288
vt 0.807697 0.458953
vt 0.821077 0.462826
vt 0.764490 0.013730
vt 0.762049 0.006539
vt 0.775368 0.002817
vt 0.777893 0.010108
vt 0.780302 0.017490
vt 0.791505 0.008030
vt 0.793993 0.015483
vt 0.796379 0.023002
vt 0.807639 0.014976
vt 0.810101 0.022563
vt 0.812462 0.030223
vt 0.719344 0.337810
vt 0.720105 0.351816
vt 0.711946 0.351460
vt 0.711125 0.337392
vt 0.710212 0.323423
vt 0.718500 0.323899
vt 0.701474 0.337211
vt 0.700507 0.323212
vt 0.699481 0.309300
vt 0.689529 0.323282
vt 0.688441 0.309369
vt 0.687250 0.295557
vt 0.676350 0.309745
vt 0.675101 0.295953
vt 0.673776 0.282254
vt 0.662088 0.296669
vt 0.660692 0.283008
vt 0.659221 0.269434
vt 0.647002 0.284058
vt 0.645455 0.270545
vt 0.643816 0.257131
vt 0.631276 0.271937
vt 0.629557 0.258593
vt 0.627747 0.245335
vt 0.615136 0.260272
vt 0.613233 0.247101
vt 0.611226 0.234011
vt 0.598844 0.249035
vt 0.596747 0.236043
vt 0.594539 0.223147
vt 0.582750 0.238205
vt 0.580459 0.225407
vt 0.578058 0.212696
vt 0.567299 0.227764
vt 0.564837 0.215154
vt 0.562254 0.202641
vt 0.552840 0.217674
vt 0.550225 0.205266
vt 0.547473 0.192945
vt 0.539306 0.207950
vt 0.536536 0.195725
vt 0.533627 0.183572
vt 0.526523 0.198570
vt 0.523595 0.186474
vt 0.520548 0.174417
vt 0.279238 0.659390
vt 0.276411 0.646952
vt 0.287441 0.647175
vt 0.290354 0.659597
vt 0.293472 0.672069
vt 0.268638 0.658858
vt 0.301895 0.659453
vt 0.305102 0.671935
vt 0.308545 0.684505
vt 0.317133 0.671351
vt 0.320609 0.683942
vt 0.324331 0.696704
vt 0.333113 0.682808
vt 0.336786 0.695598
vt 0.340695 0.708669
vt 0.349749 0.693865
vt 0.353547 0.706941
vt 0.357523 0.720416
vt 0.366972 0.704594
vt 0.370859 0.717973
vt 0.374941 0.731804
vt 0.384693 0.715043
vt 0.388700 0.728702
vt 0.392891 0.742788
vt 0.402731 0.725314
vt 0.406835 0.739204
vt 0.411170 0.753505
vt 0.420793 0.735493
vt 0.425020 0.749604
vt 0.429521 0.764062
vt 0.438674 0.745617
vt 0.443059 0.759924
vt 0.447776 0.774496
vt 0.456075 0.755790
vt 0.460641 0.770183
vt 0.465575 0.784857
vt 0.472716 0.766080
vt 0.477389 0.780641
vt 0.482279 0.795708
vt 0.488272 0.776906
vt 0.492721 0.792118
vt 0.496726 0.808342
vt 0.009663 0.843508
vt 0.010122 0.826777
vt 0.021407 0.827009
vt 0.020587 0.843838
vt 0.022044 0.861307
vt -0.000000 0.844133
vt 0.032620 0.845017
vt 0.034575 0.861903
vt 0.038935 0.877397
vt 0.048612 0.862738
vt 0.053238 0.877284
vt 0.057650 0.889040
vt 0.043981 0.890358
vt 0.060871 0.897353
vt 0.048589 0.899020
vt 0.037326 0.900358
vt 0.764829 0.458941
vt 0.757422 0.450107
vt 0.976401 0.467706
vt 0.980385 0.478489
vt 0.071723 0.887865
vt 0.073110 0.896169
vt 0.752934 0.440078
vt 0.742738 0.441717
vt 0.739775 0.429895
vt 0.751318 0.429831
vt 0.763754 0.430174
vt 0.751298 0.419416
vt 0.764491 0.420864
vt 0.777631 0.422626
vt 0.776203 0.431359
vt 0.790075 0.424950
vt 0.787789 0.433371
vt 0.798605 0.435910
vt 0.794467 0.443962
vt 0.801943 0.427878
vt 0.991042 0.518799
vt 0.981950 0.523772
vt 0.977959 0.514476
vt 0.986143 0.510174
vt 0.793152 0.416355
vt 0.805828 0.419623
vt 0.817908 0.423288
vt 0.813300 0.431320
vt 0.985784 0.533203
vt 0.974912 0.537502
vt 0.971854 0.527675
vt 0.809891 0.411086
vt 0.822563 0.414933
vt 0.989515 0.542870
vt 0.978146 0.547573
vt 0.965630 0.551350
vt 0.962747 0.540791
vt 0.993141 0.552715
vt 0.981462 0.557772
vt 0.968751 0.562070
vt 0.955297 0.565575
vt 0.952141 0.554151
vt 0.984772 0.568035
vt 0.971995 0.572869
vt 0.958650 0.577101
vt 0.945059 0.580719
vt 0.941407 0.568305
vt 0.975295 0.583626
vt 0.962084 0.588593
vt 0.948802 0.593098
vt 0.935662 0.597145
vt 0.931509 0.583799
vt 0.965564 0.599918
vt 0.952582 0.605243
vt 0.939818 0.610189
vt 0.927290 0.614735
vt 0.922855 0.600839
vt 0.956453 0.616976
vt 0.944010 0.622732
vt 0.931765 0.627963
vt 0.919811 0.632884
vt 0.915232 0.619060
vt 0.948475 0.634566
vt 0.936557 0.640535
vt 0.924666 0.645834
vt 0.912814 0.650410
vt 0.908142 0.637110
vt 0.941841 0.652004
vt 0.930069 0.657780
vt 0.918116 0.662642
vt 0.906360 0.666765
vt 0.901377 0.654143
vt 0.936350 0.668201
vt 0.924366 0.673297
vt 0.913210 0.678079
vt 0.533251 0.028195
vt 0.532639 0.039334
vt 0.519169 0.039735
vt 0.521459 0.026384
vt 0.537368 0.015943
vt 0.550171 0.017679
vt 0.548215 0.027832
vt 0.548966 0.037143
vt 0.550987 0.046706
vt 0.534347 0.049542
vt 0.565492 0.026152
vt 0.566582 0.035076
vt 0.568447 0.044498
vt 0.570814 0.054466
vt 0.553661 0.056717
vt 0.583960 0.033840
vt 0.585611 0.043163
vt 0.587743 0.052989
vt 0.590193 0.063274
vt 0.573527 0.064907
vt 0.602060 0.042610
vt 0.604116 0.052155
vt 0.606430 0.062200
vt 0.608927 0.072652
vt 0.592870 0.073945
vt 0.619717 0.051821
vt 0.621996 0.061622
vt 0.624401 0.071858
vt 0.626887 0.082465
vt 0.611545 0.083450
vt 0.636649 0.061406
vt 0.639045 0.071466
vt 0.641470 0.081917
vt 0.643892 0.092742
vt 0.629415 0.093421
vt 0.652658 0.071383
vt 0.655091 0.081728
vt 0.657441 0.092479
vt 0.659779 0.103560
vt 0.646327 0.103884
vt 0.667527 0.081908
vt 0.669856 0.092628
vt 0.672158 0.103671
vt 0.674403 0.115030
vt 0.662104 0.114944
vt 0.680977 0.093186
vt 0.683300 0.104221
vt 0.685466 0.115599
vt 0.687559 0.127255
vt 0.676590 0.126682
vt 0.854401 0.170490
vt 0.855274 0.178757
vt 0.840176 0.176757
vt 0.839380 0.168419
vt 0.838498 0.160133
vt 0.853445 0.162174
vt 0.837545 0.151755
vt 0.852413 0.153771
vt 0.823972 0.167862
vt 0.823173 0.159538
vt 0.822304 0.151187
vt 0.821361 0.142874
vt 0.836506 0.143400
vt 0.807681 0.160529
vt 0.806915 0.152211
vt 0.806077 0.143934
vt 0.805151 0.135661
vt 0.820325 0.134590
vt 0.791648 0.154900
vt 0.790927 0.146634
vt 0.790135 0.138410
vt 0.789252 0.130185
vt 0.804149 0.127397
vt 0.776276 0.151170
vt 0.775597 0.142886
vt 0.774850 0.134684
vt 0.774001 0.126549
vt 0.788269 0.122001
vt 0.762024 0.149268
vt 0.761373 0.140996
vt 0.760639 0.132838
vt 0.759777 0.124718
vt 0.773020 0.118414
vt 0.749364 0.149119
vt 0.748640 0.140832
vt 0.747837 0.132631
vt 0.746922 0.124499
vt 0.758758 0.116588
vt 0.738281 0.150191
vt 0.737497 0.141902
vt 0.736621 0.133712
vt 0.735641 0.125611
vt 0.745899 0.116426
vt 0.242922 0.643213
vt 0.241677 0.655546
vt 0.234393 0.652905
vt 0.235743 0.640705
vt 0.236968 0.628403
vt 0.244070 0.630784
vt 0.238106 0.616020
vt 0.245072 0.618269
vt 0.227531 0.638143
vt 0.228859 0.625971
vt 0.230075 0.613727
vt 0.231184 0.601415
vt 0.239121 0.603571
vt 0.219931 0.623435
vt 0.221231 0.611330
vt 0.222424 0.599155
vt 0.223512 0.586933
vt 0.232214 0.589042
vt 0.211617 0.608823
vt 0.212861 0.596794
vt 0.213992 0.584721
vt 0.215031 0.572608
vt 0.224477 0.574671
vt 0.202479 0.594367
vt 0.203646 0.582441
vt 0.204730 0.570481
vt 0.205697 0.558481
vt 0.215972 0.560449
vt 0.192348 0.580178
vt 0.193486 0.568368
vt 0.194478 0.556537
vt 0.195353 0.544680
vt 0.206553 0.546459
vt 0.181267 0.566365
vt 0.182312 0.554695
vt 0.183234 0.543010
vt 0.184055 0.531310
vt 0.196133 0.532811
vt 0.169385 0.552984
vt 0.170366 0.541461
vt 0.171248 0.529923
vt 0.172011 0.518378
vt 0.184780 0.519594
vt 0.156933 0.540048
vt 0.157867 0.528668
vt 0.158681 0.517283
vt 0.159370 0.505909
vt 0.172660 0.506838
vt 0.144123 0.527565
vt 0.144983 0.516339
vt 0.145718 0.505121
vt 0.146329 0.493920
vt 0.159939 0.494548
vt 0.131181 0.515584
vt 0.131973 0.504507
vt 0.132633 0.493445
vt 0.133169 0.482402
vt 0.146818 0.482741
vt 0.118404 0.504074
vt 0.119126 0.493131
vt 0.119726 0.482210
vt 0.120193 0.471315
vt 0.133583 0.471385
vt 0.106039 0.492963
vt 0.106698 0.482143
vt 0.107211 0.471347
vt 0.107608 0.460589
vt 0.120530 0.460459
vt 0.094246 0.482179
vt 0.094830 0.471456
vt 0.095293 0.460771
vt 0.095630 0.450131
vt 0.107876 0.449874
vt 0.083259 0.471650
vt 0.083780 0.461003
vt 0.084180 0.450400
vt 0.084453 0.439846
vt 0.095843 0.439541
vt 0.073290 0.461293
vt 0.073732 0.450689
vt 0.074066 0.440131
vt 0.074297 0.429620
vt 0.084616 0.429341
vt 0.406508 0.401625
vt 0.406991 0.411828
vt 0.396865 0.414597
vt 0.396449 0.404337
vt 0.396170 0.394148
vt 0.406158 0.391501
vt 0.396016 0.384032
vt 0.405956 0.381446
vt 0.385338 0.406595
vt 0.385131 0.396323
vt 0.385061 0.386133
vt 0.385141 0.376011
vt 0.396022 0.374004
vt 0.373224 0.398004
vt 0.373242 0.387711
vt 0.373415 0.377487
vt 0.373754 0.367348
vt 0.385369 0.365968
vt 0.360730 0.388748
vt 0.360997 0.378407
vt 0.361438 0.368140
vt 0.362077 0.357959
vt 0.374272 0.357290
vt 0.348046 0.378706
vt 0.348601 0.368309
vt 0.349361 0.358005
vt 0.350349 0.347780
vt 0.362923 0.347880
vt 0.335468 0.367817
vt 0.336358 0.357356
vt 0.337493 0.346973
vt 0.338874 0.336697
vt 0.351577 0.337667
vt 0.323318 0.356032
vt 0.324594 0.345481
vt 0.326137 0.335038
vt 0.327976 0.324678
vt 0.340521 0.326519
vt 0.311893 0.343331
vt 0.313586 0.332691
vt 0.315603 0.322158
vt 0.317920 0.311709
vt 0.330090 0.314405
vt 0.301408 0.329736
vt 0.303593 0.319003
vt 0.306083 0.308400
vt 0.308910 0.297904
vt 0.320533 0.301380
vt 0.292041 0.315332
vt 0.294728 0.304520
vt 0.297754 0.293855
vt 0.301146 0.283296
vt 0.312067 0.287509
vt 0.283954 0.300150
vt 0.287204 0.289269
vt 0.290822 0.278553
vt 0.294773 0.267979
vt 0.304860 0.272872
vt 0.277391 0.284217
vt 0.281223 0.273323
vt 0.285443 0.262595
vt 0.289970 0.252020
vt 0.299060 0.257536
vt 0.272489 0.267657
vt 0.276956 0.256776
vt 0.281740 0.246088
vt 0.286866 0.235553
vt 0.294814 0.241600
vt 0.269439 0.250592
vt 0.274486 0.239781
vt 0.279855 0.229170
vt 0.285501 0.218746
vt 0.292242 0.225200
vt 0.555886 0.616118
vt 0.557952 0.604174
vt 0.567030 0.607992
vt 0.564739 0.620095
vt 0.562350 0.631992
vt 0.553748 0.627891
vt 0.559873 0.643724
vt 0.551505 0.639522
vt 0.574293 0.623988
vt 0.571645 0.636004
vt 0.568894 0.647809
vt 0.566120 0.659382
vt 0.557346 0.655279
vt 0.581565 0.639773
vt 0.578529 0.651610
vt 0.575428 0.663200
vt 0.572249 0.674588
vt 0.563289 0.670753
vt 0.588629 0.655059
vt 0.585163 0.666690
vt 0.581650 0.678062
vt 0.578112 0.689179
vt 0.569013 0.685763
vt 0.595261 0.669746
vt 0.591411 0.681110
vt 0.587534 0.692242
vt 0.583585 0.703157
vt 0.574509 0.700136
vt 0.601379 0.683723
vt 0.597179 0.694864
vt 0.592905 0.705764
vt 0.588592 0.716467
vt 0.579595 0.713885
vt 0.606900 0.696997
vt 0.602318 0.707930
vt 0.597697 0.718608
vt 0.593069 0.729120
vt 0.584262 0.727003
vt 0.611625 0.709572
vt 0.606723 0.720229
vt 0.601816 0.730735
vt 0.596877 0.741062
vt 0.588423 0.739433
vt 0.749624 0.765541
vt 0.745303 0.753405
vt 0.752074 0.748824
vt 0.756199 0.761136
vt 0.760376 0.773374
vt 0.753995 0.777616
vt 0.764624 0.785532
vt 0.758473 0.789624
vt 0.763576 0.757062
vt 0.767493 0.769437
vt 0.771469 0.781776
vt 0.775501 0.794065
vt 0.768931 0.797657
vt 0.775238 0.765934
vt 0.778947 0.778414
vt 0.782698 0.790821
vt 0.786456 0.803162
vt 0.779580 0.806282
vt 0.786935 0.775456
vt 0.790395 0.787965
vt 0.793861 0.800419
vt 0.797318 0.812819
vt 0.790258 0.815450
vt 0.798438 0.785542
vt 0.801570 0.798088
vt 0.804718 0.810578
vt 0.807905 0.823022
vt 0.800848 0.825191
vt 0.809489 0.796197
vt 0.812313 0.808742
vt 0.815158 0.821257
vt 0.818031 0.833774
vt 0.811144 0.835459
vt 0.819895 0.807383
vt 0.822416 0.819919
vt 0.825000 0.832450
vt 0.827682 0.844922
vt 0.821029 0.846246
vt 0.829579 0.819037
vt 0.831854 0.831549
vt 0.834240 0.844027
vt 0.836736 0.856482
vt 0.830500 0.857403
vt 0.838514 0.831078
vt 0.840602 0.843529
vt 0.842818 0.855918
vt 0.845096 0.868346
vt 0.839328 0.868996
vt 0.846709 0.843406
vt 0.848627 0.855733
vt 0.850599 0.868083
vt 0.852696 0.880419
vt 0.847485 0.880771
vt 0.854113 0.855934
vt 0.855787 0.868182
vt 0.857507 0.880466
vt 0.859358 0.892771
vt 0.854792 0.892838
vt 0.860640 0.868671
vt 0.862038 0.880850
vt 0.863491 0.893088
vt 0.864931 0.905397
vt 0.861151 0.905156
vt 0.866102 0.881623
vt 0.867279 0.893729
vt 0.868411 0.905918
vt 0.869371 0.918204
vt 0.866238 0.917745
vt 0.068612 0.043222
vt 0.076067 0.052266
vt 0.073968 0.055691
vt 0.066728 0.046342
vt 0.059197 0.037160
vt 0.060897 0.034305
vt 0.051470 0.028186
vt 0.052986 0.025587
vt 0.064239 0.049577
vt 0.056936 0.040154
vt 0.049468 0.030890
vt 0.054298 0.043073
vt 0.047111 0.033541
vt 0.051245 0.045892
vt 0.044317 0.036142
vt 0.047943 0.048551
vt 0.041328 0.038557
vt 0.035076 0.029392
vt 0.038189 0.040748
vt 0.032250 0.031308
vt 0.027190 0.023434
vt 0.029324 0.033064
vt 0.024536 0.025002
vt 0.020858 0.018927
vt 0.021816 0.026460
vt 0.018321 0.020259
vt 0.015659 0.015515
vt 0.015725 0.021537
vt 0.013172 0.016775
vt 0.011238 0.013129
vt 0.010822 0.017965
vt 0.008925 0.014255
vt 0.007479 0.011469
vt 0.006710 0.015312
vt 0.005393 0.012719
vt 0.004188 0.010787
vt 0.003042 0.009073
vt 0.003431 0.014033
vt 0.002321 0.012352
vt 0.001159 0.010845
vt 0.493155 0.014785
vt 0.494792 0.015922
vt 0.493571 0.018143
vt 0.491897 0.017330
vt 0.490185 0.016469
vt 0.490556 0.020134
vt 0.488692 0.019426
vt 0.486789 0.018477
vt 0.486971 0.022884
vt 0.484838 0.021930
vt 0.482680 0.020763
vt 0.482366 0.026351
vt 0.479923 0.025094
vt 0.477531 0.023663
vt 0.476169 0.030798
vt 0.473487 0.029219
vt 0.470845 0.027442
vt 0.467934 0.036607
vt 0.464983 0.034557
vt 0.462167 0.032271
vt 0.468364 0.025488
vt 0.459582 0.029757
vt 0.454945 0.040375
vt 0.451973 0.037502
vt 0.449288 0.034473
vt 0.444302 0.045873
vt 0.441330 0.042496
vt 0.438731 0.038953
vt 0.446923 0.031287
vt 0.436440 0.035325
vt 0.444947 0.028045
vt 0.434759 0.031653
vt 0.443409 0.024746
vt 0.433534 0.028016
vt 0.442371 0.021482
vt 0.499688 0.855878
vt 0.503149 0.847722
vt 0.507003 0.850203
vt 0.503106 0.858101
vt 0.499706 0.865185
vt 0.496726 0.863261
vt 0.506745 0.860095
vt 0.506650 0.839311
vt 0.424902 0.034782
vt 0.426294 0.038768
vt 0.502780 0.836418
vt 0.505940 0.827583
vt 0.418007 0.046049
vt 0.428178 0.042772
vt 0.420073 0.050360
vt 0.412156 0.058078
vt 0.409941 0.053547
vt 0.422757 0.054631
vt 0.415074 0.062635
vt 0.407404 0.070767
vt 0.418482 0.067053
vt 0.411069 0.075411
vt 0.403655 0.083900
vt 0.415115 0.079789
vt 0.407947 0.088425
vt 0.400885 0.097136
vt 0.412571 0.092586
vt 0.405725 0.101435
vt 0.399066 0.110332
vt 0.410860 0.105302
vt 0.404463 0.114330
vt 0.398213 0.123400
vt 0.410087 0.117873
vt 0.404123 0.127039
vt 0.398344 0.136274
vt 0.410228 0.130148
vt 0.404759 0.139441
vt 0.399482 0.148806
vt 0.411293 0.142019
vt 0.406305 0.151427
vt 0.401412 0.160873
vt 0.413170 0.153431
vt 0.408568 0.162937
vt 0.404058 0.172417
vt 0.415749 0.164368
vt 0.411520 0.173860
vt 0.407408 0.183374
vt 0.418947 0.174655
vt 0.415100 0.184142
vt 0.411423 0.193647
vt 0.422740 0.184187
vt 0.419289 0.193640
vt 0.415979 0.203091
vt 0.427004 0.192884
vt 0.423905 0.202274
vt 0.420982 0.211670
vt 0.049344 0.233444
vt 0.047364 0.222933
vt 0.054645 0.223291
vt 0.056723 0.233787
vt 0.058721 0.244238
vt 0.051244 0.243926
vt 0.064927 0.233610
vt 0.067025 0.244064
vt 0.069008 0.254473
vt 0.075826 0.243416
vt 0.077981 0.253841
vt 0.080016 0.264218
vt 0.087221 0.252764
vt 0.089517 0.263174
vt 0.091668 0.273545
vt 0.099117 0.261730
vt 0.101593 0.272137
vt 0.103915 0.282513
vt 0.111571 0.270352
vt 0.114250 0.280770
vt 0.116762 0.291169
vt 0.124579 0.278669
vt 0.127463 0.289128
vt 0.130166 0.299590
vt 0.138143 0.286745
vt 0.141221 0.297292
vt 0.144067 0.307855
vt 0.152097 0.294712
vt 0.155277 0.305407
vt 0.158174 0.316112
vt 0.166103 0.302682
vt 0.169270 0.313576
vt 0.172160 0.324543
vt 0.179830 0.310870
vt 0.182902 0.322032
vt 0.185719 0.333271
vt 0.193013 0.319392
vt 0.195996 0.330868
vt 0.198653 0.342434
vt 0.205499 0.328349
vt 0.208312 0.340177
vt 0.210763 0.352123
vt 0.217023 0.337833
vt 0.219614 0.350045
vt 0.221825 0.362357
vt 0.227397 0.347886
vt 0.229724 0.360506
vt 0.231686 0.373194
vt 0.236541 0.358554
vt 0.238595 0.371549
vt 0.240249 0.384582
vt 0.853259 0.552031
vt 0.852256 0.560685
vt 0.842655 0.553440
vt 0.843599 0.544512
vt 0.844741 0.535899
vt 0.854416 0.543683
vt 0.832996 0.537827
vt 0.834066 0.528988
vt 0.835338 0.520455
vt 0.822411 0.523184
vt 0.823594 0.514475
vt 0.824955 0.506092
vt 0.811000 0.509862
vt 0.812316 0.501304
vt 0.813810 0.493073
vt 0.799072 0.498005
vt 0.800522 0.489659
vt 0.802117 0.481598
vt 0.786936 0.487670
vt 0.788508 0.479536
vt 0.790215 0.471648
vt 0.774850 0.478912
vt 0.776528 0.470979
vt 0.778344 0.463282
vt 0.792059 0.464003
vt 0.763020 0.471762
vt 0.764797 0.464008
vt 0.788907 0.000673
vt 0.802420 -0.000000
vt 0.805085 0.007441
vt 0.721398 0.380135
vt 0.721904 0.394461
vt 0.713877 0.394316
vt 0.713334 0.379917
vt 0.712678 0.365634
vt 0.720785 0.365922
vt 0.703843 0.379842
vt 0.703148 0.365523
vt 0.702353 0.351314
vt 0.692339 0.365603
vt 0.691497 0.351395
vt 0.690549 0.337290
vt 0.679565 0.351695
vt 0.678583 0.337616
vt 0.677508 0.323630
vt 0.665738 0.338182
vt 0.664612 0.324252
vt 0.663388 0.310420
vt 0.651102 0.325107
vt 0.649822 0.311346
vt 0.648458 0.297662
vt 0.635868 0.312478
vt 0.634438 0.298883
vt 0.632907 0.285368
vt 0.620250 0.300280
vt 0.618649 0.286866
vt 0.616944 0.273530
vt 0.604498 0.288497
vt 0.602721 0.275269
vt 0.600838 0.262115
vt 0.588951 0.277101
vt 0.586992 0.264065
vt 0.584925 0.251095
vt 0.573990 0.266072
vt 0.571885 0.253225
vt 0.569653 0.240457
vt 0.559985 0.255396
vt 0.557736 0.242752
vt 0.555335 0.230171
vt 0.546895 0.245083
vt 0.544499 0.232625
vt 0.541960 0.220250
vt 0.534576 0.235166
vt 0.532035 0.222913
vt 0.529335 0.210716
vt 0.271336 0.622075
vt 0.269036 0.609621
vt 0.279779 0.610014
vt 0.282178 0.622385
vt 0.284718 0.634771
vt 0.273792 0.634518
vt 0.293500 0.622319
vt 0.296116 0.634654
vt 0.298925 0.647027
vt 0.308008 0.634123
vt 0.310860 0.646451
vt 0.313890 0.658861
vt 0.323372 0.645373
vt 0.326402 0.657745
vt 0.329651 0.670209
vt 0.339535 0.656068
vt 0.342751 0.668481
vt 0.346147 0.681073
vt 0.356340 0.666268
vt 0.359701 0.678804
vt 0.363246 0.691553
vt 0.373644 0.676095
vt 0.377158 0.688786
vt 0.380842 0.701753
vt 0.391273 0.685681
vt 0.394939 0.698573
vt 0.398760 0.711777
vt 0.408962 0.695158
vt 0.412781 0.708283
vt 0.416726 0.721728
vt 0.426430 0.704651
vt 0.430385 0.718010
vt 0.434456 0.731669
vt 0.443406 0.714238
vt 0.447516 0.727806
vt 0.451741 0.741654
vt 0.459628 0.724011
vt 0.463885 0.737776
vt 0.468232 0.751791
vt 0.474935 0.734050
vt 0.479315 0.748048
vt 0.483739 0.762339
vt 0.014099 0.797074
vt 0.016810 0.783069
vt 0.028463 0.782836
vt 0.025741 0.796946
vt 0.023380 0.811563
vt 0.011743 0.811474
vt 0.038196 0.797570
vt 0.035736 0.812540
vt 0.033525 0.828274
vt 0.048641 0.814220
vt 0.046340 0.830231
vt 0.045875 0.846728
vt 0.060119 0.832696
vt 0.060564 0.848545
vt 0.064056 0.863357
vt 0.076931 0.848441
vt 0.080493 0.862686
vt 0.083709 0.875960
vt 0.068487 0.876640
vt 0.085273 0.887105
vt 0.096228 0.862044
vt 0.098143 0.875567
vt 0.097907 0.886913
vt 0.111321 0.875422
vt 0.109658 0.886857
vt 0.738703 0.418299
vt 0.739457 0.406671
vt 0.752663 0.408739
vt 0.741630 0.395167
vt 0.755188 0.398101
vt 0.769160 0.401119
vt 0.766355 0.411068
vt 0.783079 0.404232
vt 0.779976 0.413526
vt 0.796683 0.407495
vt 0.786712 0.394766
vt 0.800526 0.398443
vt 0.814066 0.402275
vt 0.827166 0.406228
vt 0.804581 0.389208
vt 0.818292 0.393259
vt 0.831708 0.397297
vt 0.996648 0.562647
vt 0.822565 0.384161
vt 0.836153 0.388257
vt 1.000000 0.572555
vt 0.988042 0.578263
vt 0.849341 0.392043
vt 0.840421 0.379107
vt 0.853771 0.382684
vt 0.991221 0.588347
vt 0.978580 0.594236
vt 0.994268 0.598173
vt 0.981798 0.604527
vt 0.969085 0.610870
vt 0.984994 0.614371
vt 0.972676 0.621306
vt 0.960518 0.628078
vt 0.976454 0.631077
vt 0.964840 0.638355
vt 0.953385 0.645455
vt 0.969639 0.647723
vt 0.958828 0.655268
vt 0.947816 0.662217
vt 0.964981 0.663728
vt 0.954578 0.670888
vt 0.943630 0.677196
vt 0.932568 0.682771
vt 0.962438 0.677959
vt 0.953082 0.684550
vt 0.555016 0.007179
vt 0.568436 0.008498
vt 0.565947 0.017620
vt 0.583510 0.008896
vt 0.582612 0.016858
vt 0.582851 0.025137
vt 0.598495 0.016825
vt 0.599170 0.024878
vt 0.600400 0.033485
vt 0.614344 0.025082
vt 0.615836 0.033514
vt 0.617633 0.042477
vt 0.630049 0.033696
vt 0.632100 0.042533
vt 0.634335 0.051751
vt 0.645279 0.042692
vt 0.647762 0.051827
vt 0.650222 0.061402
vt 0.659883 0.052058
vt 0.662524 0.061626
vt 0.665097 0.071566
vt 0.871806 0.206722
vt 0.872198 0.214798
vt 0.857895 0.211437
vt 0.857314 0.203373
vt 0.856706 0.195218
vt 0.871251 0.198637
vt 0.678621 0.082454
vt 0.842326 0.201374
vt 0.841629 0.193189
vt 0.840912 0.185025
vt 0.856012 0.187048
vt 0.826112 0.192729
vt 0.825411 0.184441
vt 0.824721 0.176147
vt 0.809652 0.185452
vt 0.809040 0.177159
vt 0.808389 0.168848
vt 0.793387 0.179898
vt 0.792881 0.171611
vt 0.792284 0.163218
vt 0.777807 0.176209
vt 0.777377 0.167837
vt 0.776882 0.159494
vt 0.763478 0.174455
vt 0.763108 0.166018
vt 0.762615 0.157616
vt 0.750901 0.174422
vt 0.750476 0.165895
vt 0.749986 0.157497
vt 0.740007 0.175533
vt 0.739502 0.166988
vt 0.738957 0.158555
vt 0.238852 0.679880
vt 0.237318 0.691874
vt 0.229643 0.688937
vt 0.231365 0.677023
vt 0.232898 0.665015
vt 0.240311 0.667772
vt 0.222844 0.674152
vt 0.224501 0.662221
vt 0.226054 0.650217
vt 0.215325 0.659361
vt 0.216978 0.647443
vt 0.218509 0.635473
vt 0.207179 0.644582
vt 0.208757 0.632706
vt 0.210264 0.620787
vt 0.198251 0.629872
vt 0.199762 0.618076
vt 0.201181 0.606246
vt 0.188334 0.615389
vt 0.189771 0.603691
vt 0.191135 0.591953
vt 0.177420 0.601246
vt 0.178811 0.589647
vt 0.180108 0.578016
vt 0.165739 0.587490
vt 0.167070 0.576007
vt 0.168281 0.564504
vt 0.153487 0.574158
vt 0.154749 0.562794
vt 0.155898 0.551423
vt 0.140861 0.561271
vt 0.142053 0.550040
vt 0.143142 0.538797
vt 0.128115 0.548908
vt 0.129244 0.537781
vt 0.130265 0.526671
vt 0.115534 0.537031
vt 0.116602 0.526021
vt 0.117560 0.515031
vt 0.103358 0.525609
vt 0.104358 0.514696
vt 0.105256 0.503816
vt 0.091782 0.514570
vt 0.092720 0.503737
vt 0.093547 0.492939
vt 0.081004 0.503846
vt 0.081872 0.493073
vt 0.082629 0.482339
vt 0.071258 0.493370
vt 0.072060 0.482634
vt 0.072721 0.471940
vt 0.408359 0.432473
vt 0.409234 0.442911
vt 0.398960 0.445826
vt 0.398114 0.435338
vt 0.397414 0.424928
vt 0.407598 0.422109
vt 0.386835 0.437861
vt 0.386188 0.427365
vt 0.385699 0.416947
vt 0.374113 0.429389
vt 0.373679 0.418848
vt 0.373370 0.408384
vt 0.360956 0.420277
vt 0.360717 0.409688
vt 0.360632 0.399179
vt 0.347545 0.410451
vt 0.347527 0.399800
vt 0.347693 0.389207
vt 0.334143 0.399797
vt 0.334386 0.389051
vt 0.334819 0.378384
vt 0.321067 0.388291
vt 0.321571 0.377445
vt 0.322313 0.366673
vt 0.308569 0.375906
vt 0.309373 0.364934
vt 0.310484 0.354073
vt 0.296857 0.362643
vt 0.298041 0.351551
vt 0.299563 0.340600
vt 0.286126 0.348528
vt 0.287749 0.337337
vt 0.289709 0.326286
vt 0.276548 0.333603
vt 0.278637 0.322320
vt 0.281121 0.311165
vt 0.268308 0.317898
vt 0.270916 0.306531
vt 0.273951 0.295300
vt 0.261634 0.301456
vt 0.264825 0.290017
vt 0.268435 0.278742
vt 0.554244 0.564265
vt 0.555447 0.551933
vt 0.564571 0.554746
vt 0.563148 0.567346
vt 0.561607 0.579788
vt 0.552873 0.576458
vt 0.264726 0.261640
vt 0.572963 0.570474
vt 0.571162 0.583166
vt 0.569187 0.595681
vt 0.559884 0.592069
vt 0.581499 0.586545
vt 0.579250 0.599259
vt 0.576849 0.611738
vt 0.590057 0.602673
vt 0.587377 0.615307
vt 0.584514 0.627684
vt 0.598435 0.618581
vt 0.595290 0.631052
vt 0.592003 0.643213
vt 0.606402 0.634055
vt 0.602794 0.646240
vt 0.599074 0.658128
vt 0.613748 0.648844
vt 0.609716 0.660764
vt 0.605568 0.672352
vt 0.620352 0.662883
vt 0.615919 0.674507
vt 0.611443 0.685880
vt 0.626085 0.676115
vt 0.621313 0.687505
vt 0.616492 0.698665
vt 0.736845 0.728906
vt 0.732789 0.716547
vt 0.740153 0.711477
vt 0.744029 0.723996
vt 0.747993 0.736441
vt 0.741013 0.741193
vt 0.752112 0.719499
vt 0.755863 0.732087
vt 0.759683 0.744616
vt 0.764427 0.728220
vt 0.767987 0.740854
vt 0.771603 0.753418
vt 0.776849 0.737613
vt 0.780171 0.750281
vt 0.783524 0.762892
vt 0.789146 0.747666
vt 0.792213 0.760327
vt 0.795315 0.772948
vt 0.801053 0.758310
vt 0.803857 0.770971
vt 0.806679 0.783606
vt 0.812324 0.769555
vt 0.814851 0.782194
vt 0.817379 0.794807
vt 0.822829 0.781308
vt 0.825082 0.793920
vt 0.827327 0.806499
vt 0.832507 0.793525
vt 0.834494 0.806090
vt 0.836513 0.818589
vt 0.841329 0.806122
vt 0.843136 0.818582
vt 0.844898 0.831020
vt 0.849312 0.819015
vt 0.850909 0.831367
vt 0.852505 0.843666
vt 0.856438 0.832130
vt 0.857852 0.844335
vt 0.859248 0.856528
vt 0.862703 0.845413
vt 0.863863 0.857510
vt 0.864984 0.869571
vt 0.090457 0.070749
vt 0.097533 0.080157
vt 0.094916 0.084137
vt 0.088000 0.074570
vt 0.081019 0.065103
vt 0.083317 0.061453
vt 0.084858 0.078453
vt 0.078083 0.068774
vt 0.071251 0.059124
vt 0.074621 0.072351
vt 0.068002 0.062548
vt 0.061251 0.052770
vt 0.064438 0.065743
vt 0.057957 0.055767
vt 0.060640 0.068714
vt 0.054380 0.058593
vt 0.056641 0.071462
vt 0.050634 0.061209
vt 0.044465 0.051008
vt 0.046756 0.063632
vt 0.040876 0.053227
vt 0.034932 0.042775
vt 0.037194 0.055247
vt 0.031592 0.044643
vt 0.026290 0.034688
vt 0.028190 0.046308
vt 0.023232 0.036154
vt 0.019039 0.027797
vt 0.020135 0.037483
vt 0.016233 0.028982
vt 0.013168 0.022725
vt 0.013477 0.030003
vt 0.010681 0.023760
vt 0.008542 0.019013
vt 0.008364 0.024672
vt 0.006357 0.019837
vt 0.004674 0.016306
vt 0.004335 0.020421
vt 0.002778 0.017300
vt 0.001701 0.015565
vt 0.495200 0.019186
vt 0.496470 0.017242
vt 0.496726 0.020563
vt 0.495288 0.021979
vt 0.493955 0.021251
vt 0.492271 0.020682
vt 0.492643 0.024236
vt 0.490857 0.024002
vt 0.488975 0.023583
vt 0.489118 0.028817
vt 0.487030 0.028110
vt 0.484771 0.027300
vt 0.484185 0.034208
vt 0.481574 0.033322
vt 0.478944 0.032206
vt 0.477227 0.041212
vt 0.474106 0.039957
vt 0.471011 0.038425
vt 0.468416 0.049108
vt 0.464927 0.047408
vt 0.461466 0.045337
vt 0.458592 0.056751
vt 0.454810 0.054529
vt 0.451153 0.051933
vt 0.458146 0.043010
vt 0.447628 0.049025
vt 0.444278 0.060811
vt 0.440437 0.057691
vt 0.436851 0.054287
vt 0.433407 0.066361
vt 0.429512 0.062715
vt 0.425914 0.058771
vt 0.433521 0.050581
vt 0.430669 0.046735
vt 0.422281 0.071217
vt 0.426442 0.075040
vt 0.419445 0.083803
vt 0.430757 0.078511
vt 0.424047 0.087411
vt 0.417393 0.096357
vt 0.428834 0.090624
vt 0.422468 0.099726
vt 0.416220 0.108738
vt 0.427698 0.102552
vt 0.421717 0.111732
vt 0.415906 0.120946
vt 0.427372 0.114202
vt 0.421854 0.123439
vt 0.416472 0.132699
vt 0.427866 0.125375
vt 0.422789 0.134672
vt 0.417902 0.144011
vt 0.429139 0.136095
vt 0.424517 0.145443
vt 0.420063 0.154868
vt 0.431193 0.146317
vt 0.427006 0.155722
vt 0.422933 0.165167
vt 0.433969 0.155887
vt 0.430121 0.165320
vt 0.426347 0.174754
vt 0.437171 0.164668
vt 0.433634 0.174058
vt 0.430263 0.183467
vt 0.043176 0.201810
vt 0.040947 0.191198
vt 0.047789 0.191583
vt 0.050166 0.202200
vt 0.052456 0.212776
vt 0.045310 0.212400
vt 0.057839 0.202025
vt 0.060341 0.212590
vt 0.062703 0.223119
vt 0.068426 0.211913
vt 0.071067 0.222461
vt 0.073525 0.232955
vt 0.079378 0.221356
vt 0.082164 0.231855
vt 0.084773 0.242326
vt 0.090722 0.230346
vt 0.093678 0.240829
vt 0.096476 0.251290
vt 0.102522 0.238954
vt 0.105710 0.249440
vt 0.108727 0.259905
vt 0.114863 0.247207
vt 0.118273 0.257713
vt 0.121512 0.268202
vt 0.127740 0.255152
vt 0.131387 0.265688
vt 0.134855 0.276209
vt 0.141166 0.262810
vt 0.145031 0.273420
vt 0.148680 0.284049
vt 0.154987 0.270307
vt 0.158952 0.281053
vt 0.162658 0.291855
vt 0.168761 0.277800
vt 0.172731 0.288756
vt 0.176434 0.299775
vt 0.182161 0.285466
vt 0.186101 0.296692
vt 0.189721 0.308006
vt 0.194992 0.293435
vt 0.198827 0.304983
vt 0.202334 0.316624
vt 0.207029 0.301821
vt 0.210724 0.313717
vt 0.214049 0.325709
vt 0.218075 0.310701
vt 0.221600 0.322976
vt 0.224702 0.335386
vt 0.228024 0.320152
vt 0.231262 0.332833
vt 0.234127 0.345646
vt 0.850624 0.579048
vt 0.850056 0.588790
vt 0.840782 0.582389
vt 0.841212 0.572358
vt 0.841856 0.562713
vt 0.851370 0.569709
vt 0.830824 0.566489
vt 0.831342 0.556559
vt 0.832075 0.547020
vt 0.819890 0.551472
vt 0.820513 0.541677
vt 0.821359 0.532254
vt 0.808121 0.537599
vt 0.808882 0.528001
vt 0.809850 0.518758
vt 0.795813 0.525157
vt 0.796705 0.515752
vt 0.797799 0.506709
vt 0.783253 0.514159
vt 0.784288 0.504960
vt 0.785528 0.496169
vt 0.770742 0.504630
vt 0.771940 0.495699
vt 0.773314 0.487141
vt 0.758530 0.496683
vt 0.759864 0.488055
vt 0.761360 0.479750
vt 0.722422 0.423484
vt 0.722393 0.438166
vt 0.714511 0.438280
vt 0.714494 0.423498
vt 0.714261 0.408843
vt 0.722234 0.408915
vt 0.705161 0.423543
vt 0.704875 0.408840
vt 0.704434 0.394276
vt 0.694196 0.408925
vt 0.693715 0.394358
vt 0.693084 0.379920
vt 0.681912 0.394562
vt 0.681240 0.380155
vt 0.680441 0.365874
vt 0.668533 0.380538
vt 0.667699 0.366318
vt 0.666774 0.352199
vt 0.654346 0.366904
vt 0.653366 0.352880
vt 0.652284 0.338949
vt 0.639562 0.353704
vt 0.638432 0.339884
vt 0.637202 0.326142
vt 0.624417 0.340937
vt 0.623133 0.327317
vt 0.621745 0.313764
vt 0.609161 0.328581
vt 0.607720 0.315156
vt 0.606169 0.301794
vt 0.594101 0.316605
vt 0.592501 0.303378
vt 0.590788 0.290208
vt 0.579606 0.304982
vt 0.577863 0.291953
vt 0.575990 0.278982
vt 0.566014 0.293708
vt 0.564134 0.280880
vt 0.562120 0.268106
vt 0.553333 0.282799
vt 0.551307 0.270170
vt 0.549162 0.257598
vt 0.541400 0.272308
vt 0.539250 0.259872
vt 0.536968 0.247487
vt 0.264839 0.584695
vt 0.262997 0.572201
vt 0.273528 0.572927
vt 0.275444 0.585295
vt 0.277546 0.597652
vt 0.266863 0.597166
vt 0.286629 0.585485
vt 0.288765 0.597741
vt 0.291051 0.610016
vt 0.300585 0.597415
vt 0.302889 0.609606
vt 0.305365 0.621834
vt 0.315376 0.608745
vt 0.317867 0.620887
vt 0.320533 0.633091
vt 0.331025 0.619453
vt 0.333678 0.631572
vt 0.336510 0.643773
vt 0.347338 0.629590
vt 0.350168 0.641695
vt 0.353170 0.653908
vt 0.364137 0.639225
vt 0.367138 0.651358
vt 0.370299 0.663636
vt 0.381261 0.648461
vt 0.384430 0.660667
vt 0.387766 0.673054
vt 0.398453 0.657431
vt 0.401790 0.669764
vt 0.405305 0.682326
vt 0.415404 0.666306
vt 0.418925 0.678818
vt 0.422613 0.691586
vt 0.431877 0.675228
vt 0.435584 0.687950
vt 0.439426 0.700954
vt 0.447630 0.684317
vt 0.451505 0.697268
vt 0.455492 0.710504
vt 0.462394 0.693645
vt 0.466469 0.706836
vt 0.470671 0.720304
vt 0.022924 0.756145
vt 0.026124 0.743147
vt 0.037567 0.742676
vt 0.034457 0.755723
vt 0.031398 0.769095
vt 0.019801 0.769457
vt 0.046827 0.755746
vt 0.043828 0.769266
vt 0.040925 0.783217
vt 0.056799 0.769875
vt 0.053911 0.784070
vt 0.051247 0.798852
vt 0.067230 0.785260
vt 0.064494 0.800398
vt 0.061935 0.816362
vt 0.077496 0.801677
vt 0.074993 0.817617
vt 0.074928 0.833549
vt 0.089789 0.817629
vt 0.090372 0.832686
vt 0.093048 0.847629
vt 0.105736 0.832585
vt 0.108362 0.847531
vt 0.110652 0.862050
vt 0.122794 0.848277
vt 0.124118 0.862612
vt 0.123582 0.875848
vt 0.136510 0.863449
vt 0.134797 0.876372
vt 0.729297 0.392062
vt 0.732788 0.379860
vt 0.745167 0.383743
vt 0.727627 0.404364
vt 0.737447 0.367946
vt 0.749717 0.372506
vt 0.763083 0.376828
vt 0.758765 0.387428
vt 0.776874 0.381001
vt 0.772720 0.391112
vt 0.790750 0.385118
vt 0.781447 0.370853
vt 0.795097 0.375403
vt 0.808826 0.379827
vt 0.799693 0.365679
vt 0.813179 0.370452
vt 0.826805 0.374991
vt 0.817626 0.361110
vt 0.830940 0.365776
vt 0.844457 0.369918
vt 0.857822 0.373250
vt 0.835000 0.356626
vt 0.848137 0.360675
vt 0.861438 0.363831
vt 0.997234 0.607647
vt 0.851592 0.351511
vt 0.864501 0.354379
vt 1.000000 0.616694
vt 0.988223 0.623719
vt 0.877426 0.355933
vt 0.867168 0.345031
vt 0.879657 0.346106
vt 0.991514 0.632462
vt 0.980507 0.640055
vt 0.994997 0.640629
vt 0.985009 0.648274
vt 0.975057 0.656026
vt 0.990163 0.655645
vt 0.981242 0.663169
vt 0.971975 0.670738
vt 0.988152 0.669115
vt 0.980033 0.676304
vt 0.972180 0.683367
vt 0.585449 0.001209
vt 0.572272 0.000000
vt 0.988803 0.680342
vt 0.982762 0.686898
vt 0.599045 0.002345
vt 0.598470 0.009325
vt 0.611820 0.003193
vt 0.612389 0.009856
vt 0.613221 0.017303
vt 0.624366 0.010091
vt 0.626229 0.017582
vt 0.628190 0.025325
vt 0.896044 0.256654
vt 0.894223 0.264019
vt 0.883460 0.258643
vt 0.884563 0.250812
vt 0.640349 0.025502
vt 0.642859 0.033898
vt 0.885270 0.243122
vt 0.872486 0.246696
vt 0.872546 0.238730
vt 0.872572 0.230741
vt 0.885732 0.235413
vt 0.657115 0.042910
vt 0.859401 0.235823
vt 0.858903 0.227642
vt 0.858409 0.219530
vt 0.872476 0.222783
vt 0.844716 0.225977
vt 0.843819 0.217724
vt 0.843048 0.209546
vt 0.828676 0.217335
vt 0.827694 0.209141
vt 0.826849 0.200964
vt 0.811798 0.210258
vt 0.810966 0.201989
vt 0.810286 0.193739
vt 0.794837 0.204835
vt 0.794319 0.196544
vt 0.793850 0.188212
vt 0.778676 0.201427
vt 0.778443 0.193006
vt 0.778170 0.184629
vt 0.764112 0.200059
vt 0.763969 0.191461
vt 0.763765 0.182939
vt 0.751576 0.200427
vt 0.751393 0.191641
vt 0.751197 0.182995
vt 0.740869 0.201771
vt 0.740676 0.192912
vt 0.740371 0.184159
vt 0.233829 0.715507
vt 0.231859 0.727133
vt 0.223829 0.724068
vt 0.225914 0.712457
vt 0.227850 0.700750
vt 0.235620 0.703757
vt 0.217091 0.709433
vt 0.219147 0.697749
vt 0.221089 0.685991
vt 0.209700 0.694737
vt 0.211708 0.683005
vt 0.213589 0.671219
vt 0.201658 0.679954
vt 0.203618 0.668197
vt 0.205462 0.656413
vt 0.192919 0.665150
vt 0.194830 0.653405
vt 0.196597 0.641655
vt 0.183295 0.650426
vt 0.185095 0.638753
vt 0.186767 0.627076
vt 0.172614 0.635993
vt 0.174326 0.624412
vt 0.175926 0.612833
vt 0.161122 0.621930
vt 0.162764 0.610449
vt 0.164307 0.598963
vt 0.149075 0.608257
vt 0.150649 0.596880
vt 0.152122 0.585515
vt 0.136641 0.595047
vt 0.138162 0.583780
vt 0.139564 0.572521
vt 0.124093 0.582357
vt 0.125538 0.571187
vt 0.126878 0.560036
vt 0.111711 0.570192
vt 0.113089 0.559114
vt 0.114363 0.548063
vt 0.099729 0.558511
vt 0.101042 0.547520
vt 0.102242 0.536547
vt 0.088358 0.547268
vt 0.089578 0.536331
vt 0.090738 0.525436
vt 0.077779 0.536388
vt 0.078956 0.525506
vt 0.080040 0.514660
vt 0.068226 0.525819
vt 0.069350 0.514967
vt 0.070361 0.504148
vt 0.411450 0.464030
vt 0.412747 0.474702
vt 0.402327 0.477733
vt 0.401080 0.467024
vt 0.399943 0.456388
vt 0.410274 0.453435
vt 0.389659 0.469763
vt 0.388557 0.459059
vt 0.387624 0.448423
vt 0.376330 0.461396
vt 0.375445 0.450662
vt 0.374706 0.439991
vt 0.362582 0.452485
vt 0.361884 0.441679
vt 0.361347 0.430946
vt 0.348557 0.442874
vt 0.348062 0.432002
vt 0.347726 0.421191
vt 0.334520 0.432499
vt 0.334231 0.421517
vt 0.334100 0.410625
vt 0.320754 0.421289
vt 0.320674 0.410218
vt 0.320772 0.399219
vt 0.307495 0.409249
vt 0.307641 0.398055
vt 0.307999 0.386945
vt 0.294925 0.396387
vt 0.295337 0.385064
vt 0.295978 0.373815
vt 0.283202 0.382717
vt 0.283900 0.371247
vt 0.284855 0.359858
vt 0.272460 0.368233
vt 0.273502 0.356597
vt 0.274847 0.345047
vt 0.262877 0.352918
vt 0.264297 0.341128
vt 0.266097 0.329447
vt 0.254625 0.336792
vt 0.256523 0.324860
vt 0.258866 0.313069
vt 0.557259 0.526953
vt 0.557854 0.514296
vt 0.567404 0.516233
vt 0.566672 0.529184
vt 0.565746 0.542024
vt 0.556453 0.539498
vt 0.577028 0.531457
vt 0.575926 0.544598
vt 0.574559 0.557619
vt 0.586928 0.547153
vt 0.585385 0.560449
vt 0.583548 0.573596
vt 0.596904 0.563192
vt 0.594850 0.576596
vt 0.592546 0.589772
vt 0.606747 0.579353
vt 0.604206 0.592731
vt 0.601419 0.605814
vt 0.616188 0.595362
vt 0.613137 0.608623
vt 0.609852 0.621488
vt 0.624980 0.611002
vt 0.621407 0.623995
vt 0.617670 0.636613
vt 0.632913 0.625975
vt 0.628883 0.638651
vt 0.624674 0.650922
vt 0.639861 0.640206
vt 0.635389 0.652516
vt 0.630775 0.664453
vt 0.645663 0.653530
vt 0.640817 0.665504
vt 0.635855 0.677164
vt 0.630826 0.688571
vt 0.736351 0.698878
vt 0.732638 0.686218
vt 0.741322 0.681312
vt 0.744814 0.694110
vt 0.748407 0.706839
vt 0.754093 0.689906
vt 0.757460 0.702732
vt 0.760924 0.715509
vt 0.767125 0.699251
vt 0.770322 0.712105
vt 0.773557 0.724895
vt 0.780145 0.709349
vt 0.783111 0.722174
vt 0.786108 0.734943
vt 0.792840 0.720085
vt 0.795553 0.732879
vt 0.798295 0.745628
vt 0.804930 0.731477
vt 0.807373 0.744195
vt 0.809834 0.756891
vt 0.816213 0.743380
vt 0.818392 0.756043
vt 0.820597 0.768683
vt 0.826606 0.755772
vt 0.828542 0.768365
vt 0.830530 0.780921
vt 0.836147 0.768585
vt 0.837840 0.781090
vt 0.839553 0.793621
vt 0.844733 0.781788
vt 0.846217 0.794199
vt 0.847749 0.806621
vt 0.852462 0.795276
vt 0.853759 0.807575
vt 0.855092 0.819860
vt 0.859309 0.809023
vt 0.860431 0.821176
vt 0.861560 0.833297
vt 0.111630 0.099179
vt 0.118627 0.108808
vt 0.115550 0.113174
vt 0.108718 0.103430
vt 0.101833 0.093772
vt 0.104591 0.089633
vt 0.104945 0.107832
vt 0.098277 0.097999
vt 0.091570 0.088195
vt 0.094146 0.102065
vt 0.087713 0.092109
vt 0.081176 0.082215
vt 0.083466 0.095768
vt 0.077160 0.085722
vt 0.070831 0.075715
vt 0.072891 0.088962
vt 0.066769 0.078840
vt 0.068413 0.091954
vt 0.062548 0.081734
vt 0.063758 0.094715
vt 0.058133 0.084385
vt 0.052500 0.073990
vt 0.053620 0.086792
vt 0.048222 0.076309
vt 0.042753 0.065804
vt 0.043854 0.078359
vt 0.038676 0.067723
vt 0.033460 0.057059
vt 0.034541 0.069414
vt 0.029653 0.058626
vt 0.024747 0.047749
vt 0.025879 0.059928
vt 0.021299 0.048962
vt 0.017064 0.038617
vt 0.017918 0.049944
vt 0.014052 0.039538
vt 0.010822 0.030882
vt 0.011077 0.040221
vt 0.008171 0.031626
vt 0.006094 0.025447
vt 0.005645 0.032124
vt 0.008158 0.040669
vt 0.005239 0.040832
vt 0.003205 0.032271
vt 0.002418 0.040640
vt 0.000783 0.032047
vt 0.491505 0.035125
vt 0.489116 0.042800
vt 0.486221 0.042974
vt 0.489135 0.035166
vt 0.491145 0.029210
vt 0.493017 0.029360
vt 0.494085 0.024248
vt 0.486688 0.034824
vt 0.483259 0.042730
vt 0.480236 0.042124
vt 0.478912 0.052041
vt 0.475447 0.051449
vt 0.471973 0.050474
vt 0.470246 0.061174
vt 0.466392 0.060184
vt 0.462455 0.058658
vt 0.460736 0.069640
vt 0.456498 0.067997
vt 0.452329 0.066025
vt 0.450601 0.077317
vt 0.446120 0.075183
vt 0.441746 0.072598
vt 0.448245 0.063584
vt 0.437474 0.069660
vt 0.435254 0.081617
vt 0.439948 0.084277
vt 0.433797 0.093469
vt 0.444709 0.086578
vt 0.438832 0.095745
vt 0.433038 0.104954
vt 0.443953 0.097610
vt 0.438467 0.106905
vt 0.433097 0.116068
vt 0.443934 0.108243
vt 0.438872 0.117502
vt 0.433933 0.126812
vt 0.444661 0.118362
vt 0.440013 0.127653
vt 0.435520 0.136959
vt 0.446116 0.127847
vt 0.441961 0.137151
vt 0.437896 0.146492
vt 0.448336 0.136614
vt 0.444544 0.145931
vt 0.440825 0.155281
vt 0.036214 0.169918
vt 0.033667 0.159260
vt 0.039848 0.159647
vt 0.042634 0.170309
vt 0.045284 0.180962
vt 0.038621 0.180570
vt 0.049471 0.170138
vt 0.052418 0.180788
vt 0.055210 0.191420
vt 0.059589 0.180094
vt 0.062697 0.190731
vt 0.065625 0.201340
vt 0.070060 0.189604
vt 0.073317 0.200205
vt 0.076427 0.210795
vt 0.080855 0.198689
vt 0.084270 0.209288
vt 0.087574 0.219831
vt 0.092014 0.207390
vt 0.095663 0.217929
vt 0.099173 0.228461
vt 0.103671 0.215662
vt 0.107550 0.226176
vt 0.111297 0.236702
vt 0.115865 0.223542
vt 0.119978 0.234085
vt 0.123938 0.244623
vt 0.128575 0.231096
vt 0.132918 0.241655
vt 0.137116 0.252234
vt 0.141747 0.238327
vt 0.146350 0.248946
vt 0.150774 0.259593
vt 0.155334 0.245300
vt 0.160058 0.256070
vt 0.164536 0.266897
vt 0.168783 0.252284
vt 0.173495 0.263258
vt 0.177962 0.274331
vt 0.181704 0.259425
vt 0.186402 0.270672
vt 0.190839 0.282009
vt 0.193922 0.266891
vt 0.198601 0.278408
vt 0.202991 0.290047
vt 0.205378 0.274688
vt 0.209959 0.286546
vt 0.214184 0.298563
vt 0.215824 0.282975
vt 0.220315 0.295192
vt 0.224336 0.307592
vt 0.849432 0.609280
vt 0.849381 0.619978
vt 0.840538 0.614621
vt 0.840454 0.603549
vt 0.840531 0.592779
vt 0.849665 0.598845
vt 0.830477 0.598719
vt 0.830415 0.587585
vt 0.830467 0.576885
vt 0.819324 0.583430
vt 0.819282 0.572347
vt 0.819462 0.561723
vt 0.807260 0.569043
vt 0.807296 0.558127
vt 0.807588 0.547644
vt 0.794563 0.555854
vt 0.794715 0.545160
vt 0.795150 0.534919
vt 0.781549 0.544025
vt 0.781865 0.533626
vt 0.782441 0.523713
vt 0.768537 0.533696
vt 0.769011 0.523633
vt 0.769754 0.513942
vt 0.755776 0.524862
vt 0.756450 0.515075
vt 0.757372 0.505677
vt 0.743560 0.517549
vt 0.744425 0.508108
vt 0.721628 0.467889
vt 0.713813 0.468209
vt 0.714289 0.453193
vt 0.722141 0.452966
vt 0.704607 0.468423
vt 0.705046 0.453355
vt 0.705232 0.438384
vt 0.694519 0.453448
vt 0.694648 0.438473
vt 0.694530 0.423626
vt 0.682952 0.438543
vt 0.682796 0.423752
vt 0.682438 0.409093
vt 0.670225 0.423910
vt 0.669813 0.409334
vt 0.669245 0.394873
vt 0.656572 0.409622
vt 0.655962 0.395272
vt 0.655214 0.381037
vt 0.642292 0.395728
vt 0.641507 0.381616
vt 0.640591 0.367609
vt 0.627632 0.382261
vt 0.626669 0.368404
vt 0.625593 0.354629
vt 0.612837 0.369253
vt 0.611718 0.355625
vt 0.610497 0.342069
vt 0.598234 0.356645
vt 0.596978 0.343241
vt 0.595594 0.329893
vt 0.584175 0.344404
vt 0.582772 0.331210
vt 0.581249 0.318072
vt 0.570960 0.332504
vt 0.569423 0.319524
vt 0.567766 0.306588
vt 0.558628 0.320972
vt 0.556989 0.308202
vt 0.555212 0.295475
vt 0.547082 0.309868
vt 0.545307 0.297304
vt 0.543414 0.284784
vt 0.259685 0.547209
vt 0.258229 0.534714
vt 0.268581 0.535859
vt 0.270098 0.548209
vt 0.271757 0.560558
vt 0.261272 0.559702
vt 0.281126 0.548803
vt 0.282818 0.561025
vt 0.284649 0.573259
vt 0.294510 0.561065
vt 0.296387 0.573168
vt 0.298401 0.585278
vt 0.308821 0.572628
vt 0.310867 0.584620
vt 0.313052 0.596655
vt 0.324006 0.583499
vt 0.326196 0.595419
vt 0.328538 0.607403
vt 0.339834 0.593768
vt 0.342185 0.605631
vt 0.344678 0.617576
vt 0.356126 0.603477
vt 0.358642 0.615299
vt 0.361312 0.627209
vt 0.372700 0.612667
vt 0.375408 0.624487
vt 0.378250 0.636409
vt 0.389353 0.621458
vt 0.392225 0.633305
vt 0.395265 0.645289
vt 0.405750 0.629999
vt 0.408818 0.641925
vt 0.412034 0.654021
vt 0.421669 0.638458
vt 0.424911 0.650514
vt 0.428309 0.662761
vt 0.436869 0.646969
vt 0.440306 0.659186
vt 0.443877 0.671632
vt 0.451186 0.655623
vt 0.454787 0.668048
vt 0.458517 0.680717
vt 0.032388 0.717952
vt 0.035392 0.705718
vt 0.046646 0.705230
vt 0.043701 0.717458
vt 0.040658 0.729926
vt 0.029315 0.730432
vt 0.055983 0.717364
vt 0.052950 0.729828
vt 0.049890 0.742617
vt 0.066009 0.730161
vt 0.062913 0.742967
vt 0.059831 0.756169
vt 0.076510 0.743782
vt 0.073343 0.757018
vt 0.070204 0.770854
vt 0.087247 0.758285
vt 0.083936 0.772115
vt 0.080679 0.786509
vt 0.097998 0.773599
vt 0.094593 0.787767
vt 0.091531 0.802522
vt 0.108977 0.789332
vt 0.106232 0.803611
vt 0.104877 0.818089
vt 0.120746 0.805359
vt 0.119653 0.819341
vt 0.120645 0.833465
vt 0.133898 0.821125
vt 0.134806 0.834904
vt 0.136177 0.849370
vt 0.147870 0.836512
vt 0.148506 0.850619
vt 0.147726 0.864349
vt 0.159757 0.851901
vt 0.158194 0.865339
vt 0.727032 0.363279
vt 0.732457 0.351057
vt 0.742862 0.356263
vt 0.722422 0.375839
vt 0.738491 0.339142
vt 0.748793 0.344782
vt 0.760601 0.350288
vt 0.754907 0.361329
vt 0.773268 0.355585
vt 0.767968 0.366198
vt 0.786354 0.360714
vt 0.778965 0.345076
vt 0.791602 0.350633
vt 0.804500 0.356011
vt 0.797160 0.340777
vt 0.809536 0.346536
vt 0.822134 0.351854
vt 0.814759 0.337344
vt 0.826709 0.342794
vt 0.838976 0.347558
vt 0.831366 0.333949
vt 0.842933 0.338616
vt 0.854882 0.342424
vt 0.846837 0.329727
vt 0.858010 0.333225
vt 0.869534 0.335743
vt 0.881173 0.336372
vt 0.861032 0.323933
vt 0.871625 0.326104
vt 0.881837 0.326336
vt 0.891680 0.324751
vt 0.892061 0.335078
vt 0.872628 0.315538
vt 0.881486 0.315530
vt 0.890073 0.314180
vt 0.996019 0.662353
vt 0.880362 0.304169
vt 0.898319 0.311676
vt 0.872319 0.303856
vt 0.871843 0.292148
vt 0.879471 0.292830
vt 0.871540 0.281690
vt 0.879791 0.283069
vt 0.880856 0.274594
vt 0.889606 0.278440
vt 0.871533 0.272197
vt 0.871847 0.263362
vt 0.882230 0.266522
vt 0.862457 0.280565
vt 0.861752 0.270700
vt 0.861154 0.261348
vt 0.860553 0.252562
vt 0.872243 0.254873
vt 0.851427 0.269709
vt 0.849870 0.260348
vt 0.848359 0.251405
vt 0.846978 0.242729
vt 0.859930 0.244128
vt 0.837865 0.259941
vt 0.835453 0.251005
vt 0.833276 0.242384
vt 0.831384 0.233931
vt 0.845784 0.234250
vt 0.820755 0.251464
vt 0.818015 0.243180
vt 0.815882 0.234937
vt 0.814178 0.226725
vt 0.829857 0.225642
vt 0.801095 0.245576
vt 0.798993 0.237596
vt 0.797494 0.229533
vt 0.796336 0.221379
vt 0.812850 0.218501
vt 0.781776 0.242976
vt 0.780492 0.234817
vt 0.779709 0.226571
vt 0.779213 0.218254
vt 0.795457 0.213127
vt 0.765282 0.242996
vt 0.764570 0.234647
vt 0.764248 0.225976
vt 0.764151 0.217311
vt 0.778916 0.209822
vt 0.751878 0.245200
vt 0.751562 0.236273
vt 0.751495 0.227213
vt 0.751575 0.218178
vt 0.764129 0.208633
vt 0.740925 0.248045
vt 0.740858 0.238572
vt 0.740959 0.229155
vt 0.740988 0.219873
vt 0.751586 0.209246
vt 0.222358 0.772309
vt 0.219515 0.783306
vt 0.210453 0.781018
vt 0.213560 0.769681
vt 0.216427 0.758367
vt 0.225045 0.761227
vt 0.219082 0.747016
vt 0.227461 0.749996
vt 0.204014 0.767265
vt 0.207102 0.755677
vt 0.209923 0.744145
vt 0.212501 0.732609
vt 0.221567 0.735583
vt 0.197092 0.753044
vt 0.200030 0.741333
vt 0.202736 0.729688
vt 0.205209 0.718057
vt 0.214884 0.721049
vt 0.189444 0.738515
vt 0.192263 0.726772
vt 0.194847 0.715077
vt 0.197288 0.703384
vt 0.207543 0.706416
vt 0.181058 0.723789
vt 0.183791 0.712021
vt 0.186319 0.700297
vt 0.188721 0.688569
vt 0.199545 0.691686
vt 0.171910 0.708896
vt 0.174512 0.697160
vt 0.176974 0.685451
vt 0.179226 0.673771
vt 0.190885 0.676863
vt 0.161798 0.694083
vt 0.164289 0.682404
vt 0.166613 0.670764
vt 0.168767 0.659164
vt 0.181353 0.662095
vt 0.150862 0.679514
vt 0.153212 0.667939
vt 0.155414 0.656400
vt 0.157471 0.644899
vt 0.170776 0.647576
vt 0.139286 0.665323
vt 0.141523 0.653853
vt 0.143613 0.642432
vt 0.145568 0.631028
vt 0.159369 0.633409
vt 0.127278 0.651609
vt 0.129405 0.640246
vt 0.131409 0.628922
vt 0.133295 0.617609
vt 0.147385 0.619642
vt 0.115103 0.638426
vt 0.117145 0.627161
vt 0.119076 0.615932
vt 0.120863 0.604731
vt 0.135021 0.606332
vt 0.103082 0.625830
vt 0.105045 0.614648
vt 0.106879 0.603502
vt 0.108599 0.592380
vt 0.122531 0.593529
vt 0.091464 0.613796
vt 0.093337 0.602681
vt 0.095106 0.591603
vt 0.096765 0.580552
vt 0.110210 0.581275
vt 0.080444 0.602258
vt 0.082259 0.591203
vt 0.083952 0.580179
vt 0.085550 0.569194
vt 0.098311 0.569525
vt 0.070265 0.591190
vt 0.071990 0.580170
vt 0.073600 0.569182
vt 0.075114 0.558230
vt 0.087004 0.558218
vt 0.061096 0.580525
vt 0.062744 0.569526
vt 0.064296 0.558564
vt 0.065728 0.547628
vt 0.076513 0.547301
vt 0.419175 0.518019
vt 0.421115 0.529001
vt 0.410545 0.532233
vt 0.408639 0.521211
vt 0.406872 0.510253
vt 0.417372 0.507100
vt 0.405236 0.499353
vt 0.415708 0.496241
vt 0.397044 0.524258
vt 0.395307 0.513237
vt 0.393692 0.502275
vt 0.392228 0.491376
vt 0.403738 0.488512
vt 0.382885 0.516005
vt 0.381298 0.504965
vt 0.379867 0.493987
vt 0.378557 0.483061
vt 0.390890 0.480539
vt 0.368202 0.507361
vt 0.366796 0.496267
vt 0.365550 0.485246
vt 0.364413 0.474265
vt 0.377378 0.472200
vt 0.353275 0.498176
vt 0.352043 0.487007
vt 0.350956 0.475889
vt 0.350006 0.464827
vt 0.363418 0.463340
vt 0.338323 0.488296
vt 0.337269 0.477023
vt 0.336344 0.465803
vt 0.335581 0.454632
vt 0.349199 0.453814
vt 0.323635 0.477654
vt 0.322743 0.466269
vt 0.321995 0.454930
vt 0.321422 0.443651
vt 0.334977 0.443538
vt 0.309416 0.466257
vt 0.308704 0.454727
vt 0.308135 0.443259
vt 0.307754 0.431853
vt 0.321007 0.432442
vt 0.295855 0.454084
vt 0.295308 0.442418
vt 0.294936 0.430803
vt 0.294745 0.419260
vt 0.307538 0.420520
vt 0.283078 0.441155
vt 0.282708 0.429340
vt 0.282523 0.417574
vt 0.282525 0.405887
vt 0.294749 0.407783
vt 0.271163 0.427462
vt 0.270977 0.415485
vt 0.270993 0.403580
vt 0.271237 0.391714
vt 0.282729 0.394268
vt 0.260207 0.412978
vt 0.260232 0.400839
vt 0.260491 0.388752
vt 0.261003 0.376735
vt 0.271714 0.379935
vt 0.250286 0.397714
vt 0.250568 0.385394
vt 0.251099 0.373135
vt 0.251950 0.360931
vt 0.261802 0.364785
vt 0.558569 0.463103
vt 0.558354 0.450245
vt 0.568221 0.450749
vt 0.568409 0.463888
vt 0.568449 0.477019
vt 0.558632 0.475956
vt 0.568317 0.490130
vt 0.558531 0.488776
vt 0.579195 0.464693
vt 0.579181 0.478104
vt 0.578969 0.491501
vt 0.578544 0.504879
vt 0.567961 0.503194
vt 0.590797 0.479158
vt 0.590507 0.492847
vt 0.589992 0.506522
vt 0.589217 0.520165
vt 0.577891 0.518206
vt 0.602851 0.494118
vt 0.602211 0.508076
vt 0.601325 0.522026
vt 0.600160 0.535872
vt 0.588193 0.533716
vt 0.615072 0.509513
vt 0.614038 0.523716
vt 0.612703 0.537865
vt 0.611038 0.551881
vt 0.598674 0.549613
vt 0.627148 0.525231
vt 0.625624 0.539645
vt 0.623764 0.553927
vt 0.621547 0.567981
vt 0.609027 0.565723
vt 0.638640 0.541203
vt 0.636579 0.555694
vt 0.634165 0.569966
vt 0.631368 0.583940
vt 0.618996 0.581808
vt 0.649265 0.557147
vt 0.646628 0.571568
vt 0.643638 0.585701
vt 0.640336 0.599489
vt 0.628304 0.597635
vt 0.658784 0.572823
vt 0.655561 0.587007
vt 0.652064 0.600899
vt 0.648228 0.614366
vt 0.636750 0.612917
vt 0.667003 0.587904
vt 0.663274 0.601810
vt 0.659245 0.615335
vt 0.654922 0.628446
vt 0.644155 0.627472
vt 0.673807 0.602215
vt 0.669582 0.615767
vt 0.665059 0.628902
vt 0.731681 0.642692
vt 0.734717 0.655581
vt 0.725602 0.660751
vt 0.722422 0.648000
vt 0.728916 0.629866
vt 0.739261 0.625173
vt 0.741845 0.638082
vt 0.744669 0.651074
vt 0.747669 0.664056
vt 0.737938 0.668466
vt 0.752709 0.634260
vt 0.755301 0.647309
vt 0.758071 0.660370
vt 0.760976 0.673387
vt 0.750828 0.677008
vt 0.766431 0.644372
vt 0.768938 0.657451
vt 0.771583 0.670496
vt 0.774361 0.683508
vt 0.764001 0.686355
vt 0.780094 0.655345
vt 0.782468 0.668396
vt 0.784965 0.681399
vt 0.787532 0.694352
vt 0.777218 0.696440
vt 0.793421 0.667102
vt 0.795606 0.680082
vt 0.797862 0.692988
vt 0.800181 0.705862
vt 0.790164 0.707252
vt 0.806107 0.679524
vt 0.808034 0.692382
vt 0.809980 0.705206
vt 0.811997 0.717979
vt 0.802536 0.718697
vt 0.817841 0.692553
vt 0.819463 0.705282
vt 0.821149 0.717938
vt 0.822914 0.730563
vt 0.814086 0.730706
vt 0.828522 0.706038
vt 0.829889 0.718581
vt 0.831307 0.731105
vt 0.832848 0.743607
vt 0.824723 0.743195
vt 0.838148 0.719885
vt 0.839302 0.732251
vt 0.840520 0.744628
vt 0.841878 0.756998
vt 0.834457 0.756091
vt 0.846744 0.734088
vt 0.847711 0.746280
vt 0.848810 0.758492
vt 0.849969 0.770751
vt 0.843276 0.769393
vt 0.854412 0.748586
vt 0.855254 0.760602
vt 0.856207 0.772668
vt 0.857194 0.784773
vt 0.851178 0.783017
vt 0.145890 0.148642
vt 0.152415 0.158996
vt 0.148507 0.163588
vt 0.142123 0.153246
vt 0.135605 0.143043
vt 0.139195 0.138495
vt 0.128992 0.132977
vt 0.132432 0.128470
vt 0.137295 0.158041
vt 0.130977 0.147804
vt 0.124548 0.137682
vt 0.118073 0.127649
vt 0.122315 0.123022
vt 0.125416 0.152579
vt 0.119255 0.142371
vt 0.113040 0.132251
vt 0.106800 0.122162
vt 0.111534 0.117705
vt 0.113454 0.146783
vt 0.107541 0.136545
vt 0.101666 0.126297
vt 0.095725 0.116051
vt 0.100515 0.112106
vt 0.101865 0.140396
vt 0.096351 0.130006
vt 0.090732 0.119624
vt 0.084926 0.109327
vt 0.089668 0.105849
vt 0.090887 0.133335
vt 0.085477 0.122892
vt 0.079938 0.112519
vt 0.074223 0.102215
vt 0.078952 0.099125
vt 0.080026 0.125874
vt 0.074732 0.115440
vt 0.069303 0.105050
vt 0.069364 0.118083
vt 0.064214 0.107637
vt 0.058943 0.097221
vt 0.058983 0.109951
vt 0.054018 0.099463
vt 0.048969 0.088941
vt 0.049031 0.101396
vt 0.044259 0.090809
vt 0.039421 0.080153
vt 0.039542 0.092387
vt 0.034983 0.081650
vt 0.030430 0.070822
vt 0.030584 0.082848
vt 0.026339 0.071964
vt 0.022093 0.060980
vt 0.022207 0.072783
vt 0.018325 0.061759
vt 0.014528 0.050686
vt 0.014530 0.062235
vt 0.011175 0.051137
vt 0.010830 0.062349
vt 0.007805 0.051254
vt 0.007304 0.062121
vt 0.004593 0.051041
vt 0.485662 0.052020
vt 0.481545 0.061716
vt 0.477864 0.062012
vt 0.482351 0.052254
vt 0.474069 0.061781
vt 0.473255 0.071646
vt 0.469111 0.071403
vt 0.464947 0.070755
vt 0.464129 0.080927
vt 0.459633 0.080182
vt 0.455114 0.078988
vt 0.454360 0.089616
vt 0.449514 0.088295
vt 0.449112 0.098968
vt 0.459150 0.090346
vt 0.454242 0.099733
vt 0.449417 0.109073
vt 0.459396 0.099960
vt 0.454890 0.109305
vt 0.450446 0.118584
vt 0.460293 0.108876
vt 0.456176 0.118101
vt 0.452195 0.127339
vt 0.028206 0.137938
vt 0.025305 0.127281
vt 0.030636 0.127600
vt 0.033816 0.138277
vt 0.036886 0.148957
vt 0.030991 0.148595
vt 0.039709 0.138072
vt 0.043098 0.148778
vt 0.046357 0.159470
vt 0.049275 0.148109
vt 0.052874 0.158769
vt 0.056339 0.169430
vt 0.059240 0.157666
vt 0.063034 0.168329
vt 0.066643 0.178992
vt 0.069549 0.166872
vt 0.073510 0.177506
vt 0.077280 0.188094
vt 0.080275 0.175654
vt 0.084370 0.186224
vt 0.088267 0.196806
vt 0.091381 0.184013
vt 0.095585 0.194571
vt 0.099674 0.205119
vt 0.102829 0.191966
vt 0.107270 0.202498
vt 0.111622 0.213015
vt 0.114779 0.199513
vt 0.119475 0.210034
vt 0.124079 0.220565
vt 0.127225 0.206677
vt 0.132176 0.217196
vt 0.137026 0.227744
vt 0.140143 0.213419
vt 0.145334 0.223993
vt 0.150411 0.234616
vt 0.153349 0.219865
vt 0.158683 0.230573
vt 0.163840 0.241380
vt 0.166289 0.226314
vt 0.171636 0.237260
vt 0.176785 0.248303
vt 0.178565 0.233000
vt 0.183920 0.244171
vt 0.189061 0.255463
vt 0.190026 0.239979
vt 0.195392 0.251427
vt 0.200492 0.262989
vt 0.200660 0.247306
vt 0.205969 0.259015
vt 0.211049 0.270903
vt 0.849599 0.642268
vt 0.849927 0.653733
vt 0.841631 0.649425
vt 0.841127 0.637641
vt 0.840732 0.626018
vt 0.849392 0.631006
vt 0.831769 0.633810
vt 0.831206 0.621864
vt 0.830774 0.610131
vt 0.820811 0.618608
vt 0.820123 0.606603
vt 0.819646 0.594844
vt 0.808709 0.604172
vt 0.808016 0.592120
vt 0.807519 0.580382
vt 0.795842 0.590544
vt 0.795135 0.578609
vt 0.794705 0.566996
vt 0.782458 0.578054
vt 0.781843 0.566274
vt 0.781536 0.554915
vt 0.768923 0.566742
vt 0.768465 0.555257
vt 0.768346 0.544248
vt 0.755561 0.556846
vt 0.755307 0.545714
vt 0.755386 0.535061
vt 0.742657 0.548427
vt 0.742641 0.537703
vt 0.742956 0.527420
vt 0.711907 0.498478
vt 0.710445 0.513666
vt 0.701370 0.514075
vt 0.702799 0.498818
vt 0.703875 0.483587
vt 0.713033 0.483316
vt 0.692452 0.498917
vt 0.693456 0.483681
vt 0.694123 0.468514
vt 0.681956 0.483591
vt 0.682558 0.468487
vt 0.682887 0.453471
vt 0.670131 0.468343
vt 0.670407 0.453418
vt 0.670420 0.438606
vt 0.657278 0.453318
vt 0.657256 0.438646
vt 0.657008 0.424079
vt 0.643696 0.438656
vt 0.643406 0.424248
vt 0.642936 0.409939
vt 0.629640 0.424400
vt 0.629138 0.410265
vt 0.628463 0.396220
vt 0.615427 0.410577
vt 0.614712 0.396723
vt 0.613845 0.382949
vt 0.601332 0.397217
vt 0.600425 0.383635
vt 0.599394 0.370111
vt 0.587690 0.384283
vt 0.586637 0.370939
vt 0.585466 0.357644
vt 0.574824 0.371722
vt 0.573647 0.358606
vt 0.572361 0.345532
vt 0.562819 0.359543
vt 0.561545 0.346643
vt 0.560147 0.333788
vt 0.551613 0.347811
vt 0.550218 0.335123
vt 0.548706 0.322472
vt 0.255656 0.509729
vt 0.254543 0.497235
vt 0.264713 0.498844
vt 0.265878 0.511182
vt 0.267161 0.523523
vt 0.256893 0.522217
vt 0.276784 0.512210
vt 0.278111 0.524396
vt 0.279557 0.536595
vt 0.289716 0.524853
vt 0.291196 0.536904
vt 0.292797 0.548980
vt 0.303537 0.536791
vt 0.305173 0.548711
vt 0.306923 0.560663
vt 0.318221 0.547998
vt 0.320015 0.559801
vt 0.321942 0.571632
vt 0.333588 0.558511
vt 0.335546 0.570210
vt 0.337631 0.581956
vt 0.349427 0.568386
vt 0.351524 0.580022
vt 0.353758 0.591717
vt 0.365499 0.577702
vt 0.367757 0.589290
vt 0.370157 0.600942
vt 0.381585 0.586514
vt 0.384030 0.598077
vt 0.386606 0.609723
vt 0.397426 0.594963
vt 0.400046 0.606538
vt 0.402835 0.618206
vt 0.412778 0.603213
vt 0.415585 0.614830
vt 0.418546 0.626573
vt 0.427440 0.611396
vt 0.430417 0.623100
vt 0.433572 0.634949
vt 0.441208 0.619615
vt 0.444369 0.631436
vt 0.447717 0.643423
vt 0.041140 0.681904
vt 0.043854 0.670284
vt 0.054978 0.669823
vt 0.052316 0.681445
vt 0.049536 0.693243
vt 0.038311 0.693709
vt 0.064513 0.681403
vt 0.061768 0.693182
vt 0.058919 0.705157
vt 0.074855 0.693559
vt 0.071988 0.705486
vt 0.069040 0.717680
vt 0.085751 0.706337
vt 0.082750 0.718486
vt 0.079662 0.730961
vt 0.096923 0.719843
vt 0.093766 0.732272
vt 0.090532 0.745071
vt 0.108102 0.734076
vt 0.104807 0.746785
vt 0.101415 0.759917
vt 0.119104 0.748913
vt 0.115684 0.761894
vt 0.112266 0.775384
vt 0.129738 0.764277
vt 0.126374 0.777572
vt 0.123215 0.791322
vt 0.139922 0.780086
vt 0.136910 0.793671
vt 0.134681 0.807469
vt 0.149758 0.796120
vt 0.147738 0.809662
vt 0.147176 0.822960
vt 0.160026 0.811640
vt 0.159611 0.824589
vt 0.159910 0.838035
vt 0.170989 0.825943
vt 0.170878 0.839313
vt 0.170130 0.852977
vt 0.181005 0.840265
vt 0.179735 0.853723
vt 0.729914 0.333533
vt 0.736302 0.321483
vt 0.744904 0.327438
vt 0.723940 0.345899
vt 0.743044 0.309602
vt 0.751707 0.315891
vt 0.761950 0.322252
vt 0.755085 0.333433
vt 0.773213 0.328541
vt 0.766685 0.339303
vt 0.785042 0.334769
vt 0.780187 0.318154
vt 0.791489 0.324841
vt 0.803034 0.331317
vt 0.798330 0.315566
vt 0.809214 0.322383
vt 0.820178 0.328526
vt 0.815605 0.314145
vt 0.825703 0.320221
vt 0.836074 0.325391
vt 0.831177 0.312456
vt 0.840710 0.317076
vt 0.850693 0.320877
vt 0.844656 0.308800
vt 0.853886 0.311638
vt 0.863247 0.314025
vt 0.854986 0.301295
vt 0.863887 0.302800
vt 0.854199 0.290072
vt 0.863259 0.291154
vt 0.852894 0.279544
vt 0.845129 0.289161
vt 0.842972 0.278966
vt 0.840442 0.269256
vt 0.832449 0.278934
vt 0.828354 0.269422
vt 0.824391 0.260169
vt 0.814863 0.271140
vt 0.809174 0.262008
vt 0.804289 0.253432
vt 0.795991 0.267446
vt 0.788880 0.258985
vt 0.784251 0.250941
vt 0.776770 0.267319
vt 0.770658 0.259170
vt 0.767062 0.251219
vt 0.759866 0.268915
vt 0.755257 0.261338
vt 0.752836 0.253574
vt 0.745878 0.273015
vt 0.742915 0.265730
vt 0.741459 0.257271
vt 0.213423 0.805132
vt 0.210710 0.816099
vt 0.201826 0.815512
vt 0.204175 0.803949
vt 0.207212 0.792444
vt 0.216484 0.794245
vt 0.194386 0.802961
vt 0.197392 0.790890
vt 0.200752 0.778980
vt 0.187126 0.789283
vt 0.190551 0.776936
vt 0.193900 0.764885
vt 0.179768 0.774741
vt 0.183187 0.762415
vt 0.186424 0.750371
vt 0.171775 0.759802
vt 0.175084 0.747599
vt 0.178171 0.735629
vt 0.162947 0.744707
vt 0.166103 0.732625
vt 0.169081 0.720716
vt 0.153266 0.729600
vt 0.156299 0.717638
vt 0.159159 0.705809
vt 0.142761 0.714689
vt 0.145634 0.702860
vt 0.148343 0.691146
vt 0.131602 0.700138
vt 0.134351 0.688435
vt 0.136898 0.676840
vt 0.120004 0.686064
vt 0.122572 0.674495
vt 0.125007 0.663029
vt 0.108155 0.672557
vt 0.110623 0.661117
vt 0.112932 0.649745
vt 0.096428 0.659684
vt 0.098773 0.648329
vt 0.101002 0.637058
vt 0.085082 0.647415
vt 0.087339 0.636150
vt 0.089455 0.624939
vt 0.074340 0.635696
vt 0.076489 0.624496
vt 0.078515 0.613350
vt 0.064398 0.624483
vt 0.066467 0.613339
vt 0.068415 0.602242
vt 0.055503 0.613740
vt 0.057468 0.602629
vt 0.059354 0.591566
vt 0.425343 0.551169
vt 0.427657 0.562355
vt 0.416995 0.565688
vt 0.414718 0.554468
vt 0.412566 0.543319
vt 0.423169 0.540049
vt 0.403007 0.557675
vt 0.400895 0.546476
vt 0.398916 0.535337
vt 0.388340 0.549471
vt 0.386404 0.538263
vt 0.384593 0.527108
vt 0.373205 0.540949
vt 0.371426 0.529699
vt 0.369751 0.518498
vt 0.357762 0.531952
vt 0.356131 0.520643
vt 0.354625 0.509391
vt 0.342300 0.522367
vt 0.340836 0.510970
vt 0.339515 0.499614
vt 0.327116 0.512084
vt 0.325821 0.500572
vt 0.324659 0.489093
vt 0.312408 0.501079
vt 0.311276 0.489433
vt 0.310280 0.477821
vt 0.298354 0.489336
vt 0.297386 0.477553
vt 0.296556 0.465794
vt 0.285123 0.476850
vt 0.284301 0.464918
vt 0.283619 0.453018
vt 0.272749 0.463625
vt 0.272073 0.451538
vt 0.271537 0.439480
vt 0.261278 0.449637
vt 0.260767 0.437381
vt 0.260408 0.425157
vt 0.250758 0.434888
vt 0.250421 0.422464
vt 0.250239 0.410077
vt 0.557426 0.424533
vt 0.556780 0.411694
vt 0.566710 0.411483
vt 0.567361 0.424543
vt 0.567866 0.437637
vt 0.557960 0.437387
vt 0.578214 0.424592
vt 0.578708 0.437921
vt 0.579031 0.451286
vt 0.590470 0.438185
vt 0.590758 0.451808
vt 0.590868 0.465468
vt 0.603320 0.452269
vt 0.603367 0.466186
vt 0.603219 0.480142
vt 0.616516 0.466810
vt 0.616302 0.481017
vt 0.615833 0.495265
vt 0.629730 0.481775
vt 0.629163 0.496264
vt 0.628307 0.510772
vt 0.642589 0.497120
vt 0.641635 0.511857
vt 0.640335 0.526579
vt 0.654801 0.512768
vt 0.653357 0.527681
vt 0.651522 0.542495
vt 0.666012 0.528545
vt 0.664020 0.543507
vt 0.661627 0.558304
vt 0.675947 0.544198
vt 0.673387 0.559063
vt 0.670390 0.573646
vt 0.684403 0.559392
vt 0.681273 0.574008
vt 0.677719 0.588290
vt 0.724272 0.604603
vt 0.722459 0.592277
vt 0.733331 0.587367
vt 0.734983 0.599752
vt 0.736973 0.612381
vt 0.726439 0.617155
vt 0.746449 0.595830
vt 0.748249 0.608477
vt 0.750351 0.621312
vt 0.760088 0.605528
vt 0.761967 0.618343
vt 0.764091 0.631301
vt 0.773895 0.616298
vt 0.775776 0.629252
vt 0.777857 0.642281
vt 0.787585 0.628156
vt 0.789382 0.641086
vt 0.791334 0.654108
vt 0.800800 0.640837
vt 0.802478 0.653712
vt 0.804247 0.666643
vt 0.813297 0.654270
vt 0.814738 0.667042
vt 0.816261 0.679791
vt 0.824758 0.668305
vt 0.825961 0.680855
vt 0.827215 0.693443
vt 0.835106 0.682734
vt 0.836033 0.695107
vt 0.837048 0.707495
vt 0.844262 0.697558
vt 0.845047 0.709698
vt 0.845867 0.721879
vt 0.852427 0.712635
vt 0.853034 0.724589
vt 0.853691 0.736590
vt 0.165187 0.180127
vt 0.171438 0.190963
vt 0.167094 0.195502
vt 0.160991 0.184706
vt 0.154788 0.174079
vt 0.158843 0.169480
vt 0.155685 0.189433
vt 0.149635 0.178853
vt 0.143487 0.168395
vt 0.143468 0.183653
vt 0.137513 0.173211
vt 0.131509 0.162858
vt 0.130919 0.177780
vt 0.125151 0.167396
vt 0.119315 0.157057
vt 0.118551 0.171519
vt 0.113009 0.161125
vt 0.107446 0.150765
vt 0.106610 0.164757
vt 0.101353 0.154301
vt 0.096140 0.143804
vt 0.095236 0.157442
vt 0.090247 0.146897
vt 0.085201 0.136375
vt 0.084171 0.149707
vt 0.079331 0.139135
vt 0.074398 0.128582
vt 0.073363 0.141595
vt 0.068683 0.130999
vt 0.063872 0.120459
vt 0.062874 0.133137
vt 0.058337 0.122540
vt 0.053714 0.111949
vt 0.052762 0.124297
vt 0.048428 0.113657
vt 0.044040 0.103027
vt 0.043113 0.115044
vt 0.038999 0.104367
vt 0.034833 0.093651
vt 0.033974 0.105338
vt 0.030120 0.094569
vt 0.026168 0.083729
vt 0.025398 0.095135
vt 0.021762 0.084276
vt 0.018099 0.073306
vt 0.017376 0.084438
vt 0.014066 0.073450
vt 0.013238 0.084168
vt 0.010248 0.073189
vt 0.477325 0.071329
vt 0.473056 0.080842
vt 0.468590 0.081136
vt 0.468746 0.090236
vt 0.463967 0.090565
vt 0.464474 0.099581
vt 0.019271 0.105843
vt 0.016261 0.095033
vt 0.020719 0.095313
vt 0.024022 0.106134
vt 0.027331 0.116889
vt 0.022299 0.116602
vt 0.028974 0.105938
vt 0.032556 0.116684
vt 0.036197 0.127393
vt 0.037807 0.116060
vt 0.041691 0.126748
vt 0.045544 0.137423
vt 0.047204 0.125716
vt 0.051277 0.136378
vt 0.055282 0.147028
vt 0.057058 0.134944
vt 0.061289 0.145573
vt 0.065458 0.156218
vt 0.067327 0.143753
vt 0.071717 0.154403
vt 0.076035 0.165047
vt 0.077974 0.152219
vt 0.082537 0.162834
vt 0.087022 0.173439
vt 0.088943 0.160298
vt 0.093682 0.170878
vt 0.098315 0.181426
vt 0.100221 0.167975
vt 0.105129 0.178487
vt 0.109984 0.189011
vt 0.111860 0.175216
vt 0.117054 0.185681
vt 0.122182 0.196167
vt 0.124057 0.181937
vt 0.129488 0.192408
vt 0.134862 0.202894
vt 0.136649 0.188224
vt 0.142321 0.198705
vt 0.147896 0.209247
vt 0.149371 0.194165
vt 0.155153 0.204767
vt 0.160789 0.215490
vt 0.161622 0.200143
vt 0.167415 0.210983
vt 0.173048 0.221934
vt 0.173035 0.206437
vt 0.178841 0.217501
vt 0.184508 0.228675
vt 0.183512 0.213093
vt 0.189370 0.224353
vt 0.195078 0.235748
vt 0.850804 0.677088
vt 0.851320 0.688886
vt 0.843563 0.685436
vt 0.842920 0.673359
vt 0.842251 0.661341
vt 0.850349 0.665328
vt 0.834175 0.670427
vt 0.833312 0.658109
vt 0.832494 0.645902
vt 0.823615 0.655768
vt 0.822550 0.643251
vt 0.821624 0.630835
vt 0.811957 0.641530
vt 0.810723 0.628916
vt 0.809626 0.616430
vt 0.799290 0.628036
vt 0.797937 0.615343
vt 0.796787 0.602803
vt 0.785963 0.615317
vt 0.784549 0.602597
vt 0.783379 0.590189
vt 0.772251 0.603541
vt 0.770857 0.591007
vt 0.769728 0.578699
vt 0.758478 0.592905
vt 0.757165 0.580511
vt 0.756188 0.568474
vt 0.744960 0.583410
vt 0.743819 0.571337
vt 0.743053 0.559658
vt 0.732028 0.575284
vt 0.731145 0.563617
vt 0.730647 0.552370
vt 0.699527 0.529286
vt 0.697225 0.544374
vt 0.687070 0.544491
vt 0.689324 0.529407
vt 0.691096 0.514183
vt 0.708588 0.528819
vt 0.678087 0.529149
vt 0.679758 0.513971
vt 0.681031 0.498767
vt 0.667593 0.513488
vt 0.668745 0.498390
vt 0.669586 0.483336
vt 0.655862 0.497838
vt 0.656611 0.482945
vt 0.657084 0.468089
vt 0.643251 0.482416
vt 0.643643 0.467760
vt 0.643781 0.453164
vt 0.630038 0.467332
vt 0.630116 0.452945
vt 0.629971 0.438630
vt 0.616528 0.452651
vt 0.616329 0.438547
vt 0.615959 0.424521
vt 0.603069 0.438397
vt 0.602656 0.424593
vt 0.602077 0.410865
vt 0.590008 0.424615
vt 0.589391 0.411109
vt 0.588617 0.397667
vt 0.577579 0.411304
vt 0.576792 0.398067
vt 0.575864 0.384875
vt 0.565924 0.398448
vt 0.565002 0.385446
vt 0.563975 0.372483
vt 0.555057 0.386063
vt 0.554032 0.373285
vt 0.552878 0.360527
vt 0.252640 0.472270
vt 0.251879 0.459791
vt 0.261934 0.461916
vt 0.262742 0.474207
vt 0.263668 0.486520
vt 0.253540 0.484744
vt 0.273566 0.475735
vt 0.274524 0.487874
vt 0.275593 0.500035
vt 0.286093 0.488804
vt 0.287166 0.500803
vt 0.288389 0.512813
vt 0.299464 0.501153
vt 0.300702 0.512995
vt 0.302042 0.524884
vt 0.313658 0.512763
vt 0.315041 0.524479
vt 0.316564 0.536229
vt 0.328525 0.523650
vt 0.330074 0.535233
vt 0.331777 0.546851
vt 0.343883 0.533799
vt 0.345604 0.545280
vt 0.347438 0.556815
vt 0.359504 0.543306
vt 0.361362 0.554717
vt 0.363373 0.566177
vt 0.375095 0.552247
vt 0.377125 0.563608
vt 0.379284 0.575030
vt 0.390402 0.560744
vt 0.392608 0.572076
vt 0.394945 0.583478
vt 0.405241 0.568941
vt 0.407614 0.580281
vt 0.410126 0.591703
vt 0.419373 0.576981
vt 0.421916 0.588356
vt 0.424603 0.599821
vt 0.432653 0.584957
vt 0.435346 0.596397
vt 0.438206 0.607942
vt 0.048891 0.647412
vt 0.051223 0.636125
vt 0.062228 0.635693
vt 0.059943 0.646973
vt 0.057527 0.658346
vt 0.046434 0.658792
vt 0.072070 0.646970
vt 0.069666 0.658322
vt 0.067149 0.669794
vt 0.082703 0.658761
vt 0.080195 0.670208
vt 0.077586 0.681806
vt 0.093937 0.671122
vt 0.091338 0.682696
vt 0.088612 0.694416
vt 0.105569 0.684115
vt 0.102834 0.695818
vt 0.099958 0.707720
vt 0.117255 0.697754
vt 0.114361 0.709620
vt 0.111309 0.721711
vt 0.128710 0.711979
vt 0.125651 0.724020
vt 0.122423 0.736317
vt 0.139711 0.726690
vt 0.136479 0.738916
vt 0.133156 0.751411
vt 0.150058 0.741758
vt 0.146709 0.754170
vt 0.143299 0.766922
vt 0.159612 0.757022
vt 0.156163 0.769671
vt 0.152743 0.782717
vt 0.168317 0.772311
vt 0.164876 0.785198
vt 0.161889 0.798401
vt 0.176311 0.787394
vt 0.173333 0.800301
vt 0.171502 0.813120
vt 0.184153 0.801816
vt 0.182240 0.814236
vt 0.181489 0.826951
vt 0.192311 0.815008
vt 0.191259 0.827536
vt 0.190393 0.840700
vt 0.200315 0.827681
vt 0.199070 0.840566
vt 0.736136 0.303532
vt 0.743157 0.291502
vt 0.750170 0.297953
vt 0.188616 0.853914
vt 0.750926 0.279809
vt 0.758084 0.286771
vt 0.767118 0.293903
vt 0.759107 0.304641
vt 0.777119 0.301153
vt 0.769291 0.311356
vt 0.787603 0.308409
vt 0.785493 0.291805
vt 0.795402 0.299504
vt 0.805473 0.307106
vt 0.803514 0.291524
vt 0.812769 0.299615
vt 0.822110 0.306807
vt 0.811831 0.284745
vt 0.803867 0.275843
vt 0.820972 0.280443
vt 0.794404 0.283342
vt 0.785293 0.275351
vt 0.775814 0.284124
vt 0.766841 0.276406
vt 0.738018 0.285212
vt 0.208719 0.827569
vt 0.053416 0.624900
vt 0.430086 0.573613
vt 0.251248 0.447337
vt 0.555980 0.398870
vt 0.694466 0.559268
vt 0.691208 0.573876
vt 0.851836 0.700737
vt 0.177557 0.201947
vt 0.846049 0.299681
vt 0.125573 0.118574
vt 0.858230 0.796886
vt 0.729048 0.673514
vt 0.650398 0.641211
vt 0.558267 0.501556
vt 0.253119 0.348815
vt 0.414181 0.485440
vt 0.067029 0.536711
vt 0.229760 0.738635
vt 0.741002 0.210767
vt 0.892164 0.271266
vt 0.901690 0.277991
vt 0.898189 0.284260
vt 0.906265 0.292874
vt 0.906092 0.307939
vt 0.870039 0.930451
vt 0.762986 0.801566
vt 0.591905 0.751168
vt 0.549218 0.651009
vt 0.291387 0.208493
vt 0.405857 0.371467
vt 0.074426 0.419146
vt 0.246042 0.605673
vt 0.734617 0.117619
vt 0.851283 0.145377
vt 0.689630 0.139165
vt 0.510816 0.023523
vt 0.891138 0.657091
vt 0.981243 0.500929
vt 0.788748 0.451610
vt 0.509472 0.869663
vt 0.494097 0.005483
vt 0.008686 0.002259
vt 0.021832 0.005321
vt 0.024531 0.004856
vt 0.868488 0.967030
vt 0.866927 0.967497
vt 0.777435 0.852253
vt 0.566656 0.799258
vt 0.536922 0.706165
vt 0.323404 0.159591
vt 0.399294 0.315350
vt 0.064470 0.357172
vt 0.407613 0.322686
vt 0.073504 0.367433
vt 0.249407 0.541683
vt 0.727728 0.078999
vt 0.828331 0.093711
vt 0.709228 0.215899
vt 0.698719 0.201939
vt 0.707773 0.202875
vt 0.504518 0.087743
vt 0.300487 0.760187
vt 0.347424 0.813964
vt 0.870336 0.581245
vt 0.365720 0.825692
vt 0.873716 0.561065
vt 0.870754 0.546337
vt 0.881560 0.543072
vt 0.880322 0.528188
vt 0.892080 0.527194
vt 0.781876 0.458953
vt 0.853978 0.971919
s 0
usemtl Material.002
f 1/1/1 9/2/1 10/3/1 11/4/1
f 1/1/2 11/4/2 12/5/2 13/6/2
f 1/1/3 13/6/3 14/7/3 9/2/3
f 2/8/4 15/9/4 16/10/4 17/11/4
f 2/8/5 18/12/5 19/13/5 15/9/5
f 2/8/6 17/11/6 20/14/6 18/12/6
f 3/15/7 21/16/7 22/17/7 23/18/7
f 3/15/8 23/18/8 24/19/8 25/20/8
f 3/15/9 25/20/9 26/21/9 21/16/9
f 4/22/10 27/23/10 28/24/10 29/25/10
f 4/22/11 30/26/11 31/27/11 27/23/11
f 4/22/12 29/25/12 32/28/12 30/26/12
f 5/29/13 33/30/13 34/31/13 35/32/13
f 5/29/14 35/32/14 36/33/14 37/34/14
f 5/29/15 37/34/15 38/35/15 33/30/15
f 6/36/16 39/37/16 40/38/16 41/39/16
f 6/36/17 42/40/17 43/41/17 39/37/17
f 6/36/18 41/39/18 44/42/18 42/40/18
f 7/43/19 45/44/19 46/45/19 47/46/19
f 7/43/20 48/47/20 49/48/20 45/44/20
f 7/43/21 47/46/21 50/49/21 48/47/21
f 8/50/22 51/51/22 52/52/22 53/53/22
f 8/50/23 54/54/23 55/55/23 51/51/23
f 8/50/24 53/53/24 56/56/24 54/54/24
f 56/56/25 57/57/25 58/58/25 59/59/25
f 56/56/26 59/59/26 60/60/26 54/54/26
f 56/56/27 53/53/27 61/61/27 57/57/27
f 61/61/28 62/62/28 63/63/28 57/57/28
f 61/61/29 53/53/29 52/52/29 64/64/29
f 61/61/30 64/64/30 65/65/30 62/62/30
f 65/66/31 66/67/31 67/68/31 62/69/31
f 65/65/32 64/64/32 68/70/32 69/71/32
f 65/66/33 69/72/33 70/73/33 66/67/33
f 70/73/34 71/74/34 72/75/34 66/67/34
f 70/76/35 69/71/35 73/77/35 74/78/35
f 70/73/36 74/79/36 75/80/36 71/74/36
f 75/80/37 76/81/37 77/82/37 71/74/37
f 75/80/38 74/79/38 78/83/38 79/84/38
f 75/80/39 79/84/39 80/85/39 76/81/39
f 80/85/40 81/86/40 82/87/40 76/81/40
f 80/85/41 79/84/41 83/88/41 84/89/41
f 80/85/42 84/89/42 85/90/42 81/86/42
f 85/90/43 86/91/43 87/92/43 81/86/43
f 85/90/44 84/89/44 88/93/44 89/94/44
f 85/90/45 89/94/45 90/95/45 86/91/45
f 90/95/46 91/96/46 92/97/46 86/91/46
f 90/95/47 89/94/47 93/98/47 94/99/47
f 90/95/48 94/99/48 95/100/48 91/96/48
f 95/100/49 96/101/49 97/102/49 91/96/49
f 95/100/50 94/99/50 98/103/50 99/104/50
f 95/100/51 99/104/51 100/105/51 96/101/51
f 100/105/52 101/106/52 102/107/52 96/101/52
f 100/105/53 99/104/53 103/108/53 104/109/53
f 100/105/54 104/109/54 105/110/54 101/106/54
f 105/110/55 106/111/55 107/112/55 101/106/55
f 105/110/56 104/109/56 108/113/56 109/114/56
f 105/110/57 109/114/57 110/115/57 106/111/57
f 110/115/58 111/116/58 112/117/58 106/111/58
f 110/115/59 109/114/59 113/118/59 114/119/59
f 110/115/60 114/119/60 115/120/60 111/116/60
f 115/120/61 116/121/61 117/122/61 111/116/61
f 115/123/62 114/124/62 118/125/62 119/126/62
f 115/123/63 119/126/63 120/127/63 116/128/63
f 120/127/64 121/129/64 122/130/64 116/128/64
f 120/127/65 119/126/65 123/131/65 124/132/65
f 120/127/66 124/132/66 125/133/66 121/129/66
f 125/133/67 126/134/67 127/135/67 121/129/67
f 125/133/68 124/132/68 128/136/68 129/137/68
f 125/133/69 129/137/69 130/138/69 126/134/69
f 130/138/70 131/139/70 132/140/70 126/134/70
f 130/138/71 129/137/71 133/141/71 134/142/71
f 130/138/72 134/142/72 135/143/72 131/139/72
f 135/143/73 136/144/73 137/145/73 131/139/73
f 135/143/74 134/142/74 138/146/74 139/147/74
f 135/143/75 139/147/75 140/148/75 136/144/75
f 140/148/76 141/149/76 142/150/76 136/144/76
f 140/148/77 139/147/77 143/151/77 144/152/77
f 140/148/78 144/152/78 145/153/78 141/149/78
f 145/153/79 146/154/79 147/155/79 141/149/79
f 145/153/80 144/152/80 148/156/80 149/157/80
f 145/153/81 149/157/81 150/158/81 146/154/81
f 150/158/82 151/159/82 152/160/82 146/154/82
f 150/158/83 149/157/83 153/161/83 154/162/83
f 150/158/84 154/162/84 155/163/84 151/159/84
f 155/163/85 156/164/85 157/165/85 151/159/85
f 155/163/86 154/162/86 158/166/86 159/167/86
f 155/163/87 159/167/87 160/168/87 156/164/87
f 160/168/88 161/169/88 162/170/88 156/164/88
f 160/168/89 159/167/89 163/171/89 164/172/89
f 160/168/90 164/172/90 165/173/90 161/169/90
f 165/173/91 166/174/91 167/175/91 161/169/91
f 165/173/92 164/172/92 168/176/92 169/177/92
f 165/173/93 169/177/93 170/178/93 166/174/93
f 170/178/94 171/179/94 172/180/94 166/174/94
f 170/178/95 169/177/95 173/181/95 174/182/95
f 170/178/96 174/182/96 175/183/96 171/179/96
f 175/183/97 176/184/97 177/185/97 171/179/97
f 175/183/98 174/182/98 178/186/98 179/187/98
f 175/183/99 179/187/99 180/188/99 176/184/99
f 180/188/100 181/189/100 182/190/100 176/184/100
f 180/191/101 179/192/101 183/193/101 184/194/101
f 180/191/102 184/194/102 185/195/102 181/196/102
f 185/195/103 186/197/103 187/198/103 181/196/103
f 185/195/104 184/194/104 188/199/104 189/200/104
f 185/195/105 189/200/105 190/201/105 186/197/105
f 190/201/106 191/202/106 192/203/106 186/197/106
f 190/201/107 189/200/107 193/204/107 194/205/107
f 190/201/108 194/205/108 195/206/108 191/202/108
f 195/206/109 196/207/109 197/208/109 191/202/109
f 195/206/110 194/205/110 198/209/110 199/210/110
f 195/206/111 199/210/111 200/211/111 196/207/111
f 200/211/112 201/212/112 202/213/112 196/207/112
f 200/211/113 199/210/113 203/214/113 204/215/113
f 200/211/114 204/215/114 205/216/114 201/212/114
f 205/216/115 206/217/115 207/218/115 201/212/115
f 205/216/116 204/215/116 208/219/116 209/220/116
f 205/216/117 209/220/117 210/221/117 206/217/117
f 210/221/118 211/222/118 212/223/118 206/217/118
f 210/221/119 209/220/119 213/224/119 214/225/119
f 210/221/120 214/225/120 215/226/120 211/222/120
f 215/227/121 216/228/121 217/229/121 211/230/121
f 215/231/122 214/232/122 218/233/122 219/234/122
f 215/227/123 219/235/123 220/236/123 216/228/123
f 220/236/124 221/237/124 222/238/124 216/228/124
f 220/239/125 219/234/125 223/240/125 224/241/125
f 220/239/126 224/241/126 225/242/126 221/243/126
f 225/242/127 226/244/127 227/245/127 221/243/127
f 225/242/128 224/241/128 228/246/128 229/247/128
f 225/242/129 229/247/129 230/248/129 226/244/129
f 230/248/130 231/249/130 232/250/130 226/244/130
f 230/248/131 229/247/131 233/251/131 234/252/131
f 230/248/132 234/252/132 235/253/132 231/249/132
f 235/253/133 236/254/133 237/255/133 231/249/133
f 235/253/134 234/252/134 238/256/134 239/257/134
f 235/253/135 239/257/135 240/258/135 236/254/135
f 240/258/136 241/259/136 242/260/136 236/254/136
f 240/258/137 239/257/137 243/261/137 244/262/137
f 240/258/138 244/262/138 245/263/138 241/259/138
f 245/263/139 246/264/139 247/265/139 241/259/139
f 245/263/140 244/262/140 248/266/140 249/267/140
f 245/263/141 249/267/141 250/268/141 246/264/141
f 250/268/142 251/269/142 252/270/142 246/264/142
f 250/268/143 249/267/143 253/271/143 254/272/143
f 250/268/144 254/272/144 255/273/144 251/269/144
f 255/273/145 256/274/145 257/275/145 251/269/145
f 255/273/146 254/272/146 258/276/146 259/277/146
f 255/273/147 259/277/147 260/278/147 256/274/147
f 260/278/148 261/279/148 262/280/148 256/274/148
f 260/278/149 259/277/149 263/281/149 264/282/149
f 260/278/150 264/282/150 265/283/150 261/279/150
f 265/283/151 266/284/151 267/285/151 261/279/151
f 265/283/152 264/282/152 268/286/152 269/287/152
f 265/283/153 269/287/153 270/288/153 266/284/153
f 270/288/154 271/289/154 272/290/154 266/284/154
f 270/288/155 269/287/155 273/291/155 274/292/155
f 270/288/156 274/292/156 275/293/156 271/289/156
f 275/293/157 276/294/157 277/295/157 271/289/157
f 275/293/158 274/292/158 278/296/158 279/297/158
f 275/293/159 279/297/159 280/298/159 276/294/159
f 280/298/160 281/299/160 282/300/160 276/294/160
f 280/298/161 279/297/161 283/301/161 284/302/161
f 280/298/162 284/302/162 285/303/162 281/299/162
f 285/303/163 286/304/163 287/305/163 281/299/163
f 285/303/164 284/302/164 288/306/164 289/307/164
f 285/303/165 289/307/165 290/308/165 286/304/165
f 290/308/166 291/309/166 292/310/166 286/304/166
f 290/308/167 289/307/167 293/311/167 294/312/167
f 290/308/168 294/312/168 295/313/168 291/309/168
f 295/313/169 296/314/169 297/315/169 291/309/169
f 295/313/170 294/312/170 298/316/170 299/317/170
f 295/313/171 299/317/171 300/318/171 296/314/171
f 300/318/172 301/319/172 302/320/172 296/314/172
f 300/321/173 299/322/173 303/323/173 304/324/173
f 300/321/174 304/324/174 305/325/174 301/326/174
f 305/325/175 306/327/175 307/328/175 301/326/175
f 305/325/176 304/324/176 308/329/176 309/330/176
f 305/325/177 309/330/177 310/331/177 306/327/177
f 310/331/178 311/332/178 312/333/178 306/327/178
f 310/331/179 309/330/179 313/334/179 314/335/179
f 310/331/180 314/335/180 315/336/180 311/332/180
f 315/336/181 316/337/181 317/338/181 311/332/181
f 315/336/182 314/335/182 318/339/182 319/340/182
f 315/336/183 319/340/183 320/341/183 316/337/183
f 320/341/184 321/342/184 322/343/184 316/337/184
f 320/341/185 319/340/185 323/344/185 324/345/185
f 320/341/186 324/345/186 325/346/186 321/342/186
f 325/346/187 326/347/187 327/348/187 321/342/187
f 325/346/188 324/345/188 328/349/188 329/350/188
f 325/346/189 329/350/189 330/351/189 326/347/189
f 330/351/190 331/352/190 332/353/190 326/347/190
f 330/351/191 329/350/191 333/354/191 334/355/191
f 330/351/192 334/355/192 335/356/192 331/352/192
f 335/356/193 336/357/193 337/358/193 331/352/193
f 335/356/194 334/355/194 338/359/194 339/360/194
f 335/356/195 339/360/195 340/361/195 336/357/195
f 340/361/196 341/362/196 342/363/196 336/357/196
f 340/361/197 339/360/197 343/364/197 344/365/197
f 340/361/198 344/365/198 345/366/198 341/362/198
f 345/366/199 346/367/199 347/368/199 341/362/199
f 345/366/200 344/365/200 348/369/200 349/370/200
f 345/366/201 349/370/201 350/371/201 346/367/201
f 350/371/202 351/372/202 352/373/202 346/367/202
f 350/371/203 349/370/203 353/374/203 354/375/203
f 350/371/204 354/375/204 355/376/204 351/372/204
f 355/376/205 356/377/205 357/378/205 351/372/205
f 355/376/206 354/375/206 358/379/206 359/380/206
f 355/376/207 359/380/207 360/381/207 356/377/207
f 360/381/208 361/382/208 362/383/208 356/377/208
f 360/381/209 359/380/209 363/384/209 364/385/209
f 360/381/210 364/385/210 365/386/210 361/382/210
f 365/386/211 366/387/211 367/388/211 361/382/211
f 365/389/212 364/390/212 368/391/212 369/392/212
f 365/389/213 369/392/213 370/393/213 366/394/213
f 370/393/214 371/395/214 372/396/214 366/394/214
f 370/393/215 369/392/215 373/397/215 374/398/215
f 370/393/216 374/398/216 375/399/216 371/395/216
f 375/399/217 376/400/217 377/401/217 371/395/217
f 375/399/218 374/398/218 378/402/218 379/403/218
f 375/399/219 379/403/219 380/404/219 376/400/219
f 380/404/220 381/405/220 382/406/220 376/400/220
f 380/404/221 379/403/221 383/407/221 384/408/221
f 380/404/222 384/408/222 385/409/222 381/405/222
f 385/409/223 386/410/223 387/411/223 381/405/223
f 385/409/224 384/408/224 388/412/224 389/413/224
f 385/409/225 389/413/225 390/414/225 386/410/225
f 390/414/226 391/415/226 392/416/226 386/410/226
f 390/414/227 389/413/227 393/417/227 394/418/227
f 390/414/228 394/418/228 395/419/228 391/415/228
f 395/419/229 396/420/229 397/421/229 391/415/229
f 395/419/230 394/418/230 398/422/230 399/423/230
f 395/419/231 399/423/231 400/424/231 396/420/231
f 400/424/232 401/425/232 402/426/232 396/420/232
f 400/427/233 399/428/233 403/429/233 404/430/233
f 400/427/234 404/430/234 405/431/234 401/432/234
f 405/431/235 406/433/235 407/434/235 401/432/235
f 405/431/236 404/430/236 408/435/236 409/436/236
f 405/431/237 409/436/237 410/437/237 406/433/237
f 410/437/238 411/438/238 412/439/238 406/433/238
f 410/437/239 409/436/239 413/440/239 414/441/239
f 410/437/240 414/441/240 415/442/240 411/438/240
f 415/442/241 416/443/241 417/444/241 411/438/241
f 415/442/242 414/441/242 418/445/242 419/446/242
f 415/442/243 419/446/243 420/447/243 416/443/243
f 420/447/244 421/448/244 422/449/244 416/443/244
f 420/447/245 419/446/245 423/450/245 424/451/245
f 420/447/246 424/451/246 425/452/246 421/448/246
f 425/452/247 426/453/247 427/454/247 421/448/247
f 425/452/248 424/451/248 428/455/248 429/456/248
f 425/452/249 429/456/249 430/457/249 426/453/249
f 430/457/250 431/458/250 432/459/250 426/453/250
f 430/457/251 429/456/251 433/460/251 434/461/251
f 430/457/252 434/461/252 435/462/252 431/458/252
f 435/462/253 436/463/253 437/464/253 431/458/253
f 435/462/254 434/461/254 438/465/254 439/466/254
f 435/462/255 439/466/255 440/467/255 436/463/255
f 440/467/256 441/468/256 442/469/256 436/463/256
f 440/467/257 439/466/257 443/470/257 444/471/257
f 440/467/258 444/471/258 445/472/258 441/468/258
f 445/472/259 446/473/259 447/474/259 441/468/259
f 445/472/260 444/471/260 448/475/260 449/476/260
f 445/472/261 449/476/261 450/477/261 446/473/261
f 450/477/262 451/478/262 452/479/262 446/473/262
f 450/477/263 449/476/263 453/480/263 454/481/263
f 450/477/264 454/481/264 455/482/264 451/478/264
f 455/482/265 456/483/265 457/484/265 451/478/265
f 455/482/266 454/481/266 458/485/266 459/486/266
f 455/482/267 459/486/267 460/487/267 456/483/267
f 460/488/268 459/489/268 461/490/268 462/491/268
f 460/488/269 462/491/269 463/492/269 464/493/269
f 460/487/270 464/494/270 465/495/270 456/483/270
f 465/495/271 466/496/271 457/484/271 456/483/271
f 465/497/272 464/493/272 467/498/272 468/499/272
f 465/497/273 468/499/273 469/500/273 466/501/273
f 469/502/274 470/503/274 471/504/274 466/496/274
f 469/500/275 468/499/275 472/505/275 473/506/275
f 469/502/276 473/507/276 474/508/276 470/503/276
f 474/508/277 475/509/277 476/510/277 470/503/277
f 474/511/278 473/512/278 477/513/278 478/514/278
f 474/511/279 478/514/279 479/515/279 475/516/279
f 479/515/280 480/517/280 481/518/280 475/516/280
f 479/515/281 478/514/281 482/519/281 483/520/281
f 479/515/282 483/520/282 484/521/282 480/517/282
f 484/521/283 485/522/283 486/523/283 480/517/283
f 484/521/284 483/520/284 487/524/284 488/525/284
f 484/521/285 488/525/285 489/526/285 485/522/285
f 489/526/286 490/527/286 491/528/286 485/522/286
f 489/526/287 488/525/287 492/529/287 493/530/287
f 489/526/288 493/530/288 494/531/288 490/527/288
f 494/531/289 495/532/289 496/533/289 490/527/289
f 494/531/290 493/530/290 497/534/290 498/535/290
f 494/531/291 498/535/291 499/536/291 495/532/291
f 499/536/292 500/537/292 501/538/292 495/532/292
f 499/536/293 498/535/293 502/539/293 503/540/293
f 499/536/294 503/540/294 504/541/294 500/537/294
f 504/541/295 503/540/295 505/542/295 24/19/295
f 504/541/296 24/19/296 23/18/296 506/543/296
f 504/541/297 506/543/297 507/544/297 500/537/297
f 507/544/298 506/543/298 508/545/298 509/546/298
f 507/544/299 509/546/299 510/547/299 511/548/299
f 507/544/300 511/548/300 501/538/300 500/537/300
f 511/548/301 510/547/301 512/549/301 513/550/301
f 511/548/302 513/550/302 514/551/302 501/538/302
f 514/551/303 496/533/303 495/532/303 501/538/303
f 514/552/304 513/553/304 515/554/304 516/555/304
f 514/552/305 516/555/305 517/556/305 496/557/305
f 517/558/306 491/528/306 490/527/306 496/533/306
f 517/556/307 516/555/307 518/559/307 519/560/307
f 517/556/308 519/560/308 520/561/308 491/562/308
f 520/561/309 519/560/309 521/563/309 522/564/309
f 520/561/310 522/564/310 523/565/310 486/566/310
f 520/567/311 486/523/311 485/522/311 491/528/311
f 523/565/312 522/564/312 524/568/312 525/569/312
f 523/565/313 525/569/313 526/570/313 481/571/313
f 523/565/314 481/571/314 480/572/314 486/566/314
f 526/570/315 525/569/315 527/573/315 528/574/315
f 526/570/316 528/574/316 529/575/316 476/510/316
f 526/570/317 476/510/317 475/509/317 481/571/317
f 529/575/318 528/574/318 530/576/318 531/577/318
f 529/575/319 531/577/319 532/578/319 471/504/319
f 529/575/320 471/504/320 470/503/320 476/510/320
f 532/578/321 531/577/321 533/579/321 452/479/321
f 532/578/322 452/479/322 451/478/322 457/484/322
f 532/578/323 457/484/323 466/496/323 471/504/323
f 533/579/324 531/577/324 530/576/324 534/580/324
f 533/579/325 534/580/325 535/581/325 447/474/325
f 533/579/326 447/474/326 446/473/326 452/479/326
f 535/581/327 534/580/327 536/582/327 537/583/327
f 535/581/328 537/583/328 538/584/328 442/469/328
f 535/581/329 442/469/329 441/468/329 447/474/329
f 538/584/330 537/583/330 539/585/330 540/586/330
f 538/584/331 540/586/331 541/587/331 437/464/331
f 538/584/332 437/464/332 436/463/332 442/469/332
f 541/587/333 540/586/333 542/588/333 543/589/333
f 541/587/334 543/589/334 544/590/334 432/459/334
f 541/587/335 432/459/335 431/458/335 437/464/335
f 544/590/336 543/589/336 545/591/336 546/592/336
f 544/590/337 546/592/337 547/593/337 427/454/337
f 544/590/338 427/454/338 426/453/338 432/459/338
f 547/593/339 546/592/339 548/594/339 549/595/339
f 547/593/340 549/595/340 550/596/340 422/449/340
f 547/593/341 422/449/341 421/448/341 427/454/341
f 550/596/342 549/595/342 551/597/342 552/598/342
f 550/596/343 552/598/343 553/599/343 417/444/343
f 550/596/344 417/444/344 416/443/344 422/449/344
f 553/599/345 552/598/345 554/600/345 555/601/345
f 553/599/346 555/601/346 556/602/346 412/439/346
f 553/599/347 412/439/347 411/438/347 417/444/347
f 556/603/348 555/604/348 557/605/348 558/606/348
f 556/603/349 558/606/349 559/607/349 407/608/349
f 556/602/350 407/434/350 406/433/350 412/439/350
f 559/607/351 558/606/351 560/609/351 561/610/351
f 559/607/352 561/610/352 562/611/352 402/426/352
f 559/607/353 402/426/353 401/425/353 407/608/353
f 562/611/354 561/610/354 563/612/354 564/613/354
f 562/611/355 564/613/355 565/614/355 397/421/355
f 562/611/356 397/421/356 396/420/356 402/426/356
f 565/614/357 564/613/357 566/615/357 567/616/357
f 565/614/358 567/616/358 568/617/358 392/416/358
f 565/614/359 392/416/359 391/415/359 397/421/359
f 568/617/360 567/616/360 569/618/360 570/619/360
f 568/617/361 570/619/361 571/620/361 387/411/361
f 568/617/362 387/411/362 386/410/362 392/416/362
f 571/620/363 570/619/363 572/621/363 573/622/363
f 571/620/364 573/622/364 574/623/364 382/406/364
f 571/620/365 382/406/365 381/405/365 387/411/365
f 574/624/366 573/625/366 575/626/366 576/627/366
f 574/624/367 576/627/367 577/628/367 377/629/367
f 574/623/368 377/401/368 376/400/368 382/406/368
f 577/628/369 576/627/369 578/630/369 579/631/369
f 577/628/370 579/631/370 580/632/370 372/633/370
f 577/628/371 372/633/371 371/634/371 377/629/371
f 580/632/372 579/631/372 581/635/372 582/636/372
f 580/632/373 582/636/373 583/637/373 367/388/373
f 580/632/374 367/388/374 366/387/374 372/633/374
f 583/637/375 582/636/375 584/638/375 585/639/375
f 583/637/376 585/639/376 586/640/376 362/383/376
f 583/637/377 362/383/377 361/382/377 367/388/377
f 586/640/378 585/639/378 587/641/378 588/642/378
f 586/640/379 588/642/379 589/643/379 357/378/379
f 586/640/380 357/378/380 356/377/380 362/383/380
f 589/643/381 588/642/381 590/644/381 591/645/381
f 589/643/382 591/645/382 592/646/382 352/373/382
f 589/643/383 352/373/383 351/372/383 357/378/383
f 592/646/384 591/645/384 593/647/384 594/648/384
f 592/646/385 594/648/385 595/649/385 347/368/385
f 592/646/386 347/368/386 346/367/386 352/373/386
f 595/649/387 594/648/387 596/650/387 597/651/387
f 595/649/388 597/651/388 598/652/388 342/363/388
f 595/649/389 342/363/389 341/362/389 347/368/389
f 598/652/390 597/651/390 599/653/390 600/654/390
f 598/652/391 600/654/391 601/655/391 337/358/391
f 598/652/392 337/358/392 336/357/392 342/363/392
f 601/655/393 600/654/393 602/656/393 603/657/393
f 601/655/394 603/657/394 604/658/394 332/353/394
f 601/655/395 332/353/395 331/352/395 337/358/395
f 604/658/396 603/657/396 605/659/396 606/660/396
f 604/658/397 606/660/397 607/661/397 327/348/397
f 604/658/398 327/348/398 326/347/398 332/353/398
f 607/661/399 606/660/399 608/662/399 609/663/399
f 607/661/400 609/663/400 610/664/400 322/343/400
f 607/661/401 322/343/401 321/342/401 327/348/401
f 610/664/402 609/663/402 611/665/402 612/666/402
f 610/664/403 612/666/403 613/667/403 317/338/403
f 610/664/404 317/338/404 316/337/404 322/343/404
f 613/667/405 612/666/405 614/668/405 615/669/405
f 613/667/406 615/669/406 616/670/406 312/333/406
f 613/667/407 312/333/407 311/332/407 317/338/407
f 616/671/408 615/672/408 617/673/408 618/674/408
f 616/671/409 618/674/409 619/675/409 307/676/409
f 616/670/410 307/328/410 306/327/410 312/333/410
f 619/675/411 618/674/411 620/677/411 621/678/411
f 619/675/412 621/678/412 622/679/412 302/320/412
f 619/675/413 302/320/413 301/319/413 307/676/413
f 622/679/414 621/678/414 623/680/414 624/681/414
f 622/679/415 624/681/415 625/682/415 297/315/415
f 622/679/416 297/315/416 296/314/416 302/320/416
f 625/682/417 624/681/417 626/683/417 627/684/417
f 625/682/418 627/684/418 628/685/418 292/310/418
f 625/682/419 292/310/419 291/309/419 297/315/419
f 628/685/420 627/684/420 629/686/420 630/687/420
f 628/685/421 630/687/421 631/688/421 287/305/421
f 628/685/422 287/305/422 286/304/422 292/310/422
f 631/688/423 630/687/423 632/689/423 633/690/423
f 631/688/424 633/690/424 634/691/424 282/300/424
f 631/688/425 282/300/425 281/299/425 287/305/425
f 634/691/426 633/690/426 635/692/426 636/693/426
f 634/691/427 636/693/427 637/694/427 277/295/427
f 634/691/428 277/295/428 276/294/428 282/300/428
f 637/694/429 636/693/429 638/695/429 639/696/429
f 637/694/430 639/696/430 640/697/430 272/290/430
f 637/694/431 272/290/431 271/289/431 277/295/431
f 640/697/432 639/696/432 641/698/432 642/699/432
f 640/697/433 642/699/433 643/700/433 267/285/433
f 640/697/434 267/285/434 266/284/434 272/290/434
f 643/700/435 642/699/435 644/701/435 645/702/435
f 643/700/436 645/702/436 646/703/436 262/280/436
f 643/700/437 262/280/437 261/279/437 267/285/437
f 646/703/438 645/702/438 647/704/438 648/705/438
f 646/703/439 648/705/439 649/706/439 257/275/439
f 646/703/440 257/275/440 256/274/440 262/280/440
f 649/706/441 648/705/441 650/707/441 651/708/441
f 649/706/442 651/708/442 652/709/442 252/270/442
f 649/706/443 252/270/443 251/269/443 257/275/443
f 652/709/444 651/708/444 653/710/444 654/711/444
f 652/709/445 654/711/445 655/712/445 247/265/445
f 652/709/446 247/265/446 246/264/446 252/270/446
f 655/712/447 654/711/447 656/713/447 657/714/447
f 655/712/448 657/714/448 658/715/448 242/260/448
f 655/712/449 242/260/449 241/259/449 247/265/449
f 658/715/450 657/714/450 659/716/450 660/717/450
f 658/715/451 660/717/451 661/718/451 237/255/451
f 658/715/452 237/255/452 236/254/452 242/260/452
f 661/718/453 660/717/453 662/719/453 663/720/453
f 661/718/454 663/720/454 664/721/454 232/250/454
f 661/718/455 232/250/455 231/249/455 237/255/455
f 664/722/456 663/723/456 665/724/456 666/725/456
f 664/722/457 666/725/457 667/726/457 227/727/457
f 664/721/458 227/245/458 226/244/458 232/250/458
f 667/726/459 666/725/459 668/728/459 669/729/459
f 667/726/460 669/729/460 670/730/460 222/238/460
f 667/726/461 222/238/461 221/237/461 227/727/461
f 670/730/462 669/729/462 671/731/462 672/732/462
f 670/730/463 672/732/463 673/733/463 217/229/463
f 670/730/464 217/229/464 216/228/464 222/238/464
f 673/734/465 672/735/465 674/736/465 675/737/465
f 673/734/466 675/737/466 676/738/466 212/223/466
f 673/734/467 212/223/467 211/222/467 217/739/467
f 676/738/468 675/737/468 677/740/468 678/741/468
f 676/738/469 678/741/469 679/742/469 207/218/469
f 676/738/470 207/218/470 206/217/470 212/223/470
f 679/742/471 678/741/471 680/743/471 681/744/471
f 679/742/472 681/744/472 682/745/472 202/213/472
f 679/742/473 202/213/473 201/212/473 207/218/473
f 682/745/474 681/744/474 683/746/474 684/747/474
f 682/745/475 684/747/475 685/748/475 197/208/475
f 682/745/476 197/208/476 196/207/476 202/213/476
f 685/748/477 684/747/477 686/749/477 687/750/477
f 685/748/478 687/750/478 688/751/478 192/203/478
f 685/748/479 192/203/479 191/202/479 197/208/479
f 688/752/480 687/753/480 689/754/480 690/755/480
f 688/752/481 690/755/481 691/756/481 187/757/481
f 688/751/482 187/198/482 186/197/482 192/203/482
f 691/756/483 690/755/483 692/758/483 693/759/483
f 691/756/484 693/759/484 694/760/484 182/190/484
f 691/756/485 182/190/485 181/189/485 187/757/485
f 694/760/486 693/759/486 695/761/486 696/762/486
f 694/760/487 696/762/487 697/763/487 177/185/487
f 694/760/488 177/185/488 176/184/488 182/190/488
f 697/763/489 696/762/489 698/764/489 699/765/489
f 697/763/490 699/765/490 700/766/490 172/180/490
f 697/763/491 172/180/491 171/179/491 177/185/491
f 700/766/492 699/765/492 701/767/492 702/768/492
f 700/766/493 702/768/493 703/769/493 167/175/493
f 700/766/494 167/175/494 166/174/494 172/180/494
f 703/769/495 702/768/495 704/770/495 705/771/495
f 703/769/496 705/771/496 706/772/496 162/170/496
f 703/769/497 162/170/497 161/169/497 167/175/497
f 706/772/498 705/771/498 707/773/498 708/774/498
f 706/772/499 708/774/499 709/775/499 157/165/499
f 706/772/500 157/165/500 156/164/500 162/170/500
f 709/775/501 708/774/501 710/776/501 711/777/501
f 709/775/502 711/777/502 712/778/502 152/160/502
f 709/775/503 152/160/503 151/159/503 157/165/503
f 712/778/504 711/777/504 713/779/504 714/780/504
f 712/778/505 714/780/505 715/781/505 147/155/505
f 712/778/506 147/155/506 146/154/506 152/160/506
f 715/781/507 714/780/507 716/782/507 717/783/507
f 715/781/508 717/783/508 718/784/508 142/150/508
f 715/781/509 142/150/509 141/149/509 147/155/509
f 718/784/510 717/783/510 719/785/510 720/786/510
f 718/784/511 720/786/511 721/787/511 137/145/511
f 718/784/512 137/145/512 136/144/512 142/150/512
f 721/787/513 720/786/513 722/788/513 723/789/513
f 721/787/514 723/789/514 724/790/514 132/140/514
f 721/787/515 132/140/515 131/139/515 137/145/515
f 724/790/516 723/789/516 725/791/516 726/792/516
f 724/790/517 726/792/517 727/793/517 127/135/517
f 724/790/518 127/135/518 126/134/518 132/140/518
f 727/794/519 726/795/519 728/796/519 729/797/519
f 727/794/520 729/797/520 730/798/520 122/799/520
f 727/793/521 122/130/521 121/129/521 127/135/521
f 730/798/522 729/797/522 731/800/522 732/801/522
f 730/798/523 732/801/523 733/802/523 117/122/523
f 730/798/524 117/122/524 116/121/524 122/799/524
f 733/802/525 732/801/525 734/803/525 735/804/525
f 733/802/526 735/804/526 736/805/526 112/117/526
f 733/802/527 112/117/527 111/116/527 117/122/527
f 736/805/528 735/804/528 737/806/528 738/807/528
f 736/805/529 738/807/529 739/808/529 107/112/529
f 736/805/530 107/112/530 106/111/530 112/117/530
f 739/808/531 738/807/531 740/809/531 741/810/531
f 739/808/532 741/810/532 742/811/532 102/107/532
f 739/808/533 102/107/533 101/106/533 107/112/533
f 742/811/534 741/810/534 743/812/534 744/813/534
f 742/811/535 744/813/535 745/814/535 97/102/535
f 742/811/536 97/102/536 96/101/536 102/107/536
f 745/814/537 744/813/537 746/815/537 747/816/537
f 745/814/538 747/816/538 748/817/538 92/97/538
f 745/814/539 92/97/539 91/96/539 97/102/539
f 748/817/540 747/816/540 749/818/540 750/819/540
f 748/817/541 750/819/541 751/820/541 87/92/541
f 748/817/542 87/92/542 86/91/542 92/97/542
f 751/820/543 750/819/543 752/821/543 753/822/543
f 751/820/544 753/822/544 754/823/544 82/87/544
f 751/820/545 82/87/545 81/86/545 87/92/545
f 754/823/546 753/822/546 755/824/546 756/825/546
f 754/823/547 756/825/547 757/826/547 77/82/547
f 754/823/548 77/82/548 76/81/548 82/87/548
f 757/826/549 756/825/549 758/827/549 759/828/549
f 757/826/550 759/828/550 760/829/550 72/75/550
f 757/826/551 72/75/551 71/74/551 77/82/551
f 760/829/552 759/828/552 761/830/552 762/831/552
f 760/829/553 762/831/553 763/832/553 67/68/553
f 760/829/554 67/68/554 66/67/554 72/75/554
f 763/832/555 762/831/555 764/833/555 765/834/555
f 763/832/556 765/834/556 766/835/556 63/836/556
f 763/832/557 63/836/557 62/69/557 67/68/557
f 766/837/558 765/838/558 767/839/558 768/840/558
f 766/837/559 768/840/559 769/841/559 58/842/559
f 766/843/560 58/58/560 57/57/560 63/63/560
f 769/841/561 768/840/561 770/844/561 771/845/561
f 769/846/562 771/847/562 772/848/562 773/849/562
f 769/846/563 773/849/563 59/59/563 58/58/563
f 773/849/564 772/848/564 774/850/564 775/851/564
f 773/849/565 775/851/565 60/60/565 59/59/565
f 775/851/566 774/850/566 776/852/566 777/853/566
f 775/851/567 777/853/567 778/854/567 60/60/567
f 778/854/568 55/55/568 54/54/568 60/60/568
f 778/854/569 777/853/569 779/855/569 780/856/569
f 778/854/570 780/856/570 781/857/570 55/55/570
f 781/857/571 782/858/571 51/51/571 55/55/571
f 781/857/572 780/856/572 783/859/572 784/860/572
f 781/857/573 784/860/573 785/861/573 782/858/573
f 785/861/574 786/862/574 787/863/574 782/858/574
f 785/861/575 784/860/575 788/864/575 789/865/575
f 785/861/576 789/865/576 790/866/576 786/862/576
f 790/866/577 791/867/577 792/868/577 786/862/577
f 790/866/578 789/865/578 793/869/578 794/870/578
f 790/866/579 794/870/579 795/871/579 791/867/579
f 795/871/580 796/872/580 797/873/580 791/867/580
f 795/871/581 794/870/581 798/874/581 799/875/581
f 795/871/582 799/875/582 800/876/582 796/872/582
f 800/876/583 801/877/583 802/878/583 796/872/583
f 800/876/584 799/875/584 803/879/584 804/880/584
f 800/876/585 804/880/585 805/881/585 801/877/585
f 805/881/586 806/882/586 807/883/586 801/877/586
f 805/881/587 804/880/587 808/884/587 809/885/587
f 805/881/588 809/885/588 810/886/588 806/882/588
f 810/886/589 811/887/589 812/888/589 806/882/589
f 810/886/590 809/885/590 813/889/590 814/890/590
f 810/886/591 814/890/591 815/891/591 811/887/591
f 815/891/592 816/892/592 817/893/592 811/887/592
f 815/891/593 814/890/593 818/894/593 819/895/593
f 815/891/594 819/895/594 820/896/594 816/892/594
f 820/897/595 821/898/595 822/899/595 816/900/595
f 820/896/596 819/895/596 823/901/596 824/902/596
f 820/896/597 824/902/597 825/903/597 821/904/597
f 825/905/598 826/906/598 827/907/598 821/898/598
f 825/908/599 824/909/599 828/910/599 829/911/599
f 825/908/600 829/911/600 830/912/600 826/913/600
f 830/912/601 831/914/601 832/915/601 826/913/601
f 830/912/602 829/911/602 833/916/602 834/917/602
f 830/912/603 834/917/603 835/918/603 831/914/603
f 835/918/604 836/919/604 837/920/604 831/914/604
f 835/918/605 834/917/605 838/921/605 839/922/605
f 835/918/606 839/922/606 840/923/606 836/919/606
f 840/923/607 841/924/607 842/925/607 836/919/607
f 840/923/608 839/922/608 843/926/608 844/927/608
f 840/923/609 844/927/609 845/928/609 841/924/609
f 845/928/610 846/929/610 847/930/610 841/924/610
f 845/928/611 844/927/611 848/931/611 849/932/611
f 845/928/612 849/932/612 850/933/612 846/929/612
f 850/933/613 851/934/613 852/935/613 846/929/613
f 850/933/614 849/932/614 853/936/614 854/937/614
f 850/933/615 854/937/615 855/938/615 851/934/615
f 855/938/616 856/939/616 857/940/616 851/934/616
f 855/938/617 854/937/617 858/941/617 859/942/617
f 855/938/618 859/942/618 860/943/618 856/939/618
f 860/943/619 861/944/619 862/945/619 856/939/619
f 860/943/620 859/942/620 863/946/620 864/947/620
f 860/943/621 864/947/621 865/948/621 861/944/621
f 865/948/622 866/949/622 867/950/622 861/944/622
f 865/948/623 864/947/623 868/951/623 869/952/623
f 865/948/624 869/952/624 870/953/624 866/949/624
f 870/953/625 871/954/625 872/955/625 866/949/625
f 870/953/626 869/952/626 873/956/626 874/957/626
f 870/953/627 874/957/627 875/958/627 871/954/627
f 875/958/628 876/959/628 877/960/628 871/954/628
f 875/958/629 874/957/629 878/961/629 879/962/629
f 875/958/630 879/962/630 880/963/630 876/959/630
f 880/963/631 881/964/631 882/965/631 876/959/631
f 880/963/632 879/962/632 883/966/632 884/967/632
f 880/963/633 884/967/633 885/968/633 881/964/633
f 885/968/634 886/969/634 887/970/634 881/964/634
f 885/971/635 884/972/635 888/973/635 889/974/635
f 885/971/636 889/974/636 890/975/636 886/976/636
f 890/975/637 891/977/637 892/978/637 886/976/637
f 890/975/638 889/974/638 893/979/638 894/980/638
f 890/975/639 894/980/639 895/981/639 891/977/639
f 895/981/640 896/982/640 897/983/640 891/977/640
f 895/981/641 894/980/641 898/984/641 899/985/641
f 895/981/642 899/985/642 900/986/642 896/982/642
f 900/986/643 901/987/643 902/988/643 896/982/643
f 900/986/644 899/985/644 903/989/644 904/990/644
f 900/986/645 904/990/645 905/991/645 901/987/645
f 905/991/646 906/992/646 907/993/646 901/987/646
f 905/991/647 904/990/647 908/994/647 909/995/647
f 905/991/648 909/995/648 910/996/648 906/992/648
f 910/996/649 911/997/649 912/998/649 906/992/649
f 910/996/650 909/995/650 913/999/650 914/1000/650
f 910/996/651 914/1000/651 915/1001/651 911/997/651
f 915/1001/652 916/1002/652 917/1003/652 911/997/652
f 915/1001/653 914/1000/653 918/1004/653 919/1005/653
f 915/1001/654 919/1005/654 920/1006/654 916/1002/654
f 920/1006/655 921/1007/655 922/1008/655 916/1002/655
f 920/1006/656 919/1005/656 923/1009/656 924/1010/656
f 920/1006/657 924/1010/657 925/1011/657 921/1007/657
f 925/1011/658 926/1012/658 927/1013/658 921/1007/658
f 925/1014/659 924/1015/659 928/1016/659 929/1017/659
f 925/1014/660 929/1017/660 930/1018/660 926/1019/660
f 930/1018/661 931/1020/661 932/1021/661 926/1019/661
f 930/1018/662 929/1017/662 933/1022/662 934/1023/662
f 930/1018/663 934/1023/663 935/1024/663 931/1020/663
f 935/1024/664 936/1025/664 937/1026/664 931/1020/664
f 935/1024/665 934/1023/665 938/1027/665 939/1028/665
f 935/1024/666 939/1028/666 940/1029/666 936/1025/666
f 940/1029/667 941/1030/667 942/1031/667 936/1025/667
f 940/1029/668 939/1028/668 943/1032/668 944/1033/668
f 940/1029/669 944/1033/669 945/1034/669 941/1030/669
f 945/1034/670 946/1035/670 947/1036/670 941/1030/670
f 945/1034/671 944/1033/671 948/1037/671 949/1038/671
f 945/1034/672 949/1038/672 950/1039/672 946/1035/672
f 950/1039/673 951/1040/673 952/1041/673 946/1035/673
f 950/1039/674 949/1038/674 953/1042/674 954/1043/674
f 950/1039/675 954/1043/675 955/1044/675 951/1040/675
f 955/1044/676 956/1045/676 957/1046/676 951/1040/676
f 955/1044/677 954/1043/677 958/1047/677 959/1048/677
f 955/1044/678 959/1048/678 960/1049/678 956/1045/678
f 960/1049/679 961/1050/679 962/1051/679 956/1045/679
f 960/1049/680 959/1048/680 963/1052/680 964/1053/680
f 960/1049/681 964/1053/681 965/1054/681 961/1050/681
f 965/1054/682 966/1055/682 967/1056/682 961/1050/682
f 965/1054/683 964/1053/683 968/1057/683 969/1058/683
f 965/1054/684 969/1058/684 970/1059/684 966/1055/684
f 970/1059/685 971/1060/685 972/1061/685 966/1055/685
f 970/1059/686 969/1058/686 973/1062/686 974/1063/686
f 970/1059/687 974/1063/687 975/1064/687 971/1060/687
f 975/1064/688 976/1065/688 977/1066/688 971/1060/688
f 975/1064/689 974/1063/689 978/1067/689 979/1068/689
f 975/1064/690 979/1068/690 980/1069/690 976/1065/690
f 980/1069/691 981/1070/691 982/1071/691 976/1065/691
f 980/1069/692 979/1068/692 983/1072/692 984/1073/692
f 980/1069/693 984/1073/693 985/1074/693 981/1070/693
f 985/1074/694 986/1075/694 987/1076/694 981/1070/694
f 985/1074/695 984/1073/695 988/1077/695 989/1078/695
f 985/1074/696 989/1078/696 990/1079/696 986/1075/696
f 990/1079/697 991/1080/697 992/1081/697 986/1075/697
f 990/1079/698 989/1078/698 993/1082/698 994/1083/698
f 990/1079/699 994/1083/699 995/1084/699 991/1080/699
f 995/1084/700 996/1085/700 997/1086/700 991/1080/700
f 995/1084/701 994/1083/701 998/1087/701 999/1088/701
f 995/1084/702 999/1088/702 1000/1089/702 996/1085/702
f 1000/1089/703 1001/1090/703 1002/1091/703 996/1085/703
f 1000/1089/704 999/1088/704 1003/1092/704 1004/1093/704
f 1000/1089/705 1004/1093/705 1005/1094/705 1001/1090/705
f 1005/1094/706 1006/1095/706 1007/1096/706 1001/1090/706
f 1005/1097/707 1004/1098/707 1008/1099/707 1009/1100/707
f 1005/1097/708 1009/1100/708 1010/1101/708 1006/1102/708
f 1010/1101/709 1011/1103/709 1012/1104/709 1006/1102/709
f 1010/1101/710 1009/1100/710 1013/1105/710 1014/1106/710
f 1010/1101/711 1014/1106/711 1015/1107/711 1011/1103/711
f 1015/1107/712 1016/1108/712 1017/1109/712 1011/1103/712
f 1015/1107/713 1014/1106/713 1018/1110/713 1019/1111/713
f 1015/1107/714 1019/1111/714 1020/1112/714 1016/1108/714
f 1020/1112/715 1021/1113/715 1022/1114/715 1016/1108/715
f 1020/1112/716 1019/1111/716 1023/1115/716 1024/1116/716
f 1020/1112/717 1024/1116/717 1025/1117/717 1021/1113/717
f 1025/1117/718 1026/1118/718 1027/1119/718 1021/1113/718
f 1025/1117/719 1024/1116/719 1028/1120/719 1029/1121/719
f 1025/1117/720 1029/1121/720 1030/1122/720 1026/1118/720
f 1030/1122/721 1031/1123/721 1032/1124/721 1026/1118/721
f 1030/1122/722 1029/1121/722 1033/1125/722 1034/1126/722
f 1030/1122/723 1034/1126/723 1035/1127/723 1031/1123/723
f 1035/1127/724 1036/1128/724 1037/1129/724 1031/1123/724
f 1035/1127/725 1034/1126/725 1038/1130/725 1039/1131/725
f 1035/1127/726 1039/1131/726 1040/1132/726 1036/1128/726
f 1040/1132/727 1041/1133/727 1042/1134/727 1036/1128/727
f 1040/1132/728 1039/1131/728 1043/1135/728 1044/1136/728
f 1040/1132/729 1044/1136/729 1045/1137/729 1041/1133/729
f 1045/1137/730 1046/1138/730 1047/1139/730 1041/1133/730
f 1045/1137/731 1044/1136/731 1048/1140/731 1049/1141/731
f 1045/1137/732 1049/1141/732 1050/1142/732 1046/1138/732
f 1050/1142/733 1051/1143/733 1052/1144/733 1046/1138/733
f 1050/1142/734 1049/1141/734 1053/1145/734 1054/1146/734
f 1050/1142/735 1054/1146/735 1055/1147/735 1051/1143/735
f 1055/1147/736 1056/1148/736 1057/1149/736 1051/1143/736
f 1055/1147/737 1054/1146/737 1058/1150/737 1059/1151/737
f 1055/1147/738 1059/1151/738 1060/1152/738 1056/1148/738
f 1060/1152/739 1061/1153/739 1062/1154/739 1056/1148/739
f 1060/1152/740 1059/1151/740 1063/1155/740 1064/1156/740
f 1060/1152/741 1064/1156/741 1065/1157/741 1061/1153/741
f 1065/1157/742 1066/1158/742 1067/1159/742 1061/1153/742
f 1065/1157/743 1064/1156/743 1068/1160/743 1069/1161/743
f 1065/1157/744 1069/1161/744 1070/1162/744 1066/1158/744
f 1070/1162/745 1071/1163/745 1072/1164/745 1066/1158/745
f 1070/1162/746 1069/1161/746 1073/1165/746 1074/1166/746
f 1070/1162/747 1074/1166/747 1075/1167/747 1071/1163/747
f 1075/1167/748 1076/1168/748 1077/1169/748 1071/1163/748
f 1075/1170/749 1074/1171/749 1078/1172/749 1079/1173/749
f 1075/1170/750 1079/1173/750 1080/1174/750 1076/1175/750
f 1080/1174/751 1081/1176/751 1082/1177/751 1076/1175/751
f 1080/1174/752 1079/1173/752 1083/1178/752 1084/1179/752
f 1080/1174/753 1084/1179/753 1085/1180/753 1081/1176/753
f 1085/1180/754 1086/1181/754 1087/1182/754 1081/1176/754
f 1085/1180/755 1084/1179/755 1088/1183/755 1089/1184/755
f 1085/1180/756 1089/1184/756 1090/1185/756 1086/1181/756
f 1090/1185/757 1091/1186/757 1092/1187/757 1086/1181/757
f 1090/1185/758 1089/1184/758 1093/1188/758 1094/1189/758
f 1090/1185/759 1094/1189/759 1095/1190/759 1091/1186/759
f 1095/1190/760 1096/1191/760 1097/1192/760 1091/1186/760
f 1095/1190/761 1094/1189/761 1098/1193/761 1099/1194/761
f 1095/1190/762 1099/1194/762 1100/1195/762 1096/1191/762
f 1100/1195/763 1101/1196/763 1102/1197/763 1096/1191/763
f 1100/1195/764 1099/1194/764 1103/1198/764 1104/1199/764
f 1100/1195/765 1104/1199/765 1105/1200/765 1101/1196/765
f 1105/1200/766 1106/1201/766 1107/1202/766 1101/1196/766
f 1105/1200/767 1104/1199/767 1108/1203/767 1109/1204/767
f 1105/1200/768 1109/1204/768 1110/1205/768 1106/1201/768
f 1110/1205/769 1111/1206/769 1112/1207/769 1106/1201/769
f 1110/1205/770 1109/1204/770 1113/1208/770 1114/1209/770
f 1110/1205/771 1114/1209/771 1115/1210/771 1111/1206/771
f 1115/1210/772 1116/1211/772 1117/1212/772 1111/1206/772
f 1115/1213/773 1114/1214/773 1118/1215/773 1119/1216/773
f 1115/1213/774 1119/1216/774 1120/1217/774 1116/1218/774
f 1120/1217/775 1121/1219/775 1122/1220/775 1116/1218/775
f 1120/1217/776 1119/1216/776 1123/1221/776 1124/1222/776
f 1120/1217/777 1124/1222/777 1125/1223/777 1121/1219/777
f 1125/1223/778 1126/1224/778 1127/1225/778 1121/1219/778
f 1125/1223/779 1124/1222/779 1128/1226/779 1129/1227/779
f 1125/1223/780 1129/1227/780 1130/1228/780 1126/1224/780
f 1130/1228/781 1131/1229/781 1132/1230/781 1126/1224/781
f 1130/1228/782 1129/1227/782 1133/1231/782 1134/1232/782
f 1130/1228/783 1134/1232/783 1135/1233/783 1131/1229/783
f 1135/1233/784 1136/1234/784 1137/1235/784 1131/1229/784
f 1135/1233/785 1134/1232/785 1138/1236/785 1139/1237/785
f 1135/1233/786 1139/1237/786 1140/1238/786 1136/1234/786
f 1140/1238/787 1141/1239/787 1142/1240/787 1136/1234/787
f 1140/1238/788 1139/1237/788 1143/1241/788 1144/1242/788
f 1140/1238/789 1144/1242/789 1145/1243/789 1141/1239/789
f 1145/1243/790 1146/1244/790 1147/1245/790 1141/1239/790
f 1145/1243/791 1144/1242/791 1148/1246/791 1149/1247/791
f 1145/1243/792 1149/1247/792 1150/1248/792 1146/1244/792
f 1150/1248/793 1151/1249/793 1152/1250/793 1146/1244/793
f 1150/1248/794 1149/1247/794 1153/1251/794 1154/1252/794
f 1150/1248/795 1154/1252/795 1155/1253/795 1151/1249/795
f 1155/1253/796 1156/1254/796 1157/1255/796 1151/1249/796
f 1155/1253/797 1154/1252/797 1158/1256/797 1159/1257/797
f 1155/1253/798 1159/1257/798 1160/1258/798 1156/1254/798
f 1160/1258/799 1161/1259/799 1162/1260/799 1156/1254/799
f 1160/1258/800 1159/1257/800 1163/1261/800 1164/1262/800
f 1160/1258/801 1164/1262/801 1165/1263/801 1161/1259/801
f 1165/1263/802 1166/1264/802 1167/1265/802 1161/1259/802
f 1165/1263/803 1164/1262/803 1168/1266/803 1169/1267/803
f 1165/1263/804 1169/1267/804 1170/1268/804 1166/1264/804
f 1170/1268/805 1171/1269/805 1172/1270/805 1166/1264/805
f 1170/1268/806 1169/1267/806 1173/1271/806 1174/1272/806
f 1170/1268/807 1174/1272/807 1175/1273/807 1171/1269/807
f 1175/1273/808 1176/1274/808 1177/1275/808 1171/1269/808
f 1175/1273/809 1174/1272/809 1178/1276/809 1179/1277/809
f 1175/1273/810 1179/1277/810 1180/1278/810 1176/1274/810
f 1180/1278/811 1181/1279/811 1182/1280/811 1176/1274/811
f 1180/1281/812 1179/1282/812 1183/1283/812 14/7/812
f 1180/1281/813 14/7/813 13/6/813 1181/1284/813
f 1183/1283/814 1179/1282/814 1178/1285/814 1184/1286/814
f 1183/1283/815 1184/1286/815 1185/1287/815 1186/1288/815
f 1183/1283/816 1186/1288/816 9/2/816 14/7/816
f 1186/1288/817 1185/1287/817 1187/1289/817 1188/1290/817
f 1186/1288/818 1188/1290/818 10/3/818 9/2/818
f 1188/1290/819 1187/1289/819 1189/1291/819 1190/1292/819
f 1188/1290/820 1190/1292/820 1191/1293/820 10/3/820
f 1191/1293/821 1192/1294/821 11/4/821 10/3/821
f 1191/1293/822 1190/1292/822 1193/1295/822 1194/1296/822
f 1191/1293/823 1194/1296/823 1195/1297/823 1192/1294/823
f 1195/1297/824 1196/1298/824 1197/1299/824 1192/1294/824
f 1195/1297/825 1194/1296/825 1198/1300/825 1199/1301/825
f 1195/1297/826 1199/1301/826 1200/1302/826 1196/1298/826
f 1200/1302/827 1201/1303/827 1202/1304/827 1196/1298/827
f 1200/1302/828 1199/1301/828 1203/1305/828 1204/1306/828
f 1200/1302/829 1204/1306/829 1205/1307/829 1201/1303/829
f 1205/1307/830 1206/1308/830 1207/1309/830 1201/1303/830
f 1205/1307/831 1204/1306/831 1208/1310/831 1209/1311/831
f 1205/1307/832 1209/1311/832 1210/1312/832 1206/1308/832
f 1210/1312/833 1211/1313/833 1212/1314/833 1206/1308/833
f 1210/1312/834 1209/1311/834 1213/1315/834 1214/1316/834
f 1210/1312/835 1214/1316/835 1215/1317/835 1211/1313/835
f 1215/1317/836 1216/1318/836 1217/1319/836 1211/1313/836
f 1215/1317/837 1214/1316/837 1218/1320/837 1219/1321/837
f 1215/1322/838 1219/1323/838 1220/1324/838 1216/1325/838
f 1220/1324/839 1221/1326/839 1222/1327/839 1216/1325/839
f 1220/1324/840 1219/1323/840 1223/1328/840 1224/1329/840
f 1220/1324/841 1224/1329/841 1225/1330/841 1221/1326/841
f 1225/1330/842 1226/1331/842 1227/1332/842 1221/1326/842
f 1225/1330/843 1224/1329/843 1228/1333/843 1229/1334/843
f 1225/1330/844 1229/1334/844 1230/1335/844 1226/1331/844
f 1230/1335/845 1231/1336/845 1232/1337/845 1226/1331/845
f 1230/1335/846 1229/1334/846 1233/1338/846 1234/1339/846
f 1230/1335/847 1234/1339/847 1235/1340/847 1231/1336/847
f 1235/1340/848 1236/1341/848 1237/1342/848 1231/1336/848
f 1235/1340/849 1234/1339/849 1238/1343/849 1239/1344/849
f 1235/1340/850 1239/1344/850 1240/1345/850 1236/1341/850
f 1240/1345/851 1241/1346/851 1242/1347/851 1236/1341/851
f 1240/1345/852 1239/1344/852 1243/1348/852 1244/1349/852
f 1240/1345/853 1244/1349/853 1245/1350/853 1241/1346/853
f 1245/1350/854 1244/1349/854 1246/1351/854 1247/1352/854
f 1245/1350/855 1247/1352/855 1248/1353/855 1249/1354/855
f 1245/1350/856 1249/1354/856 1250/1355/856 1241/1346/856
f 1250/1355/857 505/542/857 503/540/857 502/539/857
f 1250/1355/858 502/539/858 1242/1347/858 1241/1346/858
f 1250/1355/859 1249/1354/859 1251/1356/859 505/542/859
f 1251/1356/860 1249/1354/860 1248/1353/860 1252/1357/860
f 1251/1356/861 1252/1357/861 26/21/861 25/20/861
f 1251/1356/862 25/20/862 24/19/862 505/542/862
f 1252/1357/863 1248/1353/863 1253/1358/863 1254/1359/863
f 1252/1357/864 1254/1359/864 1255/1360/864 26/21/864
f 1255/1360/865 1254/1359/865 1256/1361/865 1257/1362/865
f 1255/1360/866 1257/1362/866 1258/1363/866 1259/1364/866
f 1255/1360/867 1259/1364/867 21/16/867 26/21/867
f 1259/1364/868 1258/1363/868 1260/1365/868 1261/1366/868
f 1259/1364/869 1261/1366/869 22/17/869 21/16/869
f 1261/1366/870 1260/1365/870 1262/1367/870 1263/1368/870
f 1261/1366/871 1263/1368/871 508/545/871 22/17/871
f 1263/1368/872 1262/1367/872 1264/1369/872 1265/1370/872
f 1263/1368/873 1265/1370/873 509/546/873 508/545/873
f 1265/1370/874 1264/1369/874 1266/1371/874 1267/1372/874
f 1265/1370/875 1267/1372/875 510/547/875 509/546/875
f 1267/1373/876 1266/1374/876 1268/1375/876 1269/1376/876
f 1267/1372/877 1269/1377/877 512/549/877 510/547/877
f 1269/1378/878 1268/1379/878 1270/1380/878 1271/1381/878
f 1269/1378/879 1271/1381/879 1272/1382/879 512/1383/879
f 1272/1382/880 515/554/880 513/553/880 512/1383/880
f 1272/1382/881 1271/1381/881 1273/1384/881 1274/1385/881
f 1272/1382/882 1274/1385/882 1275/1386/882 515/554/882
f 1275/1386/883 518/559/883 516/555/883 515/554/883
f 1275/1386/884 1274/1385/884 1276/1387/884 1277/1388/884
f 1275/1386/885 1277/1388/885 1278/1389/885 518/559/885
f 1278/1389/886 521/563/886 519/560/886 518/559/886
f 1278/1389/887 1277/1388/887 1279/1390/887 1280/1391/887
f 1278/1389/888 1280/1391/888 1281/1392/888 521/563/888
f 1281/1392/889 524/568/889 522/564/889 521/563/889
f 1281/1392/890 1280/1391/890 19/13/890 18/12/890
f 1281/1392/891 18/12/891 20/14/891 524/568/891
f 1280/1391/892 1279/1390/892 1282/1393/892 19/13/892
f 1282/1393/893 1279/1390/893 1283/1394/893 1284/1395/893
f 1282/1393/894 1284/1395/894 542/588/894 1285/1396/894
f 1282/1393/895 1285/1396/895 15/9/895 19/13/895
f 1285/1396/896 542/588/896 540/586/896 539/585/896
f 1285/1396/897 539/585/897 16/10/897 15/9/897
f 1284/1395/898 1283/1394/898 1286/1397/898 545/591/898
f 1284/1395/899 545/591/899 543/589/899 542/588/899
f 1286/1397/900 1283/1394/900 1276/1387/900 1287/1398/900
f 1286/1397/901 1287/1398/901 1288/1399/901 548/594/901
f 1286/1397/902 548/594/902 546/592/902 545/591/902
f 1288/1399/903 1287/1398/903 1273/1384/903 1289/1400/903
f 1288/1399/904 1289/1400/904 1290/1401/904 551/597/904
f 1288/1399/905 551/597/905 549/595/905 548/594/905
f 1290/1401/906 1289/1400/906 1270/1380/906 1291/1402/906
f 1290/1401/907 1291/1402/907 1292/1403/907 554/600/907
f 1290/1401/908 554/600/908 552/598/908 551/597/908
f 1292/1404/909 1291/1405/909 1293/1406/909 1294/1407/909
f 1292/1404/910 1294/1407/910 1295/1408/910 557/605/910
f 1292/1404/911 557/605/911 555/604/911 554/1409/911
f 1295/1408/912 1294/1407/912 1296/1410/912 1297/1411/912
f 1295/1408/913 1297/1411/913 1298/1412/913 560/609/913
f 1295/1408/914 560/609/914 558/606/914 557/605/914
f 1298/1412/915 1297/1411/915 1299/1413/915 1300/1414/915
f 1298/1412/916 1300/1414/916 1301/1415/916 563/612/916
f 1298/1412/917 563/612/917 561/610/917 560/609/917
f 1301/1415/918 1300/1414/918 1302/1416/918 1303/1417/918
f 1301/1415/919 1303/1417/919 1304/1418/919 566/615/919
f 1301/1415/920 566/615/920 564/613/920 563/612/920
f 1304/1418/921 1303/1417/921 1305/1419/921 1306/1420/921
f 1304/1418/922 1306/1420/922 1307/1421/922 569/618/922
f 1304/1418/923 569/618/923 567/616/923 566/615/923
f 1307/1422/924 1306/1423/924 1308/1424/924 1309/1425/924
f 1307/1422/925 1309/1425/925 1310/1426/925 572/1427/925
f 1307/1421/926 572/621/926 570/619/926 569/618/926
f 1310/1426/927 1309/1425/927 1311/1428/927 1312/1429/927
f 1310/1426/928 1312/1429/928 1313/1430/928 575/626/928
f 1310/1426/929 575/626/929 573/625/929 572/1427/929
f 1313/1430/930 1312/1429/930 1314/1431/930 1315/1432/930
f 1313/1430/931 1315/1432/931 1316/1433/931 578/630/931
f 1313/1430/932 578/630/932 576/627/932 575/626/932
f 1316/1433/933 1315/1432/933 1317/1434/933 1318/1435/933
f 1316/1433/934 1318/1435/934 1319/1436/934 581/635/934
f 1316/1433/935 581/635/935 579/631/935 578/630/935
f 1319/1436/936 1318/1435/936 1320/1437/936 1321/1438/936
f 1319/1436/937 1321/1438/937 1322/1439/937 584/638/937
f 1319/1436/938 584/638/938 582/636/938 581/635/938
f 1322/1439/939 1321/1438/939 1323/1440/939 1324/1441/939
f 1322/1439/940 1324/1441/940 1325/1442/940 587/641/940
f 1322/1439/941 587/641/941 585/639/941 584/638/941
f 1325/1442/942 1324/1441/942 1326/1443/942 1327/1444/942
f 1325/1442/943 1327/1444/943 1328/1445/943 590/644/943
f 1325/1442/944 590/644/944 588/642/944 587/641/944
f 1328/1445/945 1327/1444/945 1329/1446/945 1330/1447/945
f 1328/1445/946 1330/1447/946 1331/1448/946 593/647/946
f 1328/1445/947 593/647/947 591/645/947 590/644/947
f 1331/1448/948 1330/1447/948 1332/1449/948 1333/1450/948
f 1331/1448/949 1333/1450/949 1334/1451/949 596/650/949
f 1331/1448/950 596/650/950 594/648/950 593/647/950
f 1334/1451/951 1333/1450/951 1335/1452/951 1336/1453/951
f 1334/1451/952 1336/1453/952 1337/1454/952 599/653/952
f 1334/1451/953 599/653/953 597/651/953 596/650/953
f 1337/1454/954 1336/1453/954 1338/1455/954 1339/1456/954
f 1337/1454/955 1339/1456/955 1340/1457/955 602/656/955
f 1337/1454/956 602/656/956 600/654/956 599/653/956
f 1340/1457/957 1339/1456/957 1341/1458/957 1342/1459/957
f 1340/1457/958 1342/1459/958 1343/1460/958 605/659/958
f 1340/1457/959 605/659/959 603/657/959 602/656/959
f 1343/1460/960 1342/1459/960 1344/1461/960 1345/1462/960
f 1343/1460/961 1345/1462/961 1346/1463/961 608/662/961
f 1343/1460/962 608/662/962 606/660/962 605/659/962
f 1346/1463/963 1345/1462/963 1347/1464/963 1348/1465/963
f 1346/1463/964 1348/1465/964 1349/1466/964 611/665/964
f 1346/1463/965 611/665/965 609/663/965 608/662/965
f 1349/1467/966 1348/1468/966 1350/1469/966 1351/1470/966
f 1349/1467/967 1351/1470/967 1352/1471/967 614/1472/967
f 1349/1466/968 614/668/968 612/666/968 611/665/968
f 1352/1471/969 1351/1470/969 1353/1473/969 1354/1474/969
f 1352/1471/970 1354/1474/970 1355/1475/970 617/673/970
f 1352/1471/971 617/673/971 615/672/971 614/1472/971
f 1355/1475/972 1354/1474/972 1356/1476/972 1357/1477/972
f 1355/1475/973 1357/1477/973 1358/1478/973 620/677/973
f 1355/1475/974 620/677/974 618/674/974 617/673/974
f 1358/1478/975 1357/1477/975 1359/1479/975 1360/1480/975
f 1358/1478/976 1360/1480/976 1361/1481/976 623/680/976
f 1358/1478/977 623/680/977 621/678/977 620/677/977
f 1361/1481/978 1360/1480/978 1362/1482/978 1363/1483/978
f 1361/1481/979 1363/1483/979 1364/1484/979 626/683/979
f 1361/1481/980 626/683/980 624/681/980 623/680/980
f 1364/1484/981 1363/1483/981 1365/1485/981 1366/1486/981
f 1364/1484/982 1366/1486/982 1367/1487/982 629/686/982
f 1364/1484/983 629/686/983 627/684/983 626/683/983
f 1367/1487/984 1366/1486/984 1368/1488/984 1369/1489/984
f 1367/1487/985 1369/1489/985 1370/1490/985 632/689/985
f 1367/1487/986 632/689/986 630/687/986 629/686/986
f 1370/1490/987 1369/1489/987 1371/1491/987 1372/1492/987
f 1370/1490/988 1372/1492/988 1373/1493/988 635/692/988
f 1370/1490/989 635/692/989 633/690/989 632/689/989
f 1373/1493/990 1372/1492/990 1374/1494/990 1375/1495/990
f 1373/1493/991 1375/1495/991 1376/1496/991 638/695/991
f 1373/1493/992 638/695/992 636/693/992 635/692/992
f 1376/1496/993 1375/1495/993 1377/1497/993 1378/1498/993
f 1376/1496/994 1378/1498/994 1379/1499/994 641/698/994
f 1376/1496/995 641/698/995 639/696/995 638/695/995
f 1379/1499/996 1378/1498/996 1380/1500/996 1381/1501/996
f 1379/1499/997 1381/1501/997 1382/1502/997 644/701/997
f 1379/1499/998 644/701/998 642/699/998 641/698/998
f 1382/1502/999 1381/1501/999 1383/1503/999 1384/1504/999
f 1382/1502/1000 1384/1504/1000 1385/1505/1000 647/704/1000
f 1382/1502/1001 647/704/1001 645/702/1001 644/701/1001
f 1385/1505/1002 1384/1504/1002 1386/1506/1002 1387/1507/1002
f 1385/1505/1003 1387/1507/1003 1388/1508/1003 650/707/1003
f 1385/1505/1004 650/707/1004 648/705/1004 647/704/1004
f 1388/1508/1005 1387/1507/1005 1389/1509/1005 1390/1510/1005
f 1388/1508/1006 1390/1510/1006 1391/1511/1006 653/710/1006
f 1388/1508/1007 653/710/1007 651/708/1007 650/707/1007
f 1391/1511/1008 1390/1510/1008 1392/1512/1008 1393/1513/1008
f 1391/1511/1009 1393/1513/1009 1394/1514/1009 656/713/1009
f 1391/1511/1010 656/713/1010 654/711/1010 653/710/1010
f 1394/1514/1011 1393/1513/1011 1395/1515/1011 1396/1516/1011
f 1394/1514/1012 1396/1516/1012 1397/1517/1012 659/716/1012
f 1394/1514/1013 659/716/1013 657/714/1013 656/713/1013
f 1397/1518/1014 1396/1519/1014 1398/1520/1014 1399/1521/1014
f 1397/1518/1015 1399/1521/1015 1400/1522/1015 662/1523/1015
f 1397/1517/1016 662/719/1016 660/717/1016 659/716/1016
f 1400/1522/1017 1399/1521/1017 1401/1524/1017 1402/1525/1017
f 1400/1522/1018 1402/1525/1018 1403/1526/1018 665/724/1018
f 1400/1522/1019 665/724/1019 663/723/1019 662/1523/1019
f 1403/1526/1020 1402/1525/1020 1404/1527/1020 1405/1528/1020
f 1403/1526/1021 1405/1528/1021 1406/1529/1021 668/728/1021
f 1403/1526/1022 668/728/1022 666/725/1022 665/724/1022
f 1406/1529/1023 1405/1528/1023 1407/1530/1023 1408/1531/1023
f 1406/1529/1024 1408/1531/1024 1409/1532/1024 671/731/1024
f 1406/1529/1025 671/731/1025 669/729/1025 668/728/1025
f 1409/1532/1026 1408/1531/1026 1410/1533/1026 1411/1534/1026
f 1409/1532/1027 1411/1534/1027 1412/1535/1027 674/1536/1027
f 1409/1532/1028 674/1536/1028 672/732/1028 671/731/1028
f 1412/1537/1029 1411/1538/1029 1413/1539/1029 1414/1540/1029
f 1412/1537/1030 1414/1540/1030 1415/1541/1030 677/740/1030
f 1412/1537/1031 677/740/1031 675/737/1031 674/736/1031
f 1415/1541/1032 1414/1540/1032 1416/1542/1032 1417/1543/1032
f 1415/1541/1033 1417/1543/1033 1418/1544/1033 680/743/1033
f 1415/1541/1034 680/743/1034 678/741/1034 677/740/1034
f 1418/1544/1035 1417/1543/1035 1419/1545/1035 1420/1546/1035
f 1418/1544/1036 1420/1546/1036 1421/1547/1036 683/746/1036
f 1418/1544/1037 683/746/1037 681/744/1037 680/743/1037
f 1421/1548/1038 1420/1549/1038 1422/1550/1038 1423/1551/1038
f 1421/1548/1039 1423/1551/1039 1424/1552/1039 686/1553/1039
f 1421/1547/1040 686/749/1040 684/747/1040 683/746/1040
f 1424/1552/1041 1423/1551/1041 1425/1554/1041 1426/1555/1041
f 1424/1552/1042 1426/1555/1042 1427/1556/1042 689/754/1042
f 1424/1552/1043 689/754/1043 687/753/1043 686/1553/1043
f 1427/1556/1044 1426/1555/1044 1428/1557/1044 1429/1558/1044
f 1427/1556/1045 1429/1558/1045 1430/1559/1045 692/758/1045
f 1427/1556/1046 692/758/1046 690/755/1046 689/754/1046
f 1430/1559/1047 1429/1558/1047 1431/1560/1047 1432/1561/1047
f 1430/1559/1048 1432/1561/1048 1433/1562/1048 695/761/1048
f 1430/1559/1049 695/761/1049 693/759/1049 692/758/1049
f 1433/1562/1050 1432/1561/1050 1434/1563/1050 1435/1564/1050
f 1433/1562/1051 1435/1564/1051 1436/1565/1051 698/764/1051
f 1433/1562/1052 698/764/1052 696/762/1052 695/761/1052
f 1436/1565/1053 1435/1564/1053 1437/1566/1053 1438/1567/1053
f 1436/1565/1054 1438/1567/1054 1439/1568/1054 701/767/1054
f 1436/1565/1055 701/767/1055 699/765/1055 698/764/1055
f 1439/1568/1056 1438/1567/1056 1440/1569/1056 1441/1570/1056
f 1439/1568/1057 1441/1570/1057 1442/1571/1057 704/770/1057
f 1439/1568/1058 704/770/1058 702/768/1058 701/767/1058
f 1442/1571/1059 1441/1570/1059 1443/1572/1059 1444/1573/1059
f 1442/1571/1060 1444/1573/1060 1445/1574/1060 707/773/1060
f 1442/1571/1061 707/773/1061 705/771/1061 704/770/1061
f 1445/1574/1062 1444/1573/1062 1446/1575/1062 1447/1576/1062
f 1445/1574/1063 1447/1576/1063 1448/1577/1063 710/776/1063
f 1445/1574/1064 710/776/1064 708/774/1064 707/773/1064
f 1448/1577/1065 1447/1576/1065 1449/1578/1065 1450/1579/1065
f 1448/1577/1066 1450/1579/1066 1451/1580/1066 713/779/1066
f 1448/1577/1067 713/779/1067 711/777/1067 710/776/1067
f 1451/1580/1068 1450/1579/1068 1452/1581/1068 1453/1582/1068
f 1451/1580/1069 1453/1582/1069 1454/1583/1069 716/782/1069
f 1451/1580/1070 716/782/1070 714/780/1070 713/779/1070
f 1454/1583/1071 1453/1582/1071 1455/1584/1071 1456/1585/1071
f 1454/1583/1072 1456/1585/1072 1457/1586/1072 719/785/1072
f 1454/1583/1073 719/785/1073 717/783/1073 716/782/1073
f 1457/1586/1074 1456/1585/1074 1458/1587/1074 1459/1588/1074
f 1457/1586/1075 1459/1588/1075 1460/1589/1075 722/788/1075
f 1457/1586/1076 722/788/1076 720/786/1076 719/785/1076
f 1460/1589/1077 1459/1588/1077 1461/1590/1077 1462/1591/1077
f 1460/1589/1078 1462/1591/1078 1463/1592/1078 725/791/1078
f 1460/1589/1079 725/791/1079 723/789/1079 722/788/1079
f 1463/1593/1080 1462/1594/1080 1464/1595/1080 1465/1596/1080
f 1463/1593/1081 1465/1596/1081 1466/1597/1081 728/796/1081
f 1463/1593/1082 728/796/1082 726/795/1082 725/1598/1082
f 1466/1597/1083 1465/1596/1083 1467/1599/1083 1468/1600/1083
f 1466/1597/1084 1468/1600/1084 1469/1601/1084 731/800/1084
f 1466/1597/1085 731/800/1085 729/797/1085 728/796/1085
f 1469/1601/1086 1468/1600/1086 1470/1602/1086 1471/1603/1086
f 1469/1601/1087 1471/1603/1087 1472/1604/1087 734/803/1087
f 1469/1601/1088 734/803/1088 732/801/1088 731/800/1088
f 1472/1604/1089 1471/1603/1089 1473/1605/1089 1474/1606/1089
f 1472/1604/1090 1474/1606/1090 1475/1607/1090 737/806/1090
f 1472/1604/1091 737/806/1091 735/804/1091 734/803/1091
f 1475/1607/1092 1474/1606/1092 1476/1608/1092 1477/1609/1092
f 1475/1607/1093 1477/1609/1093 1478/1610/1093 740/809/1093
f 1475/1607/1094 740/809/1094 738/807/1094 737/806/1094
f 1478/1610/1095 1477/1609/1095 1479/1611/1095 1480/1612/1095
f 1478/1610/1096 1480/1612/1096 1481/1613/1096 743/812/1096
f 1478/1610/1097 743/812/1097 741/810/1097 740/809/1097
f 1481/1613/1098 1480/1612/1098 1482/1614/1098 1483/1615/1098
f 1481/1613/1099 1483/1615/1099 1484/1616/1099 746/815/1099
f 1481/1613/1100 746/815/1100 744/813/1100 743/812/1100
f 1484/1616/1101 1483/1615/1101 1485/1617/1101 1486/1618/1101
f 1484/1616/1102 1486/1618/1102 1487/1619/1102 749/818/1102
f 1484/1616/1103 749/818/1103 747/816/1103 746/815/1103
f 1487/1619/1104 1486/1618/1104 1488/1620/1104 1489/1621/1104
f 1487/1619/1105 1489/1621/1105 1490/1622/1105 752/821/1105
f 1487/1619/1106 752/821/1106 750/819/1106 749/818/1106
f 1490/1622/1107 1489/1621/1107 1491/1623/1107 1492/1624/1107
f 1490/1622/1108 1492/1624/1108 1493/1625/1108 755/824/1108
f 1490/1622/1109 755/824/1109 753/822/1109 752/821/1109
f 1493/1625/1110 1492/1624/1110 1494/1626/1110 1495/1627/1110
f 1493/1625/1111 1495/1627/1111 1496/1628/1111 758/827/1111
f 1493/1625/1112 758/827/1112 756/825/1112 755/824/1112
f 1496/1628/1113 1495/1627/1113 1497/1629/1113 1498/1630/1113
f 1496/1628/1114 1498/1630/1114 1499/1631/1114 761/830/1114
f 1496/1628/1115 761/830/1115 759/828/1115 758/827/1115
f 1499/1631/1116 1498/1630/1116 1500/1632/1116 1501/1633/1116
f 1499/1631/1117 1501/1633/1117 1502/1634/1117 764/833/1117
f 1499/1631/1118 764/833/1118 762/831/1118 761/830/1118
f 1502/1635/1119 1501/1636/1119 1503/1637/1119 1504/1638/1119
f 1502/1635/1120 1504/1638/1120 1505/1639/1120 767/839/1120
f 1502/1635/1121 767/839/1121 765/838/1121 764/1640/1121
f 1505/1639/1122 1504/1638/1122 1506/1641/1122 1507/1642/1122
f 1505/1639/1123 1507/1642/1123 1508/1643/1123 770/844/1123
f 1505/1639/1124 770/844/1124 768/840/1124 767/839/1124
f 1508/1643/1125 1507/1642/1125 1509/1644/1125 1510/1645/1125
f 1508/1643/1126 1510/1645/1126 1511/1646/1126 1512/1647/1126
f 1508/1643/1127 1512/1647/1127 771/845/1127 770/844/1127
f 1512/1647/1128 1511/1646/1128 1513/1648/1128 1514/1649/1128
f 1512/1647/1129 1514/1649/1129 772/1650/1129 771/845/1129
f 1514/1651/1130 1513/1652/1130 48/47/1130 50/49/1130
f 1514/1653/1131 50/1654/1131 774/850/1131 772/848/1131
f 1513/1648/1132 1511/1646/1132 1515/1655/1132 1516/1656/1132
f 1513/1652/1133 1516/1657/1133 49/48/1133 48/47/1133
f 1516/1657/1134 1515/1658/1134 1517/1659/1134 1518/1660/1134
f 1516/1657/1135 1518/1660/1135 1519/1661/1135 49/48/1135
f 1519/1661/1136 1518/1660/1136 1520/1662/1136 1521/1663/1136
f 1519/1661/1137 1521/1663/1137 1522/1664/1137 1523/1665/1137
f 1519/1661/1138 1523/1665/1138 45/44/1138 49/48/1138
f 1523/1665/1139 1522/1664/1139 1524/1666/1139 1525/1667/1139
f 1523/1665/1140 1525/1667/1140 46/45/1140 45/44/1140
f 1525/1667/1141 1526/1668/1141 1527/1669/1141 46/45/1141
f 1525/1667/1142 1524/1666/1142 1528/1670/1142 1526/1668/1142
f 1528/1671/1143 1529/1672/1143 1530/1673/1143 1526/1674/1143
f 1528/1670/1144 1524/1666/1144 1531/1675/1144 1532/1676/1144
f 1528/1670/1145 1532/1676/1145 1533/1677/1145 1529/1678/1145
f 1533/1679/1146 1534/1680/1146 1535/1681/1146 1529/1672/1146
f 1533/1677/1147 1532/1676/1147 1536/1682/1147 1537/1683/1147
f 1533/1679/1148 1537/1684/1148 1538/1685/1148 1534/1680/1148
f 1538/1685/1149 1539/1686/1149 1540/1687/1149 1534/1680/1149
f 1538/1685/1150 1537/1684/1150 1541/1688/1150 1542/1689/1150
f 1538/1685/1151 1542/1689/1151 1543/1690/1151 1539/1686/1151
f 1543/1690/1152 1544/1691/1152 1545/1692/1152 1539/1686/1152
f 1543/1690/1153 1542/1689/1153 1546/1693/1153 1547/1694/1153
f 1543/1690/1154 1547/1694/1154 1548/1695/1154 1544/1691/1154
f 1548/1695/1155 1549/1696/1155 1550/1697/1155 1544/1691/1155
f 1548/1695/1156 1547/1694/1156 1551/1698/1156 1552/1699/1156
f 1548/1695/1157 1552/1699/1157 1553/1700/1157 1549/1696/1157
f 1553/1700/1158 1554/1701/1158 1555/1702/1158 1549/1696/1158
f 1553/1700/1159 1552/1699/1159 1556/1703/1159 1557/1704/1159
f 1553/1700/1160 1557/1704/1160 1558/1705/1160 1554/1701/1160
f 1558/1705/1161 1559/1706/1161 1560/1707/1161 1554/1701/1161
f 1558/1705/1162 1557/1704/1162 1561/1708/1162 1562/1709/1162
f 1558/1705/1163 1562/1709/1163 1563/1710/1163 1559/1706/1163
f 1563/1710/1164 1564/1711/1164 1565/1712/1164 1559/1706/1164
f 1563/1710/1165 1562/1709/1165 1566/1713/1165 1567/1714/1165
f 1563/1710/1166 1567/1714/1166 1568/1715/1166 1564/1711/1166
f 1568/1715/1167 1569/1716/1167 1570/1717/1167 1564/1711/1167
f 1568/1715/1168 1567/1714/1168 1571/1718/1168 1572/1719/1168
f 1568/1715/1169 1572/1719/1169 1573/1720/1169 1569/1716/1169
f 1573/1720/1170 1574/1721/1170 1575/1722/1170 1569/1716/1170
f 1573/1720/1171 1572/1719/1171 1576/1723/1171 1577/1724/1171
f 1573/1720/1172 1577/1724/1172 1578/1725/1172 1574/1721/1172
f 1578/1726/1173 1579/1727/1173 1580/1728/1173 1574/1729/1173
f 1578/1726/1174 1577/1730/1174 1581/1731/1174 1582/1732/1174
f 1578/1726/1175 1582/1732/1175 1583/1733/1175 1579/1727/1175
f 1583/1733/1176 1584/1734/1176 1585/1735/1176 1579/1727/1176
f 1583/1733/1177 1582/1732/1177 1586/1736/1177 1587/1737/1177
f 1583/1733/1178 1587/1737/1178 1588/1738/1178 1584/1734/1178
f 1588/1738/1179 1589/1739/1179 1590/1740/1179 1584/1734/1179
f 1588/1738/1180 1587/1737/1180 1591/1741/1180 1592/1742/1180
f 1588/1738/1181 1592/1742/1181 1593/1743/1181 1589/1739/1181
f 1593/1743/1182 1594/1744/1182 1595/1745/1182 1589/1739/1182
f 1593/1743/1183 1592/1742/1183 1596/1746/1183 1597/1747/1183
f 1593/1743/1184 1597/1747/1184 1598/1748/1184 1594/1744/1184
f 1598/1748/1185 1599/1749/1185 1600/1750/1185 1594/1744/1185
f 1598/1748/1186 1597/1747/1186 1601/1751/1186 1602/1752/1186
f 1598/1748/1187 1602/1752/1187 1603/1753/1187 1599/1749/1187
f 1603/1753/1188 1604/1754/1188 1605/1755/1188 1599/1749/1188
f 1603/1753/1189 1602/1752/1189 1606/1756/1189 1607/1757/1189
f 1603/1753/1190 1607/1757/1190 1608/1758/1190 1604/1754/1190
f 1608/1758/1191 1609/1759/1191 1610/1760/1191 1604/1754/1191
f 1608/1758/1192 1607/1757/1192 1611/1761/1192 1612/1762/1192
f 1608/1758/1193 1612/1762/1193 1613/1763/1193 1609/1759/1193
f 1613/1763/1194 1614/1764/1194 1615/1765/1194 1609/1759/1194
f 1613/1763/1195 1612/1762/1195 1616/1766/1195 1617/1767/1195
f 1613/1763/1196 1617/1767/1196 1618/1768/1196 1614/1764/1196
f 1618/1768/1197 1619/1769/1197 1620/1770/1197 1614/1764/1197
f 1618/1768/1198 1617/1767/1198 1621/1771/1198 1622/1772/1198
f 1618/1768/1199 1622/1772/1199 1623/1773/1199 1619/1769/1199
f 1623/1773/1200 1624/1774/1200 1625/1775/1200 1619/1769/1200
f 1623/1776/1201 1622/1777/1201 1626/1778/1201 1627/1779/1201
f 1623/1776/1202 1627/1779/1202 1628/1780/1202 1624/1781/1202
f 1628/1780/1203 1629/1782/1203 1630/1783/1203 1624/1781/1203
f 1628/1780/1204 1627/1779/1204 1631/1784/1204 1632/1785/1204
f 1628/1780/1205 1632/1785/1205 1633/1786/1205 1629/1782/1205
f 1633/1786/1206 1634/1787/1206 1635/1788/1206 1629/1782/1206
f 1633/1786/1207 1632/1785/1207 1636/1789/1207 1637/1790/1207
f 1633/1786/1208 1637/1790/1208 1638/1791/1208 1634/1787/1208
f 1638/1791/1209 1639/1792/1209 1640/1793/1209 1634/1787/1209
f 1638/1791/1210 1637/1790/1210 1641/1794/1210 1642/1795/1210
f 1638/1791/1211 1642/1795/1211 1643/1796/1211 1639/1792/1211
f 1643/1796/1212 1644/1797/1212 1645/1798/1212 1639/1792/1212
f 1643/1796/1213 1642/1795/1213 1646/1799/1213 1647/1800/1213
f 1643/1796/1214 1647/1800/1214 1648/1801/1214 1644/1797/1214
f 1648/1801/1215 1649/1802/1215 1650/1803/1215 1644/1797/1215
f 1648/1801/1216 1647/1800/1216 1651/1804/1216 1652/1805/1216
f 1648/1801/1217 1652/1805/1217 1653/1806/1217 1649/1802/1217
f 1653/1806/1218 1654/1807/1218 1655/1808/1218 1649/1802/1218
f 1653/1806/1219 1652/1805/1219 1656/1809/1219 1657/1810/1219
f 1653/1806/1220 1657/1810/1220 1658/1811/1220 1654/1807/1220
f 1658/1811/1221 1659/1812/1221 1660/1813/1221 1654/1807/1221
f 1658/1811/1222 1657/1810/1222 1661/1814/1222 1662/1815/1222
f 1658/1811/1223 1662/1815/1223 1663/1816/1223 1659/1812/1223
f 1663/1816/1224 1664/1817/1224 1665/1818/1224 1659/1812/1224
f 1663/1819/1225 1662/1820/1225 1666/1821/1225 1667/1822/1225
f 1663/1819/1226 1667/1822/1226 1668/1823/1226 1664/1824/1226
f 1668/1823/1227 1669/1825/1227 1670/1826/1227 1664/1824/1227
f 1668/1823/1228 1667/1822/1228 1671/1827/1228 1672/1828/1228
f 1668/1823/1229 1672/1828/1229 1673/1829/1229 1669/1825/1229
f 1673/1829/1230 1674/1830/1230 1675/1831/1230 1669/1825/1230
f 1673/1829/1231 1672/1828/1231 1676/1832/1231 1677/1833/1231
f 1673/1829/1232 1677/1833/1232 1678/1834/1232 1674/1830/1232
f 1678/1834/1233 1679/1835/1233 1680/1836/1233 1674/1830/1233
f 1678/1834/1234 1677/1833/1234 1681/1837/1234 1682/1838/1234
f 1678/1834/1235 1682/1838/1235 1683/1839/1235 1679/1835/1235
f 1683/1839/1236 1684/1840/1236 1685/1841/1236 1679/1835/1236
f 1683/1839/1237 1682/1838/1237 1686/1842/1237 1687/1843/1237
f 1683/1839/1238 1687/1843/1238 1688/1844/1238 1684/1840/1238
f 1688/1844/1239 1689/1845/1239 1690/1846/1239 1684/1840/1239
f 1688/1844/1240 1687/1843/1240 1691/1847/1240 1692/1848/1240
f 1688/1844/1241 1692/1848/1241 1693/1849/1241 1689/1845/1241
f 1693/1849/1242 1694/1850/1242 1695/1851/1242 1689/1845/1242
f 1693/1849/1243 1692/1848/1243 1696/1852/1243 1697/1853/1243
f 1693/1849/1244 1697/1853/1244 1698/1854/1244 1694/1850/1244
f 1698/1854/1245 1699/1855/1245 1700/1856/1245 1694/1850/1245
f 1698/1854/1246 1697/1853/1246 1701/1857/1246 1702/1858/1246
f 1698/1854/1247 1702/1858/1247 1703/1859/1247 1699/1855/1247
f 1703/1859/1248 1704/1860/1248 1705/1861/1248 1699/1855/1248
f 1703/1859/1249 1702/1858/1249 1706/1862/1249 1707/1863/1249
f 1703/1859/1250 1707/1863/1250 1708/1864/1250 1704/1860/1250
f 1708/1864/1251 1709/1865/1251 1710/1866/1251 1704/1860/1251
f 1708/1864/1252 1707/1863/1252 1711/1867/1252 1712/1868/1252
f 1708/1864/1253 1712/1868/1253 1713/1869/1253 1709/1865/1253
f 1713/1869/1254 1714/1870/1254 1715/1871/1254 1709/1865/1254
f 1713/1869/1255 1712/1868/1255 1716/1872/1255 1717/1873/1255
f 1713/1869/1256 1717/1873/1256 1718/1874/1256 1714/1870/1256
f 1718/1874/1257 1719/1875/1257 1720/1876/1257 1714/1870/1257
f 1718/1874/1258 1717/1873/1258 1721/1877/1258 1722/1878/1258
f 1718/1874/1259 1722/1878/1259 1723/1879/1259 1719/1875/1259
f 1723/1879/1260 1724/1880/1260 1725/1881/1260 1719/1875/1260
f 1723/1879/1261 1722/1878/1261 1726/1882/1261 1727/1883/1261
f 1723/1879/1262 1727/1883/1262 1728/1884/1262 1724/1880/1262
f 1728/1884/1263 1729/1885/1263 1730/1886/1263 1724/1880/1263
f 1728/1884/1264 1727/1883/1264 1731/1887/1264 1732/1888/1264
f 1728/1884/1265 1732/1888/1265 1733/1889/1265 1729/1885/1265
f 1733/1889/1266 1734/1890/1266 1735/1891/1266 1729/1885/1266
f 1733/1889/1267 1732/1888/1267 1736/1892/1267 1737/1893/1267
f 1733/1889/1268 1737/1893/1268 1738/1894/1268 1734/1890/1268
f 1738/1894/1269 1739/1895/1269 1740/1896/1269 1734/1890/1269
f 1738/1894/1270 1737/1893/1270 1741/1897/1270 1742/1898/1270
f 1738/1894/1271 1742/1898/1271 1743/1899/1271 1739/1895/1271
f 1743/1899/1272 1744/1900/1272 1745/1901/1272 1739/1895/1272
f 1743/1902/1273 1742/1903/1273 1746/1904/1273 1747/1905/1273
f 1743/1902/1274 1747/1905/1274 1748/1906/1274 1744/1907/1274
f 1748/1906/1275 1749/1908/1275 1750/1909/1275 1744/1907/1275
f 1748/1906/1276 1747/1905/1276 1751/1910/1276 1752/1911/1276
f 1748/1906/1277 1752/1911/1277 1753/1912/1277 1749/1908/1277
f 1753/1912/1278 1754/1913/1278 1755/1914/1278 1749/1908/1278
f 1753/1912/1279 1752/1911/1279 1756/1915/1279 1757/1916/1279
f 1753/1912/1280 1757/1916/1280 1758/1917/1280 1754/1913/1280
f 1758/1917/1281 1759/1918/1281 1760/1919/1281 1754/1913/1281
f 1758/1917/1282 1757/1916/1282 1761/1920/1282 1762/1921/1282
f 1758/1917/1283 1762/1921/1283 1763/1922/1283 1759/1918/1283
f 1763/1922/1284 1764/1923/1284 1765/1924/1284 1759/1918/1284
f 1763/1922/1285 1762/1921/1285 1766/1925/1285 1767/1926/1285
f 1763/1922/1286 1767/1926/1286 1768/1927/1286 1764/1923/1286
f 1768/1927/1287 1769/1928/1287 1770/1929/1287 1764/1923/1287
f 1768/1927/1288 1767/1926/1288 1771/1930/1288 1772/1931/1288
f 1768/1927/1289 1772/1931/1289 1773/1932/1289 1769/1928/1289
f 1773/1932/1290 1774/1933/1290 1775/1934/1290 1769/1928/1290
f 1773/1932/1291 1772/1931/1291 1776/1935/1291 1777/1936/1291
f 1773/1932/1292 1777/1936/1292 1778/1937/1292 1774/1933/1292
f 1778/1937/1293 1779/1938/1293 1780/1939/1293 1774/1933/1293
f 1778/1937/1294 1777/1936/1294 1781/1940/1294 1782/1941/1294
f 1778/1937/1295 1782/1941/1295 1783/1942/1295 1779/1938/1295
f 1783/1942/1296 1784/1943/1296 1785/1944/1296 1779/1938/1296
f 1783/1942/1297 1782/1941/1297 1786/1945/1297 1787/1946/1297
f 1783/1942/1298 1787/1946/1298 1788/1947/1298 1784/1943/1298
f 1788/1947/1299 1789/1948/1299 1790/1949/1299 1784/1943/1299
f 1788/1947/1300 1787/1946/1300 1791/1950/1300 1792/1951/1300
f 1788/1947/1301 1792/1951/1301 1793/1952/1301 1789/1948/1301
f 1793/1952/1302 1794/1953/1302 1795/1954/1302 1789/1948/1302
f 1793/1952/1303 1792/1951/1303 1796/1955/1303 1797/1956/1303
f 1793/1952/1304 1797/1956/1304 1798/1957/1304 1794/1953/1304
f 1798/1957/1305 1799/1958/1305 1800/1959/1305 1794/1953/1305
f 1798/1957/1306 1797/1956/1306 1801/1960/1306 1802/1961/1306
f 1798/1957/1307 1802/1961/1307 1803/1962/1307 1799/1958/1307
f 1803/1962/1308 1804/1963/1308 1805/1964/1308 1799/1958/1308
f 1803/1962/1309 1802/1961/1309 1806/1965/1309 1807/1966/1309
f 1803/1962/1310 1807/1966/1310 1808/1967/1310 1804/1963/1310
f 1808/1967/1311 1809/1968/1311 1810/1969/1311 1804/1963/1311
f 1808/1967/1312 1807/1966/1312 1811/1970/1312 1812/1971/1312
f 1808/1967/1313 1812/1971/1313 1813/1972/1313 1809/1968/1313
f 1813/1972/1314 1814/1973/1314 1815/1974/1314 1809/1968/1314
f 1813/1975/1315 1812/1976/1315 1816/1977/1315 1817/1978/1315
f 1813/1975/1316 1817/1978/1316 1818/1979/1316 1814/1980/1316
f 1818/1979/1317 1819/1981/1317 1820/1982/1317 1814/1980/1317
f 1818/1979/1318 1817/1978/1318 1821/1983/1318 1822/1984/1318
f 1818/1979/1319 1822/1984/1319 1823/1985/1319 1819/1981/1319
f 1823/1985/1320 1824/1986/1320 1825/1987/1320 1819/1981/1320
f 1823/1985/1321 1822/1984/1321 1826/1988/1321 1827/1989/1321
f 1823/1985/1322 1827/1989/1322 1828/1990/1322 1824/1986/1322
f 1828/1990/1323 1829/1991/1323 1830/1992/1323 1824/1986/1323
f 1828/1990/1324 1827/1989/1324 1831/1993/1324 1832/1994/1324
f 1828/1990/1325 1832/1994/1325 1833/1995/1325 1829/1991/1325
f 1833/1995/1326 1834/1996/1326 1835/1997/1326 1829/1991/1326
f 1833/1995/1327 1832/1994/1327 1836/1998/1327 1837/1999/1327
f 1833/1995/1328 1837/1999/1328 1838/2000/1328 1834/1996/1328
f 1838/2000/1329 1839/2001/1329 1840/2002/1329 1834/1996/1329
f 1838/2000/1330 1837/1999/1330 1841/2003/1330 1842/2004/1330
f 1838/2000/1331 1842/2004/1331 1843/2005/1331 1839/2001/1331
f 1843/2005/1332 1844/2006/1332 1845/2007/1332 1839/2001/1332
f 1843/2005/1333 1842/2004/1333 1846/2008/1333 1847/2009/1333
f 1843/2005/1334 1847/2009/1334 1848/2010/1334 1844/2006/1334
f 1848/2010/1335 1849/2011/1335 1850/2012/1335 1844/2006/1335
f 1848/2010/1336 1847/2009/1336 1851/2013/1336 1852/2014/1336
f 1848/2010/1337 1852/2014/1337 1853/2015/1337 1849/2011/1337
f 1853/2015/1338 1854/2016/1338 1855/2017/1338 1849/2011/1338
f 1853/2018/1339 1852/2019/1339 1856/2020/1339 1857/2021/1339
f 1853/2018/1340 1857/2021/1340 1858/2022/1340 1854/2023/1340
f 1858/2022/1341 1859/2024/1341 1860/2025/1341 1854/2023/1341
f 1858/2022/1342 1857/2021/1342 1861/2026/1342 1862/2027/1342
f 1858/2022/1343 1862/2027/1343 1863/2028/1343 1859/2024/1343
f 1863/2028/1344 1864/2029/1344 1865/2030/1344 1859/2024/1344
f 1863/2028/1345 1862/2027/1345 1866/2031/1345 1867/2032/1345
f 1863/2028/1346 1867/2032/1346 1868/2033/1346 1864/2029/1346
f 1868/2033/1347 1869/2034/1347 1870/2035/1347 1864/2029/1347
f 1868/2033/1348 1867/2032/1348 1871/2036/1348 1872/2037/1348
f 1868/2033/1349 1872/2037/1349 1873/2038/1349 1869/2034/1349
f 1873/2038/1350 1874/2039/1350 1875/2040/1350 1869/2034/1350
f 1873/2038/1351 1872/2037/1351 1876/2041/1351 1877/2042/1351
f 1873/2038/1352 1877/2042/1352 1878/2043/1352 1874/2039/1352
f 1878/2043/1353 1879/2044/1353 1880/2045/1353 1874/2039/1353
f 1878/2043/1354 1877/2042/1354 1881/2046/1354 1882/2047/1354
f 1878/2043/1355 1882/2047/1355 1883/2048/1355 1879/2044/1355
f 1883/2048/1356 1884/2049/1356 1885/2050/1356 1879/2044/1356
f 1883/2048/1357 1882/2047/1357 1886/2051/1357 1887/2052/1357
f 1883/2048/1358 1887/2052/1358 1888/2053/1358 1884/2049/1358
f 1888/2053/1359 1889/2054/1359 1890/2055/1359 1884/2049/1359
f 1888/2053/1360 1887/2052/1360 1891/2056/1360 1892/2057/1360
f 1888/2053/1361 1892/2057/1361 1893/2058/1361 1889/2054/1361
f 1893/2058/1362 1894/2059/1362 1895/2060/1362 1889/2054/1362
f 1893/2058/1363 1892/2057/1363 1896/2061/1363 1897/2062/1363
f 1893/2058/1364 1897/2062/1364 1898/2063/1364 1894/2059/1364
f 1898/2063/1365 1899/2064/1365 1900/2065/1365 1894/2059/1365
f 1898/2063/1366 1897/2062/1366 1901/2066/1366 1902/2067/1366
f 1898/2063/1367 1902/2067/1367 1903/2068/1367 1899/2064/1367
f 1903/2068/1368 1904/2069/1368 1905/2070/1368 1899/2064/1368
f 1903/2068/1369 1902/2067/1369 1906/2071/1369 1907/2072/1369
f 1903/2068/1370 1907/2072/1370 1908/2073/1370 1904/2069/1370
f 1908/2073/1371 1909/2074/1371 1910/2075/1371 1904/2069/1371
f 1908/2073/1372 1907/2072/1372 1911/2076/1372 1912/2077/1372
f 1908/2073/1373 1912/2077/1373 1913/2078/1373 1909/2074/1373
f 1913/2078/1374 1914/2079/1374 1915/2080/1374 1909/2074/1374
f 1913/2078/1375 1912/2077/1375 1916/2081/1375 1917/2082/1375
f 1913/2078/1376 1917/2082/1376 1918/2083/1376 1914/2079/1376
f 1918/2083/1377 1919/2084/1377 1920/2085/1377 1914/2079/1377
f 1918/2086/1378 1917/2087/1378 1921/2088/1378 1922/2089/1378
f 1918/2086/1379 1922/2089/1379 1923/2090/1379 1919/2091/1379
f 1923/2090/1380 1924/2092/1380 1925/2093/1380 1919/2091/1380
f 1923/2090/1381 1922/2089/1381 1926/2094/1381 1927/2095/1381
f 1923/2090/1382 1927/2095/1382 1928/2096/1382 1924/2092/1382
f 1928/2096/1383 1185/1287/1383 1184/1286/1383 1924/2092/1383
f 1928/2096/1384 1927/2095/1384 1929/2097/1384 1930/2098/1384
f 1928/2096/1385 1930/2098/1385 1187/1289/1385 1185/1287/1385
f 1930/2098/1386 1929/2097/1386 1931/2099/1386 1932/2100/1386
f 1930/2098/1387 1932/2100/1387 1189/1291/1387 1187/1289/1387
f 1932/2100/1388 1931/2099/1388 1933/2101/1388 1934/2102/1388
f 1932/2100/1389 1934/2102/1389 1935/2103/1389 1189/1291/1389
f 1935/2103/1390 1193/1295/1390 1190/1292/1390 1189/1291/1390
f 1935/2103/1391 1934/2102/1391 1936/2104/1391 1937/2105/1391
f 1935/2103/1392 1937/2105/1392 1938/2106/1392 1193/1295/1392
f 1938/2106/1393 1198/1300/1393 1194/1296/1393 1193/1295/1393
f 1938/2106/1394 1937/2105/1394 1939/2107/1394 1940/2108/1394
f 1938/2106/1395 1940/2108/1395 1941/2109/1395 1198/1300/1395
f 1941/2109/1396 1203/1305/1396 1199/1301/1396 1198/1300/1396
f 1941/2109/1397 1940/2108/1397 1942/2110/1397 1943/2111/1397
f 1941/2109/1398 1943/2111/1398 1944/2112/1398 1203/1305/1398
f 1944/2112/1399 1208/1310/1399 1204/1306/1399 1203/1305/1399
f 1944/2112/1400 1943/2111/1400 1945/2113/1400 1946/2114/1400
f 1944/2112/1401 1946/2114/1401 1947/2115/1401 1208/1310/1401
f 1947/2115/1402 1213/1315/1402 1209/1311/1402 1208/1310/1402
f 1947/2115/1403 1946/2114/1403 1948/2116/1403 1949/2117/1403
f 1947/2115/1404 1949/2117/1404 1950/2118/1404 1213/1315/1404
f 1950/2118/1405 1218/1320/1405 1214/1316/1405 1213/1315/1405
f 1950/2118/1406 1949/2117/1406 1951/2119/1406 1952/2120/1406
f 1950/2118/1407 1952/2120/1407 1953/2121/1407 1218/1320/1407
f 1953/2121/1408 1223/2122/1408 1219/1321/1408 1218/1320/1408
f 1953/2121/1409 1952/2120/1409 1954/2123/1409 1955/2124/1409
f 1953/2121/1410 1955/2124/1410 1956/2125/1410 1223/2122/1410
f 1956/2126/1411 1228/1333/1411 1224/1329/1411 1223/1328/1411
f 1956/2126/1412 1955/2127/1412 1957/2128/1412 1958/2129/1412
f 1956/2126/1413 1958/2129/1413 1959/2130/1413 1228/1333/1413
f 1959/2130/1414 1233/1338/1414 1229/1334/1414 1228/1333/1414
f 1959/2130/1415 1958/2129/1415 1960/2131/1415 1961/2132/1415
f 1959/2130/1416 1961/2132/1416 1962/2133/1416 1233/1338/1416
f 1962/2133/1417 1961/2132/1417 1963/2134/1417 1964/2135/1417
f 1962/2133/1418 1964/2135/1418 1965/2136/1418 1238/1343/1418
f 1962/2133/1419 1238/1343/1419 1234/1339/1419 1233/1338/1419
f 1965/2136/1420 1964/2135/1420 1966/2137/1420 1967/2138/1420
f 1965/2136/1421 1967/2138/1421 1968/2139/1421 1243/1348/1421
f 1965/2136/1422 1243/1348/1422 1239/1344/1422 1238/1343/1422
f 1968/2139/1423 1967/2138/1423 1969/2140/1423 1970/2141/1423
f 1968/2139/1424 1970/2141/1424 1971/2142/1424 1246/1351/1424
f 1968/2139/1425 1246/1351/1425 1244/1349/1425 1243/1348/1425
f 1971/2142/1426 1970/2141/1426 1972/2143/1426 1973/2144/1426
f 1971/2142/1427 1973/2144/1427 1974/2145/1427 1975/2146/1427
f 1971/2142/1428 1975/2146/1428 1247/1352/1428 1246/1351/1428
f 1975/2146/1429 1974/2145/1429 1976/2147/1429 1253/1358/1429
f 1975/2146/1430 1253/1358/1430 1248/1353/1430 1247/1352/1430
f 1976/2147/1431 1974/2145/1431 1977/2148/1431 1978/2149/1431
f 1976/2147/1432 1978/2149/1432 1979/2150/1432 1256/1361/1432
f 1976/2147/1433 1256/1361/1433 1254/1359/1433 1253/1358/1433
f 1979/2150/1434 1978/2149/1434 1980/2151/1434 1981/2152/1434
f 1979/2150/1435 1981/2152/1435 1982/2153/1435 1983/2154/1435
f 1979/2150/1436 1983/2154/1436 1257/1362/1436 1256/1361/1436
f 1983/2154/1437 1982/2153/1437 1984/2155/1437 1985/2156/1437
f 1983/2154/1438 1985/2156/1438 1258/1363/1438 1257/1362/1438
f 1985/2156/1439 1984/2155/1439 1986/2157/1439 1987/2158/1439
f 1985/2156/1440 1987/2158/1440 1260/1365/1440 1258/1363/1440
f 1987/2158/1441 1986/2157/1441 1988/2159/1441 1989/2160/1441
f 1987/2158/1442 1989/2160/1442 1262/1367/1442 1260/1365/1442
f 1989/2161/1443 1988/2162/1443 1990/2163/1443 1991/2164/1443
f 1989/2161/1444 1991/2164/1444 1264/2165/1444 1262/2166/1444
f 1991/2164/1445 1990/2163/1445 1296/1410/1445 1992/2167/1445
f 1991/2164/1446 1992/2167/1446 1266/1374/1446 1264/2165/1446
f 1992/2167/1447 1296/1410/1447 1294/1407/1447 1293/1406/1447
f 1992/2167/1448 1293/1406/1448 1268/1375/1448 1266/1374/1448
f 1990/2163/1449 1988/2162/1449 1993/2168/1449 1299/1413/1449
f 1990/2163/1450 1299/1413/1450 1297/1411/1450 1296/1410/1450
f 1993/2169/1451 1988/2159/1451 1986/2157/1451 1994/2170/1451
f 1993/2168/1452 1994/2171/1452 1995/2172/1452 1302/1416/1452
f 1993/2168/1453 1302/1416/1453 1300/1414/1453 1299/1413/1453
f 1995/2173/1454 1994/2170/1454 1996/2174/1454 1997/2175/1454
f 1995/2173/1455 1997/2175/1455 1998/2176/1455 1305/2177/1455
f 1995/2172/1456 1305/1419/1456 1303/1417/1456 1302/1416/1456
f 1998/2176/1457 1997/2175/1457 1999/2178/1457 2000/2179/1457
f 1998/2176/1458 2000/2179/1458 2001/2180/1458 1308/1424/1458
f 1998/2176/1459 1308/1424/1459 1306/1423/1459 1305/2177/1459
f 2001/2180/1460 2000/2179/1460 2002/2181/1460 2003/2182/1460
f 2001/2180/1461 2003/2182/1461 2004/2183/1461 1311/1428/1461
f 2001/2180/1462 1311/1428/1462 1309/1425/1462 1308/1424/1462
f 2004/2183/1463 2003/2182/1463 2005/2184/1463 2006/2185/1463
f 2004/2183/1464 2006/2185/1464 2007/2186/1464 1314/1431/1464
f 2004/2183/1465 1314/1431/1465 1312/1429/1465 1311/1428/1465
f 2007/2186/1466 2006/2185/1466 2008/2187/1466 2009/2188/1466
f 2007/2186/1467 2009/2188/1467 2010/2189/1467 1317/1434/1467
f 2007/2186/1468 1317/1434/1468 1315/1432/1468 1314/1431/1468
f 2010/2189/1469 2009/2188/1469 2011/2190/1469 2012/2191/1469
f 2010/2189/1470 2012/2191/1470 2013/2192/1470 1320/1437/1470
f 2010/2189/1471 1320/1437/1471 1318/1435/1471 1317/1434/1471
f 2013/2192/1472 2012/2191/1472 2014/2193/1472 2015/2194/1472
f 2013/2192/1473 2015/2194/1473 2016/2195/1473 1323/1440/1473
f 2013/2192/1474 1323/1440/1474 1321/1438/1474 1320/1437/1474
f 2016/2195/1475 2015/2194/1475 2017/2196/1475 2018/2197/1475
f 2016/2195/1476 2018/2197/1476 2019/2198/1476 1326/1443/1476
f 2016/2195/1477 1326/1443/1477 1324/1441/1477 1323/1440/1477
f 2019/2198/1478 2018/2197/1478 2020/2199/1478 2021/2200/1478
f 2019/2198/1479 2021/2200/1479 2022/2201/1479 1329/1446/1479
f 2019/2198/1480 1329/1446/1480 1327/1444/1480 1326/1443/1480
f 2022/2201/1481 2021/2200/1481 2023/2202/1481 2024/2203/1481
f 2022/2201/1482 2024/2203/1482 2025/2204/1482 1332/1449/1482
f 2022/2201/1483 1332/1449/1483 1330/1447/1483 1329/1446/1483
f 2025/2204/1484 2024/2203/1484 2026/2205/1484 2027/2206/1484
f 2025/2204/1485 2027/2206/1485 2028/2207/1485 1335/1452/1485
f 2025/2204/1486 1335/1452/1486 1333/1450/1486 1332/1449/1486
f 2028/2207/1487 2027/2206/1487 2029/2208/1487 2030/2209/1487
f 2028/2207/1488 2030/2209/1488 2031/2210/1488 1338/1455/1488
f 2028/2207/1489 1338/1455/1489 1336/1453/1489 1335/1452/1489
f 2031/2210/1490 2030/2209/1490 2032/2211/1490 2033/2212/1490
f 2031/2210/1491 2033/2212/1491 2034/2213/1491 1341/1458/1491
f 2031/2210/1492 1341/1458/1492 1339/1456/1492 1338/1455/1492
f 2034/2213/1493 2033/2212/1493 2035/2214/1493 2036/2215/1493
f 2034/2213/1494 2036/2215/1494 2037/2216/1494 1344/1461/1494
f 2034/2213/1495 1344/1461/1495 1342/1459/1495 1341/1458/1495
f 2037/2217/1496 2036/2218/1496 2038/2219/1496 2039/2220/1496
f 2037/2217/1497 2039/2220/1497 2040/2221/1497 1347/2222/1497
f 2037/2216/1498 1347/1464/1498 1345/1462/1498 1344/1461/1498
f 2040/2221/1499 2039/2220/1499 2041/2223/1499 2042/2224/1499
f 2040/2221/1500 2042/2224/1500 2043/2225/1500 1350/1469/1500
f 2040/2221/1501 1350/1469/1501 1348/1468/1501 1347/2222/1501
f 2043/2225/1502 2042/2224/1502 2044/2226/1502 2045/2227/1502
f 2043/2225/1503 2045/2227/1503 2046/2228/1503 1353/1473/1503
f 2043/2225/1504 1353/1473/1504 1351/1470/1504 1350/1469/1504
f 2046/2228/1505 2045/2227/1505 2047/2229/1505 2048/2230/1505
f 2046/2228/1506 2048/2230/1506 2049/2231/1506 1356/1476/1506
f 2046/2228/1507 1356/1476/1507 1354/1474/1507 1353/1473/1507
f 2049/2231/1508 2048/2230/1508 2050/2232/1508 2051/2233/1508
f 2049/2231/1509 2051/2233/1509 2052/2234/1509 1359/1479/1509
f 2049/2231/1510 1359/1479/1510 1357/1477/1510 1356/1476/1510
f 2052/2234/1511 2051/2233/1511 2053/2235/1511 2054/2236/1511
f 2052/2234/1512 2054/2236/1512 2055/2237/1512 1362/1482/1512
f 2052/2234/1513 1362/1482/1513 1360/1480/1513 1359/1479/1513
f 2055/2237/1514 2054/2236/1514 2056/2238/1514 2057/2239/1514
f 2055/2237/1515 2057/2239/1515 2058/2240/1515 1365/1485/1515
f 2055/2237/1516 1365/1485/1516 1363/1483/1516 1362/1482/1516
f 2058/2240/1517 2057/2239/1517 2059/2241/1517 2060/2242/1517
f 2058/2240/1518 2060/2242/1518 2061/2243/1518 1368/1488/1518
f 2058/2240/1519 1368/1488/1519 1366/1486/1519 1365/1485/1519
f 2061/2243/1520 2060/2242/1520 2062/2244/1520 2063/2245/1520
f 2061/2243/1521 2063/2245/1521 2064/2246/1521 1371/1491/1521
f 2061/2243/1522 1371/1491/1522 1369/1489/1522 1368/1488/1522
f 2064/2246/1523 2063/2245/1523 2065/2247/1523 2066/2248/1523
f 2064/2246/1524 2066/2248/1524 2067/2249/1524 1374/1494/1524
f 2064/2246/1525 1374/1494/1525 1372/1492/1525 1371/1491/1525
f 2067/2249/1526 2066/2248/1526 2068/2250/1526 2069/2251/1526
f 2067/2249/1527 2069/2251/1527 2070/2252/1527 1377/1497/1527
f 2067/2249/1528 1377/1497/1528 1375/1495/1528 1374/1494/1528
f 2070/2252/1529 2069/2251/1529 2071/2253/1529 2072/2254/1529
f 2070/2252/1530 2072/2254/1530 2073/2255/1530 1380/1500/1530
f 2070/2252/1531 1380/1500/1531 1378/1498/1531 1377/1497/1531
f 2073/2255/1532 2072/2254/1532 2074/2256/1532 2075/2257/1532
f 2073/2255/1533 2075/2257/1533 2076/2258/1533 1383/1503/1533
f 2073/2255/1534 1383/1503/1534 1381/1501/1534 1380/1500/1534
f 2076/2258/1535 2075/2257/1535 2077/2259/1535 2078/2260/1535
f 2076/2258/1536 2078/2260/1536 2079/2261/1536 1386/1506/1536
f 2076/2258/1537 1386/1506/1537 1384/1504/1537 1383/1503/1537
f 2079/2261/1538 2078/2260/1538 2080/2262/1538 2081/2263/1538
f 2079/2261/1539 2081/2263/1539 2082/2264/1539 1389/1509/1539
f 2079/2261/1540 1389/1509/1540 1387/1507/1540 1386/1506/1540
f 2082/2264/1541 2081/2263/1541 2083/2265/1541 2084/2266/1541
f 2082/2264/1542 2084/2266/1542 2085/2267/1542 1392/1512/1542
f 2082/2264/1543 1392/1512/1543 1390/1510/1543 1389/1509/1543
f 2085/2268/1544 2084/2269/1544 2086/2270/1544 2087/2271/1544
f 2085/2268/1545 2087/2271/1545 2088/2272/1545 1395/2273/1545
f 2085/2267/1546 1395/1515/1546 1393/1513/1546 1392/1512/1546
f 2088/2272/1547 2087/2271/1547 2089/2274/1547 2090/2275/1547
f 2088/2272/1548 2090/2275/1548 2091/2276/1548 1398/1520/1548
f 2088/2272/1549 1398/1520/1549 1396/1519/1549 1395/2273/1549
f 2091/2276/1550 2090/2275/1550 2092/2277/1550 2093/2278/1550
f 2091/2276/1551 2093/2278/1551 2094/2279/1551 1401/1524/1551
f 2091/2276/1552 1401/1524/1552 1399/1521/1552 1398/1520/1552
f 2094/2279/1553 2093/2278/1553 2095/2280/1553 2096/2281/1553
f 2094/2279/1554 2096/2281/1554 2097/2282/1554 1404/1527/1554
f 2094/2279/1555 1404/1527/1555 1402/1525/1555 1401/1524/1555
f 2097/2282/1556 2096/2281/1556 2098/2283/1556 2099/2284/1556
f 2097/2282/1557 2099/2284/1557 2100/2285/1557 1407/1530/1557
f 2097/2282/1558 1407/1530/1558 1405/1528/1558 1404/1527/1558
f 2100/2285/1559 2099/2284/1559 2101/2286/1559 2102/2287/1559
f 2100/2285/1560 2102/2287/1560 2103/2288/1560 1410/1533/1560
f 2100/2285/1561 1410/1533/1561 1408/1531/1561 1407/1530/1561
f 2103/2288/1562 2102/2287/1562 2104/2289/1562 2105/2290/1562
f 2103/2288/1563 2105/2290/1563 2106/2291/1563 1413/2292/1563
f 2103/2288/1564 1413/2292/1564 1411/1534/1564 1410/1533/1564
f 2106/2291/1565 2105/2290/1565 2107/2293/1565 2108/2294/1565
f 2106/2295/1566 2108/2296/1566 2109/2297/1566 1416/1542/1566
f 2106/2295/1567 1416/1542/1567 1414/1540/1567 1413/1539/1567
f 2109/2298/1568 2108/2299/1568 2110/2300/1568 2111/2301/1568
f 2109/2298/1569 2111/2301/1569 2112/2302/1569 1419/2303/1569
f 2109/2297/1570 1419/1545/1570 1417/1543/1570 1416/1542/1570
f 2112/2302/1571 2111/2301/1571 2113/2304/1571 2114/2305/1571
f 2112/2302/1572 2114/2305/1572 2115/2306/1572 1422/1550/1572
f 2112/2302/1573 1422/1550/1573 1420/1549/1573 1419/2303/1573
f 2115/2306/1574 2114/2305/1574 2116/2307/1574 2117/2308/1574
f 2115/2306/1575 2117/2308/1575 2118/2309/1575 1425/1554/1575
f 2115/2306/1576 1425/1554/1576 1423/1551/1576 1422/1550/1576
f 2118/2309/1577 2117/2308/1577 2119/2310/1577 2120/2311/1577
f 2118/2309/1578 2120/2311/1578 2121/2312/1578 1428/1557/1578
f 2118/2309/1579 1428/1557/1579 1426/1555/1579 1425/1554/1579
f 2121/2312/1580 2120/2311/1580 2122/2313/1580 2123/2314/1580
f 2121/2312/1581 2123/2314/1581 2124/2315/1581 1431/1560/1581
f 2121/2312/1582 1431/1560/1582 1429/1558/1582 1428/1557/1582
f 2124/2315/1583 2123/2314/1583 2125/2316/1583 2126/2317/1583
f 2124/2315/1584 2126/2317/1584 2127/2318/1584 1434/1563/1584
f 2124/2315/1585 1434/1563/1585 1432/1561/1585 1431/1560/1585
f 2127/2318/1586 2126/2317/1586 2128/2319/1586 2129/2320/1586
f 2127/2318/1587 2129/2320/1587 2130/2321/1587 1437/1566/1587
f 2127/2318/1588 1437/1566/1588 1435/1564/1588 1434/1563/1588
f 2130/2321/1589 2129/2320/1589 2131/2322/1589 2132/2323/1589
f 2130/2321/1590 2132/2323/1590 2133/2324/1590 1440/1569/1590
f 2130/2321/1591 1440/1569/1591 1438/1567/1591 1437/1566/1591
f 2133/2324/1592 2132/2323/1592 2134/2325/1592 2135/2326/1592
f 2133/2324/1593 2135/2326/1593 2136/2327/1593 1443/1572/1593
f 2133/2324/1594 1443/1572/1594 1441/1570/1594 1440/1569/1594
f 2136/2327/1595 2135/2326/1595 2137/2328/1595 2138/2329/1595
f 2136/2327/1596 2138/2329/1596 2139/2330/1596 1446/1575/1596
f 2136/2327/1597 1446/1575/1597 1444/1573/1597 1443/1572/1597
f 2139/2330/1598 2138/2329/1598 2140/2331/1598 2141/2332/1598
f 2139/2330/1599 2141/2332/1599 2142/2333/1599 1449/1578/1599
f 2139/2330/1600 1449/1578/1600 1447/1576/1600 1446/1575/1600
f 2142/2333/1601 2141/2332/1601 2143/2334/1601 2144/2335/1601
f 2142/2333/1602 2144/2335/1602 2145/2336/1602 1452/1581/1602
f 2142/2333/1603 1452/1581/1603 1450/1579/1603 1449/1578/1603
f 2145/2336/1604 2144/2335/1604 2146/2337/1604 2147/2338/1604
f 2145/2336/1605 2147/2338/1605 2148/2339/1605 1455/1584/1605
f 2145/2336/1606 1455/1584/1606 1453/1582/1606 1452/1581/1606
f 2148/2339/1607 2147/2338/1607 2149/2340/1607 2150/2341/1607
f 2148/2339/1608 2150/2341/1608 2151/2342/1608 1458/1587/1608
f 2148/2339/1609 1458/1587/1609 1456/1585/1609 1455/1584/1609
f 2151/2343/1610 2150/2344/1610 2152/2345/1610 2153/2346/1610
f 2151/2343/1611 2153/2346/1611 2154/2347/1611 1461/2348/1611
f 2151/2342/1612 1461/1590/1612 1459/1588/1612 1458/1587/1612
f 2154/2347/1613 2153/2346/1613 2155/2349/1613 2156/2350/1613
f 2154/2347/1614 2156/2350/1614 2157/2351/1614 1464/1595/1614
f 2154/2347/1615 1464/1595/1615 1462/1594/1615 1461/2348/1615
f 2157/2351/1616 2156/2350/1616 2158/2352/1616 2159/2353/1616
f 2157/2351/1617 2159/2353/1617 2160/2354/1617 1467/1599/1617
f 2157/2351/1618 1467/1599/1618 1465/1596/1618 1464/1595/1618
f 2160/2354/1619 2159/2353/1619 2161/2355/1619 2162/2356/1619
f 2160/2354/1620 2162/2356/1620 2163/2357/1620 1470/1602/1620
f 2160/2354/1621 1470/1602/1621 1468/1600/1621 1467/1599/1621
f 2163/2357/1622 2162/2356/1622 2164/2358/1622 2165/2359/1622
f 2163/2357/1623 2165/2359/1623 2166/2360/1623 1473/1605/1623
f 2163/2357/1624 1473/1605/1624 1471/1603/1624 1470/1602/1624
f 2166/2360/1625 2165/2359/1625 2167/2361/1625 2168/2362/1625
f 2166/2360/1626 2168/2362/1626 2169/2363/1626 1476/1608/1626
f 2166/2360/1627 1476/1608/1627 1474/1606/1627 1473/1605/1627
f 2169/2363/1628 2168/2362/1628 2170/2364/1628 2171/2365/1628
f 2169/2363/1629 2171/2365/1629 2172/2366/1629 1479/1611/1629
f 2169/2363/1630 1479/1611/1630 1477/1609/1630 1476/1608/1630
f 2172/2366/1631 2171/2365/1631 2173/2367/1631 2174/2368/1631
f 2172/2366/1632 2174/2368/1632 2175/2369/1632 1482/1614/1632
f 2172/2366/1633 1482/1614/1633 1480/1612/1633 1479/1611/1633
f 2175/2369/1634 2174/2368/1634 2176/2370/1634 2177/2371/1634
f 2175/2369/1635 2177/2371/1635 2178/2372/1635 1485/1617/1635
f 2175/2369/1636 1485/1617/1636 1483/1615/1636 1482/1614/1636
f 2178/2372/1637 2177/2371/1637 2179/2373/1637 2180/2374/1637
f 2178/2372/1638 2180/2374/1638 2181/2375/1638 1488/1620/1638
f 2178/2372/1639 1488/1620/1639 1486/1618/1639 1485/1617/1639
f 2181/2375/1640 2180/2374/1640 2182/2376/1640 2183/2377/1640
f 2181/2375/1641 2183/2377/1641 2184/2378/1641 1491/1623/1641
f 2181/2375/1642 1491/1623/1642 1489/1621/1642 1488/1620/1642
f 2184/2378/1643 2183/2377/1643 2185/2379/1643 2186/2380/1643
f 2184/2378/1644 2186/2380/1644 2187/2381/1644 1494/1626/1644
f 2184/2378/1645 1494/1626/1645 1492/1624/1645 1491/1623/1645
f 2187/2381/1646 2186/2380/1646 2188/2382/1646 2189/2383/1646
f 2187/2381/1647 2189/2383/1647 2190/2384/1647 1497/1629/1647
f 2187/2381/1648 1497/1629/1648 1495/1627/1648 1494/1626/1648
f 2190/2385/1649 2189/2386/1649 2191/2387/1649 2192/2388/1649
f 2190/2385/1650 2192/2388/1650 2193/2389/1650 1500/2390/1650
f 2190/2384/1651 1500/1632/1651 1498/1630/1651 1497/1629/1651
f 2193/2389/1652 2192/2388/1652 2194/2391/1652 2195/2392/1652
f 2193/2389/1653 2195/2392/1653 2196/2393/1653 1503/1637/1653
f 2193/2389/1654 1503/1637/1654 1501/1636/1654 1500/2390/1654
f 2196/2393/1655 2195/2392/1655 2197/2394/1655 2198/2395/1655
f 2196/2393/1656 2198/2395/1656 2199/2396/1656 1506/1641/1656
f 2196/2393/1657 1506/1641/1657 1504/1638/1657 1503/1637/1657
f 2199/2396/1658 2198/2395/1658 2200/2397/1658 2201/2398/1658
f 2199/2396/1659 2201/2398/1659 2202/2399/1659 1509/1644/1659
f 2199/2396/1660 1509/1644/1660 1507/1642/1660 1506/1641/1660
f 2202/2399/1661 2201/2398/1661 2203/2400/1661 2204/2401/1661
f 2202/2399/1662 2204/2401/1662 2205/2402/1662 2206/2403/1662
f 2202/2399/1663 2206/2403/1663 1510/1645/1663 1509/1644/1663
f 2206/2403/1664 2205/2402/1664 1517/2404/1664 1515/1655/1664
f 2206/2403/1665 1515/1655/1665 1511/1646/1665 1510/1645/1665
f 2205/2402/1666 2204/2401/1666 2207/2405/1666 2208/2406/1666
f 2205/2402/1667 2208/2406/1667 2209/2407/1667 1517/2404/1667
f 2209/2407/1668 2208/2406/1668 2210/2408/1668 2211/2409/1668
f 2209/2410/1669 2211/2411/1669 2212/2412/1669 1520/1662/1669
f 2209/2410/1670 1520/1662/1670 1518/1660/1670 1517/1659/1670
f 2212/2412/1671 2211/2411/1671 2213/2413/1671 2214/2414/1671
f 2212/2412/1672 2214/2414/1672 2215/2415/1672 2216/2416/1672
f 2212/2412/1673 2216/2416/1673 1521/1663/1673 1520/1662/1673
f 2216/2416/1674 2215/2415/1674 2217/2417/1674 2218/2418/1674
f 2216/2416/1675 2218/2418/1675 1522/1664/1675 1521/1663/1675
f 2218/2418/1676 2217/2417/1676 2219/2419/1676 1531/1675/1676
f 2218/2418/1677 1531/1675/1677 1524/1666/1677 1522/1664/1677
f 2219/2419/1678 1536/1682/1678 1532/1676/1678 1531/1675/1678
f 2219/2419/1679 2217/2417/1679 2220/2420/1679 2221/2421/1679
f 2219/2419/1680 2221/2421/1680 2222/2422/1680 1536/1682/1680
f 2222/2422/1681 1541/2423/1681 1537/1683/1681 1536/1682/1681
f 2222/2422/1682 2221/2421/1682 2223/2424/1682 2224/2425/1682
f 2222/2422/1683 2224/2425/1683 2225/2426/1683 1541/2423/1683
f 2225/2427/1684 1546/1693/1684 1542/1689/1684 1541/1688/1684
f 2225/2426/1685 2224/2425/1685 2226/2428/1685 2227/2429/1685
f 2225/2427/1686 2227/2430/1686 2228/2431/1686 1546/1693/1686
f 2228/2431/1687 1551/1698/1687 1547/1694/1687 1546/1693/1687
f 2228/2432/1688 2227/2429/1688 2229/2433/1688 2230/2434/1688
f 2228/2431/1689 2230/2435/1689 2231/2436/1689 1551/1698/1689
f 2231/2436/1690 1556/1703/1690 1552/1699/1690 1551/1698/1690
f 2231/2436/1691 2230/2435/1691 2232/2437/1691 2233/2438/1691
f 2231/2436/1692 2233/2438/1692 2234/2439/1692 1556/1703/1692
f 2234/2439/1693 1561/1708/1693 1557/1704/1693 1556/1703/1693
f 2234/2439/1694 2233/2438/1694 2235/2440/1694 2236/2441/1694
f 2234/2439/1695 2236/2441/1695 2237/2442/1695 1561/1708/1695
f 2237/2442/1696 1566/1713/1696 1562/1709/1696 1561/1708/1696
f 2237/2442/1697 2236/2441/1697 2238/2443/1697 2239/2444/1697
f 2237/2442/1698 2239/2444/1698 2240/2445/1698 1566/1713/1698
f 2240/2445/1699 1571/1718/1699 1567/1714/1699 1566/1713/1699
f 2240/2445/1700 2239/2444/1700 2241/2446/1700 2242/2447/1700
f 2240/2445/1701 2242/2447/1701 2243/2448/1701 1571/1718/1701
f 2243/2448/1702 1576/1723/1702 1572/1719/1702 1571/1718/1702
f 2243/2448/1703 2242/2447/1703 2244/2449/1703 2245/2450/1703
f 2243/2448/1704 2245/2450/1704 2246/2451/1704 1576/1723/1704
f 2246/2451/1705 1581/2452/1705 1577/1724/1705 1576/1723/1705
f 2246/2451/1706 2245/2450/1706 2247/2453/1706 2248/2454/1706
f 2246/2455/1707 2248/2456/1707 2249/2457/1707 1581/1731/1707
f 2249/2457/1708 1586/1736/1708 1582/1732/1708 1581/1731/1708
f 2249/2457/1709 2248/2456/1709 2250/2458/1709 2251/2459/1709
f 2249/2457/1710 2251/2459/1710 2252/2460/1710 1586/1736/1710
f 2252/2460/1711 1591/1741/1711 1587/1737/1711 1586/1736/1711
f 2252/2460/1712 2251/2459/1712 2253/2461/1712 2254/2462/1712
f 2252/2460/1713 2254/2462/1713 2255/2463/1713 1591/1741/1713
f 2255/2463/1714 1596/1746/1714 1592/1742/1714 1591/1741/1714
f 2255/2463/1715 2254/2462/1715 2256/2464/1715 2257/2465/1715
f 2255/2463/1716 2257/2465/1716 2258/2466/1716 1596/1746/1716
f 2258/2466/1717 1601/1751/1717 1597/1747/1717 1596/1746/1717
f 2258/2466/1718 2257/2465/1718 2259/2467/1718 2260/2468/1718
f 2258/2466/1719 2260/2468/1719 2261/2469/1719 1601/1751/1719
f 2261/2469/1720 1606/1756/1720 1602/1752/1720 1601/1751/1720
f 2261/2469/1721 2260/2468/1721 2262/2470/1721 2263/2471/1721
f 2261/2469/1722 2263/2471/1722 2264/2472/1722 1606/1756/1722
f 2264/2472/1723 1611/1761/1723 1607/1757/1723 1606/1756/1723
f 2264/2472/1724 2263/2471/1724 2265/2473/1724 2266/2474/1724
f 2264/2472/1725 2266/2474/1725 2267/2475/1725 1611/1761/1725
f 2267/2475/1726 1616/1766/1726 1612/1762/1726 1611/1761/1726
f 2267/2476/1727 2266/2477/1727 2268/2478/1727 2269/2479/1727
f 2267/2476/1728 2269/2479/1728 2270/2480/1728 1616/2481/1728
f 2270/2482/1729 1621/1771/1729 1617/1767/1729 1616/1766/1729
f 2270/2480/1730 2269/2479/1730 2271/2483/1730 2272/2484/1730
f 2270/2480/1731 2272/2484/1731 2273/2485/1731 1621/2486/1731
f 2273/2485/1732 1626/1778/1732 1622/1777/1732 1621/2486/1732
f 2273/2485/1733 2272/2484/1733 2274/2487/1733 2275/2488/1733
f 2273/2485/1734 2275/2488/1734 2276/2489/1734 1626/1778/1734
f 2276/2489/1735 1631/1784/1735 1627/1779/1735 1626/1778/1735
f 2276/2489/1736 2275/2488/1736 2277/2490/1736 2278/2491/1736
f 2276/2489/1737 2278/2491/1737 2279/2492/1737 1631/1784/1737
f 2279/2492/1738 1636/1789/1738 1632/1785/1738 1631/1784/1738
f 2279/2492/1739 2278/2491/1739 2280/2493/1739 2281/2494/1739
f 2279/2492/1740 2281/2494/1740 2282/2495/1740 1636/1789/1740
f 2282/2495/1741 1641/1794/1741 1637/1790/1741 1636/1789/1741
f 2282/2495/1742 2281/2494/1742 2283/2496/1742 2284/2497/1742
f 2282/2495/1743 2284/2497/1743 2285/2498/1743 1641/1794/1743
f 2285/2498/1744 1646/1799/1744 1642/1795/1744 1641/1794/1744
f 2285/2498/1745 2284/2497/1745 2286/2499/1745 2287/2500/1745
f 2285/2498/1746 2287/2500/1746 2288/2501/1746 1646/1799/1746
f 2288/2501/1747 1651/1804/1747 1647/1800/1747 1646/1799/1747
f 2288/2501/1748 2287/2500/1748 2289/2502/1748 2290/2503/1748
f 2288/2501/1749 2290/2503/1749 2291/2504/1749 1651/1804/1749
f 2291/2504/1750 1656/1809/1750 1652/1805/1750 1651/1804/1750
f 2291/2504/1751 2290/2503/1751 2292/2505/1751 2293/2506/1751
f 2291/2504/1752 2293/2506/1752 2294/2507/1752 1656/1809/1752
f 2294/2507/1753 1661/1814/1753 1657/1810/1753 1656/1809/1753
f 2294/2508/1754 2293/2509/1754 2295/2510/1754 2296/2511/1754
f 2294/2508/1755 2296/2511/1755 2297/2512/1755 1661/2513/1755
f 2297/2512/1756 1666/1821/1756 1662/1820/1756 1661/2513/1756
f 2297/2512/1757 2296/2511/1757 2298/2514/1757 2299/2515/1757
f 2297/2512/1758 2299/2515/1758 2300/2516/1758 1666/1821/1758
f 2300/2516/1759 1671/1827/1759 1667/1822/1759 1666/1821/1759
f 2300/2516/1760 2299/2515/1760 2301/2517/1760 2302/2518/1760
f 2300/2516/1761 2302/2518/1761 2303/2519/1761 1671/1827/1761
f 2303/2519/1762 1676/1832/1762 1672/1828/1762 1671/1827/1762
f 2303/2519/1763 2302/2518/1763 2304/2520/1763 2305/2521/1763
f 2303/2519/1764 2305/2521/1764 2306/2522/1764 1676/1832/1764
f 2306/2522/1765 1681/1837/1765 1677/1833/1765 1676/1832/1765
f 2306/2522/1766 2305/2521/1766 2307/2523/1766 2308/2524/1766
f 2306/2522/1767 2308/2524/1767 2309/2525/1767 1681/1837/1767
f 2309/2525/1768 1686/1842/1768 1682/1838/1768 1681/1837/1768
f 2309/2525/1769 2308/2524/1769 2310/2526/1769 2311/2527/1769
f 2309/2525/1770 2311/2527/1770 2312/2528/1770 1686/1842/1770
f 2312/2528/1771 1691/1847/1771 1687/1843/1771 1686/1842/1771
f 2312/2528/1772 2311/2527/1772 2313/2529/1772 2314/2530/1772
f 2312/2528/1773 2314/2530/1773 2315/2531/1773 1691/1847/1773
f 2315/2531/1774 1696/1852/1774 1692/1848/1774 1691/1847/1774
f 2315/2531/1775 2314/2530/1775 2316/2532/1775 2317/2533/1775
f 2315/2531/1776 2317/2533/1776 2318/2534/1776 1696/1852/1776
f 2318/2534/1777 1701/1857/1777 1697/1853/1777 1696/1852/1777
f 2318/2534/1778 2317/2533/1778 2319/2535/1778 2320/2536/1778
f 2318/2534/1779 2320/2536/1779 2321/2537/1779 1701/1857/1779
f 2321/2537/1780 1706/1862/1780 1702/1858/1780 1701/1857/1780
f 2321/2537/1781 2320/2536/1781 2322/2538/1781 2323/2539/1781
f 2321/2537/1782 2323/2539/1782 2324/2540/1782 1706/1862/1782
f 2324/2540/1783 1711/1867/1783 1707/1863/1783 1706/1862/1783
f 2324/2540/1784 2323/2539/1784 2325/2541/1784 2326/2542/1784
f 2324/2540/1785 2326/2542/1785 2327/2543/1785 1711/1867/1785
f 2327/2543/1786 1716/1872/1786 1712/1868/1786 1711/1867/1786
f 2327/2543/1787 2326/2542/1787 2328/2544/1787 2329/2545/1787
f 2327/2543/1788 2329/2545/1788 2330/2546/1788 1716/1872/1788
f 2330/2546/1789 1721/1877/1789 1717/1873/1789 1716/1872/1789
f 2330/2546/1790 2329/2545/1790 2331/2547/1790 2332/2548/1790
f 2330/2546/1791 2332/2548/1791 2333/2549/1791 1721/1877/1791
f 2333/2549/1792 1726/1882/1792 1722/1878/1792 1721/1877/1792
f 2333/2549/1793 2332/2548/1793 2334/2550/1793 2335/2551/1793
f 2333/2549/1794 2335/2551/1794 2336/2552/1794 1726/1882/1794
f 2336/2552/1795 1731/1887/1795 1727/1883/1795 1726/1882/1795
f 2336/2552/1796 2335/2551/1796 2337/2553/1796 2338/2554/1796
f 2336/2552/1797 2338/2554/1797 2339/2555/1797 1731/1887/1797
f 2339/2555/1798 1736/1892/1798 1732/1888/1798 1731/1887/1798
f 2339/2555/1799 2338/2554/1799 2340/2556/1799 2341/2557/1799
f 2339/2555/1800 2341/2557/1800 2342/2558/1800 1736/1892/1800
f 2342/2558/1801 1741/1897/1801 1737/1893/1801 1736/1892/1801
f 2342/2559/1802 2341/2560/1802 2343/2561/1802 2344/2562/1802
f 2342/2559/1803 2344/2562/1803 2345/2563/1803 1741/2564/1803
f 2345/2563/1804 1746/1904/1804 1742/1903/1804 1741/2564/1804
f 2345/2563/1805 2344/2562/1805 2346/2565/1805 2347/2566/1805
f 2345/2563/1806 2347/2566/1806 2348/2567/1806 1746/1904/1806
f 2348/2567/1807 1751/1910/1807 1747/1905/1807 1746/1904/1807
f 2348/2567/1808 2347/2566/1808 2349/2568/1808 2350/2569/1808
f 2348/2567/1809 2350/2569/1809 2351/2570/1809 1751/1910/1809
f 2351/2570/1810 1756/1915/1810 1752/1911/1810 1751/1910/1810
f 2351/2570/1811 2350/2569/1811 2352/2571/1811 2353/2572/1811
f 2351/2570/1812 2353/2572/1812 2354/2573/1812 1756/1915/1812
f 2354/2573/1813 1761/1920/1813 1757/1916/1813 1756/1915/1813
f 2354/2573/1814 2353/2572/1814 2355/2574/1814 2356/2575/1814
f 2354/2573/1815 2356/2575/1815 2357/2576/1815 1761/1920/1815
f 2357/2576/1816 1766/1925/1816 1762/1921/1816 1761/1920/1816
f 2357/2576/1817 2356/2575/1817 2358/2577/1817 2359/2578/1817
f 2357/2576/1818 2359/2578/1818 2360/2579/1818 1766/1925/1818
f 2360/2579/1819 1771/1930/1819 1767/1926/1819 1766/1925/1819
f 2360/2579/1820 2359/2578/1820 2361/2580/1820 2362/2581/1820
f 2360/2579/1821 2362/2581/1821 2363/2582/1821 1771/1930/1821
f 2363/2582/1822 1776/1935/1822 1772/1931/1822 1771/1930/1822
f 2363/2582/1823 2362/2581/1823 2364/2583/1823 2365/2584/1823
f 2363/2582/1824 2365/2584/1824 2366/2585/1824 1776/1935/1824
f 2366/2585/1825 1781/1940/1825 1777/1936/1825 1776/1935/1825
f 2366/2585/1826 2365/2584/1826 2367/2586/1826 2368/2587/1826
f 2366/2585/1827 2368/2587/1827 2369/2588/1827 1781/1940/1827
f 2369/2588/1828 1786/1945/1828 1782/1941/1828 1781/1940/1828
f 2369/2588/1829 2368/2587/1829 2370/2589/1829 2371/2590/1829
f 2369/2588/1830 2371/2590/1830 2372/2591/1830 1786/1945/1830
f 2372/2591/1831 1791/1950/1831 1787/1946/1831 1786/1945/1831
f 2372/2591/1832 2371/2590/1832 2373/2592/1832 2374/2593/1832
f 2372/2591/1833 2374/2593/1833 2375/2594/1833 1791/1950/1833
f 2375/2594/1834 1796/1955/1834 1792/1951/1834 1791/1950/1834
f 2375/2594/1835 2374/2593/1835 2376/2595/1835 2377/2596/1835
f 2375/2594/1836 2377/2596/1836 2378/2597/1836 1796/1955/1836
f 2378/2597/1837 1801/1960/1837 1797/1956/1837 1796/1955/1837
f 2378/2597/1838 2377/2596/1838 2379/2598/1838 2380/2599/1838
f 2378/2597/1839 2380/2599/1839 2381/2600/1839 1801/1960/1839
f 2381/2600/1840 1806/1965/1840 1802/1961/1840 1801/1960/1840
f 2381/2601/1841 2380/2602/1841 2382/2603/1841 2383/2604/1841
f 2381/2601/1842 2383/2604/1842 2384/2605/1842 1806/2606/1842
f 2384/2607/1843 1811/1970/1843 1807/1966/1843 1806/1965/1843
f 2384/2605/1844 2383/2604/1844 2385/2608/1844 2386/2609/1844
f 2384/2605/1845 2386/2609/1845 2387/2610/1845 1811/2611/1845
f 2387/2610/1846 1816/1977/1846 1812/1976/1846 1811/2611/1846
f 2387/2610/1847 2386/2609/1847 2388/2612/1847 2389/2613/1847
f 2387/2610/1848 2389/2613/1848 2390/2614/1848 1816/1977/1848
f 2390/2614/1849 1821/1983/1849 1817/1978/1849 1816/1977/1849
f 2390/2614/1850 2389/2613/1850 2391/2615/1850 2392/2616/1850
f 2390/2614/1851 2392/2616/1851 2393/2617/1851 1821/1983/1851
f 2393/2617/1852 1826/1988/1852 1822/1984/1852 1821/1983/1852
f 2393/2617/1853 2392/2616/1853 2394/2618/1853 2395/2619/1853
f 2393/2617/1854 2395/2619/1854 2396/2620/1854 1826/1988/1854
f 2396/2620/1855 1831/1993/1855 1827/1989/1855 1826/1988/1855
f 2396/2620/1856 2395/2619/1856 2397/2621/1856 2398/2622/1856
f 2396/2620/1857 2398/2622/1857 2399/2623/1857 1831/1993/1857
f 2399/2623/1858 1836/1998/1858 1832/1994/1858 1831/1993/1858
f 2399/2623/1859 2398/2622/1859 2400/2624/1859 2401/2625/1859
f 2399/2623/1860 2401/2625/1860 2402/2626/1860 1836/1998/1860
f 2402/2626/1861 1841/2003/1861 1837/1999/1861 1836/1998/1861
f 2402/2626/1862 2401/2625/1862 2403/2627/1862 2404/2628/1862
f 2402/2626/1863 2404/2628/1863 2405/2629/1863 1841/2003/1863
f 2405/2629/1864 1846/2008/1864 1842/2004/1864 1841/2003/1864
f 2405/2629/1865 2404/2628/1865 2406/2630/1865 2407/2631/1865
f 2405/2629/1866 2407/2631/1866 2408/2632/1866 1846/2008/1866
f 2408/2632/1867 1851/2013/1867 1847/2009/1867 1846/2008/1867
f 2408/2633/1868 2407/2634/1868 2409/2635/1868 2410/2636/1868
f 2408/2633/1869 2410/2636/1869 2411/2637/1869 1851/2638/1869
f 2411/2637/1870 1856/2020/1870 1852/2019/1870 1851/2638/1870
f 2411/2637/1871 2410/2636/1871 2412/2639/1871 2413/2640/1871
f 2411/2637/1872 2413/2640/1872 2414/2641/1872 1856/2020/1872
f 2414/2641/1873 1861/2026/1873 1857/2021/1873 1856/2020/1873
f 2414/2641/1874 2413/2640/1874 2415/2642/1874 2416/2643/1874
f 2414/2641/1875 2416/2643/1875 2417/2644/1875 1861/2026/1875
f 2417/2644/1876 1866/2031/1876 1862/2027/1876 1861/2026/1876
f 2417/2644/1877 2416/2643/1877 2418/2645/1877 2419/2646/1877
f 2417/2644/1878 2419/2646/1878 2420/2647/1878 1866/2031/1878
f 2420/2647/1879 1871/2036/1879 1867/2032/1879 1866/2031/1879
f 2420/2647/1880 2419/2646/1880 2421/2648/1880 2422/2649/1880
f 2420/2647/1881 2422/2649/1881 2423/2650/1881 1871/2036/1881
f 2423/2650/1882 1876/2041/1882 1872/2037/1882 1871/2036/1882
f 2423/2650/1883 2422/2649/1883 2424/2651/1883 2425/2652/1883
f 2423/2650/1884 2425/2652/1884 2426/2653/1884 1876/2041/1884
f 2426/2653/1885 1881/2046/1885 1877/2042/1885 1876/2041/1885
f 2426/2653/1886 2425/2652/1886 2427/2654/1886 2428/2655/1886
f 2426/2653/1887 2428/2655/1887 2429/2656/1887 1881/2046/1887
f 2429/2656/1888 1886/2051/1888 1882/2047/1888 1881/2046/1888
f 2429/2656/1889 2428/2655/1889 2430/2657/1889 2431/2658/1889
f 2429/2656/1890 2431/2658/1890 2432/2659/1890 1886/2051/1890
f 2432/2659/1891 1891/2056/1891 1887/2052/1891 1886/2051/1891
f 2432/2659/1892 2431/2658/1892 2433/2660/1892 2434/2661/1892
f 2432/2659/1893 2434/2661/1893 2435/2662/1893 1891/2056/1893
f 2435/2662/1894 1896/2061/1894 1892/2057/1894 1891/2056/1894
f 2435/2662/1895 2434/2661/1895 2436/2663/1895 2437/2664/1895
f 2435/2662/1896 2437/2664/1896 2438/2665/1896 1896/2061/1896
f 2438/2665/1897 1901/2066/1897 1897/2062/1897 1896/2061/1897
f 2438/2665/1898 2437/2664/1898 2439/2666/1898 2440/2667/1898
f 2438/2665/1899 2440/2667/1899 2441/2668/1899 1901/2066/1899
f 2441/2668/1900 1906/2071/1900 1902/2067/1900 1901/2066/1900
f 2441/2668/1901 2440/2667/1901 2442/2669/1901 2443/2670/1901
f 2441/2668/1902 2443/2670/1902 2444/2671/1902 1906/2071/1902
f 2444/2671/1903 1911/2076/1903 1907/2072/1903 1906/2071/1903
f 2444/2671/1904 2443/2670/1904 2445/2672/1904 2446/2673/1904
f 2444/2671/1905 2446/2673/1905 2447/2674/1905 1911/2076/1905
f 2447/2674/1906 1916/2081/1906 1912/2077/1906 1911/2076/1906
f 2447/2675/1907 2446/2676/1907 2448/2677/1907 2449/2678/1907
f 2447/2675/1908 2449/2678/1908 2450/2679/1908 1916/2680/1908
f 2450/2679/1909 1921/2088/1909 1917/2087/1909 1916/2680/1909
f 2450/2679/1910 2449/2678/1910 2451/2681/1910 2452/2682/1910
f 2450/2679/1911 2452/2682/1911 2453/2683/1911 1921/2088/1911
f 2453/2683/1912 1926/2094/1912 1922/2089/1912 1921/2088/1912
f 2453/2683/1913 2452/2682/1913 2454/2684/1913 2455/2685/1913
f 2453/2683/1914 2455/2685/1914 2456/2686/1914 1926/2094/1914
f 2456/2686/1915 1929/2097/1915 1927/2095/1915 1926/2094/1915
f 2456/2686/1916 2455/2685/1916 2457/2687/1916 2458/2688/1916
f 2456/2686/1917 2458/2688/1917 1931/2099/1917 1929/2097/1917
f 2458/2688/1918 2457/2687/1918 2459/2689/1918 2460/2690/1918
f 2458/2688/1919 2460/2690/1919 1933/2101/1919 1931/2099/1919
f 2460/2690/1920 2459/2689/1920 2461/2691/1920 2462/2692/1920
f 2460/2690/1921 2462/2692/1921 2463/2693/1921 1933/2101/1921
f 2463/2693/1922 1936/2104/1922 1934/2102/1922 1933/2101/1922
f 2463/2693/1923 2462/2692/1923 2464/2694/1923 2465/2695/1923
f 2463/2693/1924 2465/2695/1924 2466/2696/1924 1936/2104/1924
f 2466/2696/1925 1939/2107/1925 1937/2105/1925 1936/2104/1925
f 2466/2696/1926 2465/2695/1926 2467/2697/1926 2468/2698/1926
f 2466/2696/1927 2468/2698/1927 2469/2699/1927 1939/2107/1927
f 2469/2699/1928 1942/2110/1928 1940/2108/1928 1939/2107/1928
f 2469/2699/1929 2468/2698/1929 2470/2700/1929 2471/2701/1929
f 2469/2699/1930 2471/2701/1930 2472/2702/1930 1942/2110/1930
f 2472/2702/1931 1945/2113/1931 1943/2111/1931 1942/2110/1931
f 2472/2702/1932 2471/2701/1932 2473/2703/1932 2474/2704/1932
f 2472/2702/1933 2474/2704/1933 2475/2705/1933 1945/2113/1933
f 2475/2705/1934 1948/2116/1934 1946/2114/1934 1945/2113/1934
f 2475/2705/1935 2474/2704/1935 2476/2706/1935 2477/2707/1935
f 2475/2705/1936 2477/2707/1936 2478/2708/1936 1948/2116/1936
f 2478/2708/1937 1951/2119/1937 1949/2117/1937 1948/2116/1937
f 2478/2708/1938 2477/2707/1938 2479/2709/1938 2480/2710/1938
f 2478/2708/1939 2480/2710/1939 2481/2711/1939 1951/2119/1939
f 2481/2711/1940 1954/2123/1940 1952/2120/1940 1951/2119/1940
f 2481/2711/1941 2480/2710/1941 2482/2712/1941 2483/2713/1941
f 2481/2711/1942 2483/2713/1942 2484/2714/1942 1954/2123/1942
f 2484/2715/1943 1957/2128/1943 1955/2127/1943 1954/2716/1943
f 2484/2715/1944 2483/2717/1944 28/2718/1944 2485/2719/1944
f 2484/2715/1945 2485/2719/1945 2486/2720/1945 1957/2128/1945
f 2486/2720/1946 2485/2719/1946 2487/2721/1946 2488/2722/1946
f 2486/2720/1947 2488/2722/1947 2489/2723/1947 1960/2131/1947
f 2486/2720/1948 1960/2131/1948 1958/2129/1948 1957/2128/1948
f 2489/2723/1949 2488/2722/1949 2490/2724/1949 2491/2725/1949
f 2489/2723/1950 2491/2725/1950 2492/2726/1950 1963/2134/1950
f 2489/2723/1951 1963/2134/1951 1961/2132/1951 1960/2131/1951
f 2492/2726/1952 2491/2725/1952 2493/2727/1952 2494/2728/1952
f 2492/2726/1953 2494/2728/1953 2495/2729/1953 1966/2137/1953
f 2492/2726/1954 1966/2137/1954 1964/2135/1954 1963/2134/1954
f 2495/2729/1955 2494/2728/1955 2496/2730/1955 2497/2731/1955
f 2495/2729/1956 2497/2731/1956 2498/2732/1956 1969/2140/1956
f 2495/2729/1957 1969/2140/1957 1967/2138/1957 1966/2137/1957
f 2498/2732/1958 2497/2731/1958 2499/2733/1958 2500/2734/1958
f 2498/2732/1959 2500/2734/1959 2501/2735/1959 1972/2143/1959
f 2498/2732/1960 1972/2143/1960 1970/2141/1960 1969/2140/1960
f 2501/2735/1961 2500/2734/1961 2502/2736/1961 2503/2737/1961
f 2501/2735/1962 2503/2737/1962 2504/2738/1962 2505/2739/1962
f 2501/2735/1963 2505/2739/1963 1973/2144/1963 1972/2143/1963
f 2505/2739/1964 2504/2738/1964 2506/2740/1964 1977/2148/1964
f 2505/2739/1965 1977/2148/1965 1974/2145/1965 1973/2144/1965
f 2506/2740/1966 2504/2738/1966 2507/2741/1966 2508/2742/1966
f 2506/2740/1967 2508/2742/1967 2509/2743/1967 1980/2151/1967
f 2506/2740/1968 1980/2151/1968 1978/2149/1968 1977/2148/1968
f 2509/2743/1969 2508/2742/1969 2510/2744/1969 2511/2745/1969
f 2509/2743/1970 2511/2745/1970 2512/2746/1970 2513/2747/1970
f 2509/2743/1971 2513/2747/1971 1981/2152/1971 1980/2151/1971
f 2513/2747/1972 2512/2746/1972 1999/2178/1972 2514/2748/1972
f 2513/2747/1973 2514/2748/1973 1982/2153/1973 1981/2152/1973
f 2514/2748/1974 1999/2178/1974 1997/2175/1974 1996/2174/1974
f 2514/2748/1975 1996/2174/1975 1984/2155/1975 1982/2153/1975
f 2512/2746/1976 2511/2745/1976 2515/2749/1976 2002/2181/1976
f 2512/2746/1977 2002/2181/1977 2000/2179/1977 1999/2178/1977
f 2515/2749/1978 2511/2745/1978 2510/2744/1978 2516/2750/1978
f 2515/2749/1979 2516/2750/1979 2517/2751/1979 2005/2184/1979
f 2515/2749/1980 2005/2184/1980 2003/2182/1980 2002/2181/1980
f 2517/2751/1981 2516/2750/1981 2518/2752/1981 2519/2753/1981
f 2517/2751/1982 2519/2753/1982 2520/2754/1982 2008/2187/1982
f 2517/2751/1983 2008/2187/1983 2006/2185/1983 2005/2184/1983
f 2520/2754/1984 2519/2753/1984 2521/2755/1984 2522/2756/1984
f 2520/2754/1985 2522/2756/1985 2523/2757/1985 2011/2190/1985
f 2520/2754/1986 2011/2190/1986 2009/2188/1986 2008/2187/1986
f 2523/2757/1987 2522/2756/1987 2524/2758/1987 2525/2759/1987
f 2523/2757/1988 2525/2759/1988 2526/2760/1988 2014/2193/1988
f 2523/2757/1989 2014/2193/1989 2012/2191/1989 2011/2190/1989
f 2526/2760/1990 2525/2759/1990 2527/2761/1990 2528/2762/1990
f 2526/2760/1991 2528/2762/1991 2529/2763/1991 2017/2196/1991
f 2526/2760/1992 2017/2196/1992 2015/2194/1992 2014/2193/1992
f 2529/2763/1993 2528/2762/1993 2530/2764/1993 2531/2765/1993
f 2529/2763/1994 2531/2765/1994 2532/2766/1994 2020/2199/1994
f 2529/2763/1995 2020/2199/1995 2018/2197/1995 2017/2196/1995
f 2532/2766/1996 2531/2765/1996 2533/2767/1996 2534/2768/1996
f 2532/2766/1997 2534/2768/1997 2535/2769/1997 2023/2202/1997
f 2532/2766/1998 2023/2202/1998 2021/2200/1998 2020/2199/1998
f 2535/2769/1999 2534/2768/1999 2536/2770/1999 2537/2771/1999
f 2535/2769/2000 2537/2771/2000 2538/2772/2000 2026/2205/2000
f 2535/2769/2001 2026/2205/2001 2024/2203/2001 2023/2202/2001
f 2538/2772/2002 2537/2771/2002 2539/2773/2002 2540/2774/2002
f 2538/2772/2003 2540/2774/2003 2541/2775/2003 2029/2208/2003
f 2538/2772/2004 2029/2208/2004 2027/2206/2004 2026/2205/2004
f 2541/2775/2005 2540/2774/2005 2542/2776/2005 2543/2777/2005
f 2541/2775/2006 2543/2777/2006 2544/2778/2006 2032/2211/2006
f 2541/2775/2007 2032/2211/2007 2030/2209/2007 2029/2208/2007
f 2544/2779/2008 2543/2780/2008 2545/2781/2008 2546/2782/2008
f 2544/2779/2009 2546/2782/2009 2547/2783/2009 2035/2784/2009
f 2544/2778/2010 2035/2214/2010 2033/2212/2010 2032/2211/2010
f 2547/2783/2011 2546/2782/2011 2548/2785/2011 2549/2786/2011
f 2547/2783/2012 2549/2786/2012 2550/2787/2012 2038/2219/2012
f 2547/2783/2013 2038/2219/2013 2036/2218/2013 2035/2784/2013
f 2550/2787/2014 2549/2786/2014 2551/2788/2014 2552/2789/2014
f 2550/2787/2015 2552/2789/2015 2553/2790/2015 2041/2223/2015
f 2550/2787/2016 2041/2223/2016 2039/2220/2016 2038/2219/2016
f 2553/2790/2017 2552/2789/2017 2554/2791/2017 2555/2792/2017
f 2553/2790/2018 2555/2792/2018 2556/2793/2018 2044/2226/2018
f 2553/2790/2019 2044/2226/2019 2042/2224/2019 2041/2223/2019
f 2556/2793/2020 2555/2792/2020 2557/2794/2020 2558/2795/2020
f 2556/2793/2021 2558/2795/2021 2559/2796/2021 2047/2229/2021
f 2556/2793/2022 2047/2229/2022 2045/2227/2022 2044/2226/2022
f 2559/2796/2023 2558/2795/2023 2560/2797/2023 2561/2798/2023
f 2559/2796/2024 2561/2798/2024 2562/2799/2024 2050/2232/2024
f 2559/2796/2025 2050/2232/2025 2048/2230/2025 2047/2229/2025
f 2562/2799/2026 2561/2798/2026 2563/2800/2026 2564/2801/2026
f 2562/2799/2027 2564/2801/2027 2565/2802/2027 2053/2235/2027
f 2562/2799/2028 2053/2235/2028 2051/2233/2028 2050/2232/2028
f 2565/2802/2029 2564/2801/2029 2566/2803/2029 2567/2804/2029
f 2565/2802/2030 2567/2804/2030 2568/2805/2030 2056/2238/2030
f 2565/2802/2031 2056/2238/2031 2054/2236/2031 2053/2235/2031
f 2568/2805/2032 2567/2804/2032 2569/2806/2032 2570/2807/2032
f 2568/2805/2033 2570/2807/2033 2571/2808/2033 2059/2241/2033
f 2568/2805/2034 2059/2241/2034 2057/2239/2034 2056/2238/2034
f 2571/2808/2035 2570/2807/2035 2572/2809/2035 2573/2810/2035
f 2571/2808/2036 2573/2810/2036 2574/2811/2036 2062/2244/2036
f 2571/2808/2037 2062/2244/2037 2060/2242/2037 2059/2241/2037
f 2574/2811/2038 2573/2810/2038 2575/2812/2038 2576/2813/2038
f 2574/2811/2039 2576/2813/2039 2577/2814/2039 2065/2247/2039
f 2574/2811/2040 2065/2247/2040 2063/2245/2040 2062/2244/2040
f 2577/2814/2041 2576/2813/2041 2578/2815/2041 2579/2816/2041
f 2577/2814/2042 2579/2816/2042 2580/2817/2042 2068/2250/2042
f 2577/2814/2043 2068/2250/2043 2066/2248/2043 2065/2247/2043
f 2580/2817/2044 2579/2816/2044 2581/2818/2044 2582/2819/2044
f 2580/2817/2045 2582/2819/2045 2583/2820/2045 2071/2253/2045
f 2580/2817/2046 2071/2253/2046 2069/2251/2046 2068/2250/2046
f 2583/2820/2047 2582/2819/2047 2584/2821/2047 2585/2822/2047
f 2583/2820/2048 2585/2822/2048 2586/2823/2048 2074/2256/2048
f 2583/2820/2049 2074/2256/2049 2072/2254/2049 2071/2253/2049
f 2586/2823/2050 2585/2822/2050 2587/2824/2050 2588/2825/2050
f 2586/2823/2051 2588/2825/2051 2589/2826/2051 2077/2259/2051
f 2586/2823/2052 2077/2259/2052 2075/2257/2052 2074/2256/2052
f 2589/2826/2053 2588/2825/2053 2590/2827/2053 2591/2828/2053
f 2589/2826/2054 2591/2828/2054 2592/2829/2054 2080/2262/2054
f 2589/2826/2055 2080/2262/2055 2078/2260/2055 2077/2259/2055
f 2592/2830/2056 2591/2831/2056 2593/2832/2056 2594/2833/2056
f 2592/2830/2057 2594/2833/2057 2595/2834/2057 2083/2835/2057
f 2592/2829/2058 2083/2265/2058 2081/2263/2058 2080/2262/2058
f 2595/2834/2059 2594/2833/2059 2596/2836/2059 2597/2837/2059
f 2595/2834/2060 2597/2837/2060 2598/2838/2060 2086/2270/2060
f 2595/2834/2061 2086/2270/2061 2084/2269/2061 2083/2835/2061
f 2598/2838/2062 2597/2837/2062 2599/2839/2062 2600/2840/2062
f 2598/2838/2063 2600/2840/2063 2601/2841/2063 2089/2274/2063
f 2598/2838/2064 2089/2274/2064 2087/2271/2064 2086/2270/2064
f 2601/2841/2065 2600/2840/2065 2602/2842/2065 2603/2843/2065
f 2601/2841/2066 2603/2843/2066 2604/2844/2066 2092/2277/2066
f 2601/2841/2067 2092/2277/2067 2090/2275/2067 2089/2274/2067
f 2604/2844/2068 2603/2843/2068 2605/2845/2068 2606/2846/2068
f 2604/2844/2069 2606/2846/2069 2607/2847/2069 2095/2280/2069
f 2604/2844/2070 2095/2280/2070 2093/2278/2070 2092/2277/2070
f 2607/2847/2071 2606/2846/2071 2608/2848/2071 2609/2849/2071
f 2607/2847/2072 2609/2849/2072 2610/2850/2072 2098/2283/2072
f 2607/2847/2073 2098/2283/2073 2096/2281/2073 2095/2280/2073
f 2610/2850/2074 2609/2849/2074 2611/2851/2074 2612/2852/2074
f 2610/2850/2075 2612/2852/2075 2613/2853/2075 2101/2286/2075
f 2610/2850/2076 2101/2286/2076 2099/2284/2076 2098/2283/2076
f 2613/2853/2077 2612/2852/2077 2614/2854/2077 2615/2855/2077
f 2613/2853/2078 2615/2855/2078 2616/2856/2078 2104/2289/2078
f 2613/2853/2079 2104/2289/2079 2102/2287/2079 2101/2286/2079
f 2616/2857/2080 2615/2858/2080 2617/2859/2080 2618/2860/2080
f 2616/2857/2081 2618/2860/2081 2619/2861/2081 2107/2862/2081
f 2616/2856/2082 2107/2293/2082 2105/2290/2082 2104/2289/2082
f 2619/2861/2083 2618/2860/2083 2620/2863/2083 2621/2864/2083
f 2619/2861/2084 2621/2864/2084 2622/2865/2084 2110/2300/2084
f 2619/2861/2085 2110/2300/2085 2108/2299/2085 2107/2862/2085
f 2622/2865/2086 2621/2864/2086 2623/2866/2086 2624/2867/2086
f 2622/2865/2087 2624/2867/2087 2625/2868/2087 2113/2304/2087
f 2622/2865/2088 2113/2304/2088 2111/2301/2088 2110/2300/2088
f 2625/2868/2089 2624/2867/2089 2626/2869/2089 2627/2870/2089
f 2625/2868/2090 2627/2870/2090 2628/2871/2090 2116/2307/2090
f 2625/2868/2091 2116/2307/2091 2114/2305/2091 2113/2304/2091
f 2628/2871/2092 2627/2870/2092 2629/2872/2092 2630/2873/2092
f 2628/2871/2093 2630/2873/2093 2631/2874/2093 2119/2310/2093
f 2628/2871/2094 2119/2310/2094 2117/2308/2094 2116/2307/2094
f 2631/2874/2095 2630/2873/2095 2632/2875/2095 2633/2876/2095
f 2631/2874/2096 2633/2876/2096 2634/2877/2096 2122/2313/2096
f 2631/2874/2097 2122/2313/2097 2120/2311/2097 2119/2310/2097
f 2634/2877/2098 2633/2876/2098 2635/2878/2098 2636/2879/2098
f 2634/2877/2099 2636/2879/2099 2637/2880/2099 2125/2316/2099
f 2634/2877/2100 2125/2316/2100 2123/2314/2100 2122/2313/2100
f 2637/2880/2101 2636/2879/2101 2638/2881/2101 2639/2882/2101
f 2637/2880/2102 2639/2882/2102 2640/2883/2102 2128/2319/2102
f 2637/2880/2103 2128/2319/2103 2126/2317/2103 2125/2316/2103
f 2640/2883/2104 2639/2882/2104 2641/2884/2104 2642/2885/2104
f 2640/2883/2105 2642/2885/2105 2643/2886/2105 2131/2322/2105
f 2640/2883/2106 2131/2322/2106 2129/2320/2106 2128/2319/2106
f 2643/2886/2107 2642/2885/2107 2644/2887/2107 2645/2888/2107
f 2643/2886/2108 2645/2888/2108 2646/2889/2108 2134/2325/2108
f 2643/2886/2109 2134/2325/2109 2132/2323/2109 2131/2322/2109
f 2646/2889/2110 2645/2888/2110 2647/2890/2110 2648/2891/2110
f 2646/2889/2111 2648/2891/2111 2649/2892/2111 2137/2328/2111
f 2646/2889/2112 2137/2328/2112 2135/2326/2112 2134/2325/2112
f 2649/2892/2113 2648/2891/2113 2650/2893/2113 2651/2894/2113
f 2649/2892/2114 2651/2894/2114 2652/2895/2114 2140/2331/2114
f 2649/2892/2115 2140/2331/2115 2138/2329/2115 2137/2328/2115
f 2652/2895/2116 2651/2894/2116 2653/2896/2116 2654/2897/2116
f 2652/2895/2117 2654/2897/2117 2655/2898/2117 2143/2334/2117
f 2652/2895/2118 2143/2334/2118 2141/2332/2118 2140/2331/2118
f 2655/2898/2119 2654/2897/2119 2656/2899/2119 2657/2900/2119
f 2655/2898/2120 2657/2900/2120 2658/2901/2120 2146/2337/2120
f 2655/2898/2121 2146/2337/2121 2144/2335/2121 2143/2334/2121
f 2658/2902/2122 2657/2903/2122 2659/2904/2122 2660/2905/2122
f 2658/2902/2123 2660/2905/2123 2661/2906/2123 2149/2907/2123
f 2658/2901/2124 2149/2340/2124 2147/2338/2124 2146/2337/2124
f 2661/2906/2125 2660/2905/2125 2662/2908/2125 2663/2909/2125
f 2661/2906/2126 2663/2909/2126 2664/2910/2126 2152/2345/2126
f 2661/2906/2127 2152/2345/2127 2150/2344/2127 2149/2907/2127
f 2664/2910/2128 2663/2909/2128 2665/2911/2128 2666/2912/2128
f 2664/2910/2129 2666/2912/2129 2667/2913/2129 2155/2349/2129
f 2664/2910/2130 2155/2349/2130 2153/2346/2130 2152/2345/2130
f 2667/2913/2131 2666/2912/2131 2668/2914/2131 2669/2915/2131
f 2667/2913/2132 2669/2915/2132 2670/2916/2132 2158/2352/2132
f 2667/2913/2133 2158/2352/2133 2156/2350/2133 2155/2349/2133
f 2670/2916/2134 2669/2915/2134 2671/2917/2134 2672/2918/2134
f 2670/2916/2135 2672/2918/2135 2673/2919/2135 2161/2355/2135
f 2670/2916/2136 2161/2355/2136 2159/2353/2136 2158/2352/2136
f 2673/2919/2137 2672/2918/2137 2674/2920/2137 2675/2921/2137
f 2673/2919/2138 2675/2921/2138 2676/2922/2138 2164/2358/2138
f 2673/2919/2139 2164/2358/2139 2162/2356/2139 2161/2355/2139
f 2676/2922/2140 2675/2921/2140 2677/2923/2140 2678/2924/2140
f 2676/2922/2141 2678/2924/2141 2679/2925/2141 2167/2361/2141
f 2676/2922/2142 2167/2361/2142 2165/2359/2142 2164/2358/2142
f 2679/2925/2143 2678/2924/2143 2680/2926/2143 2681/2927/2143
f 2679/2925/2144 2681/2927/2144 2682/2928/2144 2170/2364/2144
f 2679/2925/2145 2170/2364/2145 2168/2362/2145 2167/2361/2145
f 2682/2928/2146 2681/2927/2146 2683/2929/2146 2684/2930/2146
f 2682/2928/2147 2684/2930/2147 2685/2931/2147 2173/2367/2147
f 2682/2928/2148 2173/2367/2148 2171/2365/2148 2170/2364/2148
f 2685/2931/2149 2684/2930/2149 2686/2932/2149 2687/2933/2149
f 2685/2931/2150 2687/2933/2150 2688/2934/2150 2176/2370/2150
f 2685/2931/2151 2176/2370/2151 2174/2368/2151 2173/2367/2151
f 2688/2934/2152 2687/2933/2152 2689/2935/2152 2690/2936/2152
f 2688/2934/2153 2690/2936/2153 2691/2937/2153 2179/2373/2153
f 2688/2934/2154 2179/2373/2154 2177/2371/2154 2176/2370/2154
f 2691/2937/2155 2690/2936/2155 2692/2938/2155 2693/2939/2155
f 2691/2937/2156 2693/2939/2156 2694/2940/2156 2182/2376/2156
f 2691/2937/2157 2182/2376/2157 2180/2374/2157 2179/2373/2157
f 2694/2940/2158 2693/2939/2158 2695/2941/2158 2696/2942/2158
f 2694/2940/2159 2696/2942/2159 2697/2943/2159 2185/2379/2159
f 2694/2940/2160 2185/2379/2160 2183/2377/2160 2182/2376/2160
f 2697/2944/2161 2696/2945/2161 2698/2946/2161 2699/2947/2161
f 2697/2944/2162 2699/2947/2162 2700/2948/2162 2188/2949/2162
f 2697/2943/2163 2188/2382/2163 2186/2380/2163 2185/2379/2163
f 2700/2948/2164 2699/2947/2164 2701/2950/2164 2702/2951/2164
f 2700/2948/2165 2702/2951/2165 2703/2952/2165 2191/2387/2165
f 2700/2948/2166 2191/2387/2166 2189/2386/2166 2188/2949/2166
f 2703/2952/2167 2702/2951/2167 2704/2953/2167 2705/2954/2167
f 2703/2952/2168 2705/2954/2168 2706/2955/2168 2194/2391/2168
f 2703/2952/2169 2194/2391/2169 2192/2388/2169 2191/2387/2169
f 2706/2955/2170 2705/2954/2170 2707/2956/2170 2708/2957/2170
f 2706/2955/2171 2708/2957/2171 2709/2958/2171 2197/2394/2171
f 2706/2955/2172 2197/2394/2172 2195/2392/2172 2194/2391/2172
f 2709/2958/2173 2708/2957/2173 2710/2959/2173 2711/2960/2173
f 2709/2958/2174 2711/2960/2174 2712/2961/2174 2200/2397/2174
f 2709/2958/2175 2200/2397/2175 2198/2395/2175 2197/2394/2175
f 2712/2961/2176 2711/2960/2176 2713/2962/2176 2714/2963/2176
f 2712/2961/2177 2714/2963/2177 2715/2964/2177 2203/2400/2177
f 2712/2961/2178 2203/2400/2178 2201/2398/2178 2200/2397/2178
f 2715/2964/2179 2714/2963/2179 2716/2965/2179 2717/2966/2179
f 2715/2964/2180 2717/2966/2180 2718/2967/2180 2207/2405/2180
f 2715/2964/2181 2207/2405/2181 2204/2401/2181 2203/2400/2181
f 2718/2967/2182 2717/2966/2182 2719/2968/2182 2720/2969/2182
f 2718/2967/2183 2720/2969/2183 2721/2970/2183 2210/2408/2183
f 2718/2967/2184 2210/2408/2184 2208/2406/2184 2207/2405/2184
f 2721/2970/2185 2720/2969/2185 2722/2971/2185 2723/2972/2185
f 2721/2973/2186 2723/2974/2186 2724/2975/2186 2213/2413/2186
f 2721/2973/2187 2213/2413/2187 2211/2411/2187 2210/2976/2187
f 2724/2975/2188 2723/2974/2188 2725/2977/2188 2726/2978/2188
f 2724/2975/2189 2726/2978/2189 2727/2979/2189 2728/2980/2189
f 2724/2975/2190 2728/2980/2190 2214/2414/2190 2213/2413/2190
f 2728/2980/2191 2727/2979/2191 2729/2981/2191 2730/2982/2191
f 2728/2980/2192 2730/2982/2192 2215/2415/2192 2214/2414/2192
f 2730/2982/2193 2729/2981/2193 2731/2983/2193 2220/2420/2193
f 2730/2982/2194 2220/2420/2194 2217/2417/2194 2215/2415/2194
f 2731/2983/2195 2729/2981/2195 2732/2984/2195 2733/2985/2195
f 2731/2983/2196 2733/2985/2196 2734/2986/2196 2223/2424/2196
f 2731/2983/2197 2223/2424/2197 2221/2421/2197 2220/2420/2197
f 2734/2986/2198 2226/2428/2198 2224/2425/2198 2223/2424/2198
f 2734/2986/2199 2733/2985/2199 2735/2987/2199 2736/2988/2199
f 2734/2986/2200 2736/2988/2200 2737/2989/2200 2226/2428/2200
f 2737/2989/2201 2229/2433/2201 2227/2429/2201 2226/2428/2201
f 2737/2989/2202 2736/2988/2202 2738/2990/2202 2739/2991/2202
f 2737/2989/2203 2739/2991/2203 2740/2992/2203 2229/2433/2203
f 2740/2992/2204 2232/2993/2204 2230/2434/2204 2229/2433/2204
f 2740/2992/2205 2739/2991/2205 2741/2994/2205 2742/2995/2205
f 2740/2992/2206 2742/2995/2206 2743/2996/2206 2232/2993/2206
f 2743/2997/2207 2235/2440/2207 2233/2438/2207 2232/2437/2207
f 2743/2996/2208 2742/2995/2208 2744/2998/2208 2745/2999/2208
f 2743/2997/2209 2745/3000/2209 2746/3001/2209 2235/2440/2209
f 2746/3001/2210 2238/2443/2210 2236/2441/2210 2235/2440/2210
f 2746/3002/2211 2745/2999/2211 2747/3003/2211 2748/3004/2211
f 2746/3001/2212 2748/3005/2212 2749/3006/2212 2238/2443/2212
f 2749/3006/2213 2241/2446/2213 2239/2444/2213 2238/2443/2213
f 2749/3006/2214 2748/3005/2214 2750/3007/2214 2751/3008/2214
f 2749/3006/2215 2751/3008/2215 2752/3009/2215 2241/2446/2215
f 2752/3009/2216 2244/2449/2216 2242/2447/2216 2241/2446/2216
f 2752/3009/2217 2751/3008/2217 2753/3010/2217 2754/3011/2217
f 2752/3009/2218 2754/3011/2218 2755/3012/2218 2244/2449/2218
f 2755/3012/2219 2247/2453/2219 2245/2450/2219 2244/2449/2219
f 2755/3012/2220 2754/3011/2220 2756/3013/2220 2757/3014/2220
f 2755/3012/2221 2757/3014/2221 2758/3015/2221 2247/2453/2221
f 2758/3016/2222 2250/2458/2222 2248/2456/2222 2247/3017/2222
f 2758/3015/2223 2757/3014/2223 34/3018/2223 2759/3019/2223
f 2758/3016/2224 2759/3020/2224 2760/3021/2224 2250/2458/2224
f 2760/3021/2225 2253/2461/2225 2251/2459/2225 2250/2458/2225
f 2760/3021/2226 2759/3020/2226 2761/3022/2226 2762/3023/2226
f 2760/3021/2227 2762/3023/2227 2763/3024/2227 2253/2461/2227
f 2763/3024/2228 2256/2464/2228 2254/2462/2228 2253/2461/2228
f 2763/3024/2229 2762/3023/2229 2764/3025/2229 2765/3026/2229
f 2763/3024/2230 2765/3026/2230 2766/3027/2230 2256/2464/2230
f 2766/3027/2231 2259/2467/2231 2257/2465/2231 2256/2464/2231
f 2766/3028/2232 2765/3029/2232 2767/3030/2232 2768/3031/2232
f 2766/3027/2233 2768/3032/2233 2769/3033/2233 2259/2467/2233
f 2769/3033/2234 2262/2470/2234 2260/2468/2234 2259/2467/2234
f 2769/3034/2235 2768/3031/2235 2770/3035/2235 2771/3036/2235
f 2769/3034/2236 2771/3036/2236 2772/3037/2236 2262/3038/2236
f 2772/3039/2237 2265/2473/2237 2263/2471/2237 2262/2470/2237
f 2772/3037/2238 2771/3036/2238 2773/3040/2238 2774/3041/2238
f 2772/3037/2239 2774/3041/2239 2775/3042/2239 2265/3043/2239
f 2775/3042/2240 2268/2478/2240 2266/2477/2240 2265/3043/2240
f 2775/3042/2241 2774/3041/2241 2776/3044/2241 2777/3045/2241
f 2775/3042/2242 2777/3045/2242 2778/3046/2242 2268/2478/2242
f 2778/3046/2243 2271/2483/2243 2269/2479/2243 2268/2478/2243
f 2778/3046/2244 2777/3045/2244 2779/3047/2244 2780/3048/2244
f 2778/3046/2245 2780/3048/2245 2781/3049/2245 2271/2483/2245
f 2781/3049/2246 2274/2487/2246 2272/2484/2246 2271/2483/2246
f 2781/3049/2247 2780/3048/2247 2782/3050/2247 2783/3051/2247
f 2781/3049/2248 2783/3051/2248 2784/3052/2248 2274/2487/2248
f 2784/3052/2249 2277/2490/2249 2275/2488/2249 2274/2487/2249
f 2784/3052/2250 2783/3051/2250 2785/3053/2250 2786/3054/2250
f 2784/3052/2251 2786/3054/2251 2787/3055/2251 2277/2490/2251
f 2787/3055/2252 2280/2493/2252 2278/2491/2252 2277/2490/2252
f 2787/3055/2253 2786/3054/2253 2788/3056/2253 2789/3057/2253
f 2787/3055/2254 2789/3057/2254 2790/3058/2254 2280/2493/2254
f 2790/3058/2255 2283/2496/2255 2281/2494/2255 2280/2493/2255
f 2790/3058/2256 2789/3057/2256 2791/3059/2256 2792/3060/2256
f 2790/3058/2257 2792/3060/2257 2793/3061/2257 2283/2496/2257
f 2793/3061/2258 2286/2499/2258 2284/2497/2258 2283/2496/2258
f 2793/3061/2259 2792/3060/2259 2794/3062/2259 2795/3063/2259
f 2793/3061/2260 2795/3063/2260 2796/3064/2260 2286/2499/2260
f 2796/3064/2261 2289/2502/2261 2287/2500/2261 2286/2499/2261
f 2796/3064/2262 2795/3063/2262 2797/3065/2262 2798/3066/2262
f 2796/3064/2263 2798/3066/2263 2799/3067/2263 2289/2502/2263
f 2799/3067/2264 2292/2505/2264 2290/2503/2264 2289/2502/2264
f 2799/3068/2265 2798/3069/2265 2800/3070/2265 2801/3071/2265
f 2799/3068/2266 2801/3071/2266 2802/3072/2266 2292/3073/2266
f 2802/3072/2267 2295/2510/2267 2293/2509/2267 2292/3073/2267
f 2802/3072/2268 2801/3071/2268 2803/3074/2268 2804/3075/2268
f 2802/3072/2269 2804/3075/2269 2805/3076/2269 2295/2510/2269
f 2805/3076/2270 2298/2514/2270 2296/2511/2270 2295/2510/2270
f 2805/3076/2271 2804/3075/2271 2806/3077/2271 2807/3078/2271
f 2805/3076/2272 2807/3078/2272 2808/3079/2272 2298/2514/2272
f 2808/3079/2273 2301/2517/2273 2299/2515/2273 2298/2514/2273
f 2808/3079/2274 2807/3078/2274 2809/3080/2274 2810/3081/2274
f 2808/3079/2275 2810/3081/2275 2811/3082/2275 2301/2517/2275
f 2811/3082/2276 2304/2520/2276 2302/2518/2276 2301/2517/2276
f 2811/3082/2277 2810/3081/2277 2812/3083/2277 2813/3084/2277
f 2811/3082/2278 2813/3084/2278 2814/3085/2278 2304/2520/2278
f 2814/3085/2279 2307/2523/2279 2305/2521/2279 2304/2520/2279
f 2814/3085/2280 2813/3084/2280 2815/3086/2280 2816/3087/2280
f 2814/3085/2281 2816/3087/2281 2817/3088/2281 2307/2523/2281
f 2817/3088/2282 2310/2526/2282 2308/2524/2282 2307/2523/2282
f 2817/3088/2283 2816/3087/2283 2818/3089/2283 2819/3090/2283
f 2817/3088/2284 2819/3090/2284 2820/3091/2284 2310/2526/2284
f 2820/3091/2285 2313/2529/2285 2311/2527/2285 2310/2526/2285
f 2820/3091/2286 2819/3090/2286 2821/3092/2286 2822/3093/2286
f 2820/3091/2287 2822/3093/2287 2823/3094/2287 2313/2529/2287
f 2823/3094/2288 2316/2532/2288 2314/2530/2288 2313/2529/2288
f 2823/3094/2289 2822/3093/2289 2824/3095/2289 2825/3096/2289
f 2823/3094/2290 2825/3096/2290 2826/3097/2290 2316/2532/2290
f 2826/3097/2291 2319/2535/2291 2317/2533/2291 2316/2532/2291
f 2826/3097/2292 2825/3096/2292 2827/3098/2292 2828/3099/2292
f 2826/3097/2293 2828/3099/2293 2829/3100/2293 2319/2535/2293
f 2829/3100/2294 2322/2538/2294 2320/2536/2294 2319/2535/2294
f 2829/3100/2295 2828/3099/2295 2830/3101/2295 2831/3102/2295
f 2829/3100/2296 2831/3102/2296 2832/3103/2296 2322/2538/2296
f 2832/3103/2297 2325/2541/2297 2323/2539/2297 2322/2538/2297
f 2832/3103/2298 2831/3102/2298 2833/3104/2298 2834/3105/2298
f 2832/3103/2299 2834/3105/2299 2835/3106/2299 2325/2541/2299
f 2835/3106/2300 2328/2544/2300 2326/2542/2300 2325/2541/2300
f 2835/3106/2301 2834/3105/2301 2836/3107/2301 2837/3108/2301
f 2835/3106/2302 2837/3108/2302 2838/3109/2302 2328/2544/2302
f 2838/3109/2303 2331/2547/2303 2329/2545/2303 2328/2544/2303
f 2838/3109/2304 2837/3108/2304 2839/3110/2304 2840/3111/2304
f 2838/3109/2305 2840/3111/2305 2841/3112/2305 2331/2547/2305
f 2841/3112/2306 2334/2550/2306 2332/2548/2306 2331/2547/2306
f 2841/3112/2307 2840/3111/2307 2842/3113/2307 2843/3114/2307
f 2841/3112/2308 2843/3114/2308 2844/3115/2308 2334/2550/2308
f 2844/3115/2309 2337/2553/2309 2335/2551/2309 2334/2550/2309
f 2844/3115/2310 2843/3114/2310 2845/3116/2310 2846/3117/2310
f 2844/3115/2311 2846/3117/2311 2847/3118/2311 2337/2553/2311
f 2847/3118/2312 2340/2556/2312 2338/2554/2312 2337/2553/2312
f 2847/3119/2313 2846/3120/2313 2848/3121/2313 2849/3122/2313
f 2847/3119/2314 2849/3122/2314 2850/3123/2314 2340/3124/2314
f 2850/3123/2315 2343/2561/2315 2341/2560/2315 2340/3124/2315
f 2850/3123/2316 2849/3122/2316 2851/3125/2316 2852/3126/2316
f 2850/3123/2317 2852/3126/2317 2853/3127/2317 2343/2561/2317
f 2853/3127/2318 2346/2565/2318 2344/2562/2318 2343/2561/2318
f 2853/3127/2319 2852/3126/2319 2854/3128/2319 2855/3129/2319
f 2853/3127/2320 2855/3129/2320 2856/3130/2320 2346/2565/2320
f 2856/3130/2321 2349/2568/2321 2347/2566/2321 2346/2565/2321
f 2856/3130/2322 2855/3129/2322 2857/3131/2322 2858/3132/2322
f 2856/3130/2323 2858/3132/2323 2859/3133/2323 2349/2568/2323
f 2859/3133/2324 2352/2571/2324 2350/2569/2324 2349/2568/2324
f 2859/3133/2325 2858/3132/2325 2860/3134/2325 2861/3135/2325
f 2859/3133/2326 2861/3135/2326 2862/3136/2326 2352/2571/2326
f 2862/3136/2327 2355/2574/2327 2353/2572/2327 2352/2571/2327
f 2862/3136/2328 2861/3135/2328 2863/3137/2328 2864/3138/2328
f 2862/3136/2329 2864/3138/2329 2865/3139/2329 2355/2574/2329
f 2865/3139/2330 2358/2577/2330 2356/2575/2330 2355/2574/2330
f 2865/3139/2331 2864/3138/2331 2866/3140/2331 2867/3141/2331
f 2865/3139/2332 2867/3141/2332 2868/3142/2332 2358/2577/2332
f 2868/3142/2333 2361/2580/2333 2359/2578/2333 2358/2577/2333
f 2868/3142/2334 2867/3141/2334 2869/3143/2334 2870/3144/2334
f 2868/3142/2335 2870/3144/2335 2871/3145/2335 2361/2580/2335
f 2871/3145/2336 2364/2583/2336 2362/2581/2336 2361/2580/2336
f 2871/3145/2337 2870/3144/2337 2872/3146/2337 2873/3147/2337
f 2871/3145/2338 2873/3147/2338 2874/3148/2338 2364/2583/2338
f 2874/3148/2339 2367/2586/2339 2365/2584/2339 2364/2583/2339
f 2874/3148/2340 2873/3147/2340 2875/3149/2340 2876/3150/2340
f 2874/3148/2341 2876/3150/2341 2877/3151/2341 2367/2586/2341
f 2877/3151/2342 2370/2589/2342 2368/2587/2342 2367/2586/2342
f 2877/3151/2343 2876/3150/2343 2878/3152/2343 2879/3153/2343
f 2877/3151/2344 2879/3153/2344 2880/3154/2344 2370/2589/2344
f 2880/3154/2345 2373/2592/2345 2371/2590/2345 2370/2589/2345
f 2880/3154/2346 2879/3153/2346 2881/3155/2346 2882/3156/2346
f 2880/3154/2347 2882/3156/2347 2883/3157/2347 2373/2592/2347
f 2883/3157/2348 2376/2595/2348 2374/2593/2348 2373/2592/2348
f 2883/3157/2349 2882/3156/2349 2884/3158/2349 2885/3159/2349
f 2883/3157/2350 2885/3159/2350 2886/3160/2350 2376/2595/2350
f 2886/3160/2351 2379/2598/2351 2377/2596/2351 2376/2595/2351
f 2886/3161/2352 2885/3162/2352 2887/3163/2352 2888/3164/2352
f 2886/3161/2353 2888/3164/2353 2889/3165/2353 2379/3166/2353
f 2889/3165/2354 2382/2603/2354 2380/2602/2354 2379/3166/2354
f 2889/3165/2355 2888/3164/2355 2890/3167/2355 2891/3168/2355
f 2889/3165/2356 2891/3168/2356 2892/3169/2356 2382/2603/2356
f 2892/3169/2357 2385/2608/2357 2383/2604/2357 2382/2603/2357
f 2892/3169/2358 2891/3168/2358 2893/3170/2358 2894/3171/2358
f 2892/3169/2359 2894/3171/2359 2895/3172/2359 2385/2608/2359
f 2895/3172/2360 2388/2612/2360 2386/2609/2360 2385/2608/2360
f 2895/3172/2361 2894/3171/2361 2896/3173/2361 2897/3174/2361
f 2895/3172/2362 2897/3174/2362 2898/3175/2362 2388/2612/2362
f 2898/3175/2363 2391/2615/2363 2389/2613/2363 2388/2612/2363
f 2898/3175/2364 2897/3174/2364 2899/3176/2364 2900/3177/2364
f 2898/3175/2365 2900/3177/2365 2901/3178/2365 2391/2615/2365
f 2901/3178/2366 2394/2618/2366 2392/2616/2366 2391/2615/2366
f 2901/3178/2367 2900/3177/2367 2902/3179/2367 2903/3180/2367
f 2901/3178/2368 2903/3180/2368 2904/3181/2368 2394/2618/2368
f 2904/3181/2369 2397/2621/2369 2395/2619/2369 2394/2618/2369
f 2904/3181/2370 2903/3180/2370 2905/3182/2370 2906/3183/2370
f 2904/3181/2371 2906/3183/2371 2907/3184/2371 2397/2621/2371
f 2907/3184/2372 2400/2624/2372 2398/2622/2372 2397/2621/2372
f 2907/3184/2373 2906/3183/2373 2908/3185/2373 2909/3186/2373
f 2907/3184/2374 2909/3186/2374 2910/3187/2374 2400/2624/2374
f 2910/3187/2375 2403/2627/2375 2401/2625/2375 2400/2624/2375
f 2910/3187/2376 2909/3186/2376 2911/3188/2376 2912/3189/2376
f 2910/3187/2377 2912/3189/2377 2913/3190/2377 2403/2627/2377
f 2913/3190/2378 2406/2630/2378 2404/2628/2378 2403/2627/2378
f 2913/3190/2379 2912/3189/2379 2914/3191/2379 2915/3192/2379
f 2913/3190/2380 2915/3192/2380 2916/3193/2380 2406/2630/2380
f 2916/3193/2381 2409/3194/2381 2407/2631/2381 2406/2630/2381
f 2916/3195/2382 2915/3196/2382 2917/3197/2382 2918/3198/2382
f 2916/3195/2383 2918/3198/2383 2919/3199/2383 2409/2635/2383
f 2919/3199/2384 2412/2639/2384 2410/2636/2384 2409/2635/2384
f 2919/3199/2385 2918/3198/2385 2920/3200/2385 2921/3201/2385
f 2919/3199/2386 2921/3201/2386 2922/3202/2386 2412/2639/2386
f 2922/3202/2387 2415/2642/2387 2413/2640/2387 2412/2639/2387
f 2922/3202/2388 2921/3201/2388 2923/3203/2388 2924/3204/2388
f 2922/3202/2389 2924/3204/2389 2925/3205/2389 2415/2642/2389
f 2925/3205/2390 2418/2645/2390 2416/2643/2390 2415/2642/2390
f 2925/3205/2391 2924/3204/2391 2926/3206/2391 2927/3207/2391
f 2925/3205/2392 2927/3207/2392 2928/3208/2392 2418/2645/2392
f 2928/3208/2393 2421/2648/2393 2419/2646/2393 2418/2645/2393
f 2928/3208/2394 2927/3207/2394 2929/3209/2394 2930/3210/2394
f 2928/3208/2395 2930/3210/2395 2931/3211/2395 2421/2648/2395
f 2931/3211/2396 2424/2651/2396 2422/2649/2396 2421/2648/2396
f 2931/3211/2397 2930/3210/2397 2932/3212/2397 2933/3213/2397
f 2931/3211/2398 2933/3213/2398 2934/3214/2398 2424/2651/2398
f 2934/3214/2399 2427/2654/2399 2425/2652/2399 2424/2651/2399
f 2934/3214/2400 2933/3213/2400 2935/3215/2400 2936/3216/2400
f 2934/3214/2401 2936/3216/2401 2937/3217/2401 2427/2654/2401
f 2937/3217/2402 2430/2657/2402 2428/2655/2402 2427/2654/2402
f 2937/3217/2403 2936/3216/2403 2938/3218/2403 2939/3219/2403
f 2937/3217/2404 2939/3219/2404 2940/3220/2404 2430/2657/2404
f 2940/3220/2405 2433/2660/2405 2431/2658/2405 2430/2657/2405
f 2940/3220/2406 2939/3219/2406 2941/3221/2406 2942/3222/2406
f 2940/3220/2407 2942/3222/2407 2943/3223/2407 2433/2660/2407
f 2943/3223/2408 2436/2663/2408 2434/2661/2408 2433/2660/2408
f 2943/3223/2409 2942/3222/2409 2944/3224/2409 2945/3225/2409
f 2943/3223/2410 2945/3225/2410 2946/3226/2410 2436/2663/2410
f 2946/3226/2411 2439/2666/2411 2437/2664/2411 2436/2663/2411
f 2946/3226/2412 2945/3225/2412 2947/3227/2412 2948/3228/2412
f 2946/3226/2413 2948/3228/2413 2949/3229/2413 2439/2666/2413
f 2949/3229/2414 2442/2669/2414 2440/2667/2414 2439/2666/2414
f 2949/3229/2415 2948/3228/2415 2950/3230/2415 2951/3231/2415
f 2949/3229/2416 2951/3231/2416 2952/3232/2416 2442/2669/2416
f 2952/3232/2417 2445/2672/2417 2443/2670/2417 2442/2669/2417
f 2952/3233/2418 2951/3234/2418 2953/3235/2418 2954/3236/2418
f 2952/3233/2419 2954/3236/2419 2955/3237/2419 2445/3238/2419
f 2955/3237/2420 2448/2677/2420 2446/2676/2420 2445/3238/2420
f 2955/3237/2421 2954/3236/2421 2956/3239/2421 2957/3240/2421
f 2955/3237/2422 2957/3240/2422 2958/3241/2422 2448/2677/2422
f 2958/3241/2423 2451/2681/2423 2449/2678/2423 2448/2677/2423
f 2958/3241/2424 2957/3240/2424 2959/3242/2424 2960/3243/2424
f 2958/3241/2425 2960/3243/2425 2961/3244/2425 2451/2681/2425
f 2961/3244/2426 2454/2684/2426 2452/2682/2426 2451/2681/2426
f 2961/3244/2427 2960/3243/2427 2962/3245/2427 2963/3246/2427
f 2961/3244/2428 2963/3246/2428 2964/3247/2428 2454/2684/2428
f 2964/3247/2429 2457/2687/2429 2455/2685/2429 2454/2684/2429
f 2964/3247/2430 2963/3246/2430 2965/3248/2430 2966/3249/2430
f 2964/3247/2431 2966/3249/2431 2459/2689/2431 2457/2687/2431
f 2966/3249/2432 2965/3248/2432 2967/3250/2432 2968/3251/2432
f 2966/3249/2433 2968/3251/2433 2461/2691/2433 2459/2689/2433
f 2968/3251/2434 2967/3250/2434 2969/3252/2434 2970/3253/2434
f 2968/3251/2435 2970/3253/2435 2971/3254/2435 2461/2691/2435
f 2971/3254/2436 2464/2694/2436 2462/2692/2436 2461/2691/2436
f 2971/3254/2437 2970/3253/2437 2972/3255/2437 2973/3256/2437
f 2971/3254/2438 2973/3256/2438 2974/3257/2438 2464/2694/2438
f 2974/3257/2439 2467/2697/2439 2465/2695/2439 2464/2694/2439
f 2974/3257/2440 2973/3256/2440 2975/3258/2440 2976/3259/2440
f 2974/3257/2441 2976/3259/2441 2977/3260/2441 2467/2697/2441
f 2977/3260/2442 2470/2700/2442 2468/2698/2442 2467/2697/2442
f 2977/3260/2443 2976/3259/2443 2978/3261/2443 2979/3262/2443
f 2977/3260/2444 2979/3262/2444 2980/3263/2444 2470/2700/2444
f 2980/3263/2445 2473/2703/2445 2471/2701/2445 2470/2700/2445
f 2980/3263/2446 2979/3262/2446 2981/3264/2446 2982/3265/2446
f 2980/3263/2447 2982/3265/2447 2983/3266/2447 2473/2703/2447
f 2983/3266/2448 2476/2706/2448 2474/2704/2448 2473/2703/2448
f 2983/3266/2449 2982/3265/2449 2984/3267/2449 2985/3268/2449
f 2983/3266/2450 2985/3268/2450 2986/3269/2450 2476/2706/2450
f 2986/3269/2451 2479/2709/2451 2477/2707/2451 2476/2706/2451
f 2986/3269/2452 2985/3268/2452 2987/3270/2452 2988/3271/2452
f 2986/3269/2453 2988/3271/2453 2989/3272/2453 2479/2709/2453
f 2989/3272/2454 2482/2712/2454 2480/2710/2454 2479/2709/2454
f 2989/3272/2455 2988/3271/2455 2990/3273/2455 32/28/2455
f 2989/3272/2456 32/28/2456 29/25/2456 2482/2712/2456
f 2990/3273/2457 2988/3271/2457 2987/3270/2457 2991/3274/2457
f 2990/3273/2458 2991/3274/2458 2992/3275/2458 2993/3276/2458
f 2990/3273/2459 2993/3276/2459 30/26/2459 32/28/2459
f 2993/3276/2460 2992/3275/2460 2994/3277/2460 2995/3278/2460
f 2993/3276/2461 2995/3278/2461 31/27/2461 30/26/2461
f 2995/3279/2462 2994/3280/2462 2996/3281/2462 2997/3282/2462
f 2995/3279/2463 2997/3282/2463 2998/3283/2463 31/3284/2463
f 2998/3283/2464 2487/2721/2464 27/3285/2464 31/3284/2464
f 2998/3283/2465 2997/3282/2465 2999/3286/2465 2490/2724/2465
f 2998/3283/2466 2490/2724/2466 2488/2722/2466 2487/2721/2466
f 2999/3286/2467 2997/3282/2467 2996/3281/2467 3000/3287/2467
f 2999/3286/2468 3000/3287/2468 3001/3288/2468 2493/2727/2468
f 2999/3286/2469 2493/2727/2469 2491/2725/2469 2490/2724/2469
f 3001/3288/2470 3000/3287/2470 3002/3289/2470 3003/3290/2470
f 3001/3288/2471 3003/3290/2471 3004/3291/2471 2496/2730/2471
f 3001/3288/2472 2496/2730/2472 2494/2728/2472 2493/2727/2472
f 3004/3291/2473 3003/3290/2473 3005/3292/2473 3006/3293/2473
f 3004/3291/2474 3006/3293/2474 3007/3294/2474 2499/2733/2474
f 3004/3291/2475 2499/2733/2475 2497/2731/2475 2496/2730/2475
f 3007/3294/2476 3006/3293/2476 3008/3295/2476 3009/3296/2476
f 3007/3294/2477 3009/3296/2477 3010/3297/2477 2502/2736/2477
f 3007/3294/2478 2502/2736/2478 2500/2734/2478 2499/2733/2478
f 3010/3297/2479 3009/3296/2479 3011/3298/2479 3012/3299/2479
f 3010/3297/2480 3012/3299/2480 3013/3300/2480 3014/3301/2480
f 3010/3297/2481 3014/3301/2481 2503/2737/2481 2502/2736/2481
f 3014/3301/2482 3013/3300/2482 3015/3302/2482 2507/2741/2482
f 3014/3301/2483 2507/2741/2483 2504/2738/2483 2503/2737/2483
f 3015/3302/2484 3013/3300/2484 3016/3303/2484 2518/2752/2484
f 3015/3302/2485 2518/2752/2485 2516/2750/2485 2510/2744/2485
f 3015/3302/2486 2510/2744/2486 2508/2742/2486 2507/2741/2486
f 3016/3303/2487 3013/3300/2487 3012/3299/2487 3017/3304/2487
f 3016/3303/2488 3017/3304/2488 3018/3305/2488 2521/2755/2488
f 3016/3303/2489 2521/2755/2489 2519/2753/2489 2518/2752/2489
f 3018/3305/2490 3017/3304/2490 3019/3306/2490 3020/3307/2490
f 3018/3305/2491 3020/3307/2491 3021/3308/2491 2524/2758/2491
f 3018/3305/2492 2524/2758/2492 2522/2756/2492 2521/2755/2492
f 3021/3308/2493 3020/3307/2493 3022/3309/2493 3023/3310/2493
f 3021/3308/2494 3023/3310/2494 3024/3311/2494 2527/2761/2494
f 3021/3308/2495 2527/2761/2495 2525/2759/2495 2524/2758/2495
f 3024/3311/2496 3023/3310/2496 3025/3312/2496 3026/3313/2496
f 3024/3311/2497 3026/3313/2497 3027/3314/2497 2530/2764/2497
f 3024/3311/2498 2530/2764/2498 2528/2762/2498 2527/2761/2498
f 3027/3314/2499 3026/3313/2499 3028/3315/2499 3029/3316/2499
f 3027/3314/2500 3029/3316/2500 3030/3317/2500 2533/2767/2500
f 3027/3314/2501 2533/2767/2501 2531/2765/2501 2530/2764/2501
f 3030/3317/2502 3029/3316/2502 3031/3318/2502 3032/3319/2502
f 3030/3317/2503 3032/3319/2503 3033/3320/2503 2536/2770/2503
f 3030/3317/2504 2536/2770/2504 2534/2768/2504 2533/2767/2504
f 3033/3320/2505 3032/3319/2505 3034/3321/2505 3035/3322/2505
f 3033/3320/2506 3035/3322/2506 3036/3323/2506 2539/2773/2506
f 3033/3320/2507 2539/2773/2507 2537/2771/2507 2536/2770/2507
f 3036/3324/2508 3035/3325/2508 3037/3326/2508 3038/3327/2508
f 3036/3324/2509 3038/3327/2509 3039/3328/2509 2542/3329/2509
f 3036/3323/2510 2542/2776/2510 2540/2774/2510 2539/2773/2510
f 3039/3328/2511 3038/3327/2511 3040/3330/2511 3041/3331/2511
f 3039/3328/2512 3041/3331/2512 3042/3332/2512 2545/2781/2512
f 3039/3328/2513 2545/2781/2513 2543/2780/2513 2542/3329/2513
f 3042/3332/2514 3041/3331/2514 3043/3333/2514 3044/3334/2514
f 3042/3332/2515 3044/3334/2515 3045/3335/2515 2548/2785/2515
f 3042/3332/2516 2548/2785/2516 2546/2782/2516 2545/2781/2516
f 3045/3335/2517 3044/3334/2517 3046/3336/2517 3047/3337/2517
f 3045/3335/2518 3047/3337/2518 3048/3338/2518 2551/2788/2518
f 3045/3335/2519 2551/2788/2519 2549/2786/2519 2548/2785/2519
f 3048/3338/2520 3047/3337/2520 3049/3339/2520 3050/3340/2520
f 3048/3338/2521 3050/3340/2521 3051/3341/2521 2554/2791/2521
f 3048/3338/2522 2554/2791/2522 2552/2789/2522 2551/2788/2522
f 3051/3341/2523 3050/3340/2523 3052/3342/2523 3053/3343/2523
f 3051/3341/2524 3053/3343/2524 3054/3344/2524 2557/2794/2524
f 3051/3341/2525 2557/2794/2525 2555/2792/2525 2554/2791/2525
f 3054/3344/2526 3053/3343/2526 3055/3345/2526 3056/3346/2526
f 3054/3344/2527 3056/3346/2527 3057/3347/2527 2560/2797/2527
f 3054/3344/2528 2560/2797/2528 2558/2795/2528 2557/2794/2528
f 3057/3347/2529 3056/3346/2529 3058/3348/2529 3059/3349/2529
f 3057/3347/2530 3059/3349/2530 3060/3350/2530 2563/2800/2530
f 3057/3347/2531 2563/2800/2531 2561/2798/2531 2560/2797/2531
f 3060/3350/2532 3059/3349/2532 3061/3351/2532 3062/3352/2532
f 3060/3350/2533 3062/3352/2533 3063/3353/2533 2566/2803/2533
f 3060/3350/2534 2566/2803/2534 2564/2801/2534 2563/2800/2534
f 3063/3353/2535 3062/3352/2535 3064/3354/2535 3065/3355/2535
f 3063/3353/2536 3065/3355/2536 3066/3356/2536 2569/2806/2536
f 3063/3353/2537 2569/2806/2537 2567/2804/2537 2566/2803/2537
f 3066/3356/2538 3065/3355/2538 3067/3357/2538 3068/3358/2538
f 3066/3356/2539 3068/3358/2539 3069/3359/2539 2572/2809/2539
f 3066/3356/2540 2572/2809/2540 2570/2807/2540 2569/2806/2540
f 3069/3359/2541 3068/3358/2541 3070/3360/2541 3071/3361/2541
f 3069/3359/2542 3071/3361/2542 3072/3362/2542 2575/2812/2542
f 3069/3359/2543 2575/2812/2543 2573/2810/2543 2572/2809/2543
f 3072/3362/2544 3071/3361/2544 3073/3363/2544 3074/3364/2544
f 3072/3362/2545 3074/3364/2545 3075/3365/2545 2578/2815/2545
f 3072/3362/2546 2578/2815/2546 2576/2813/2546 2575/2812/2546
f 3075/3365/2547 3074/3364/2547 3076/3366/2547 3077/3367/2547
f 3075/3365/2548 3077/3367/2548 3078/3368/2548 2581/2818/2548
f 3075/3365/2549 2581/2818/2549 2579/2816/2549 2578/2815/2549
f 3078/3368/2550 3077/3367/2550 3079/3369/2550 3080/3370/2550
f 3078/3368/2551 3080/3370/2551 3081/3371/2551 2584/2821/2551
f 3078/3368/2552 2584/2821/2552 2582/2819/2552 2581/2818/2552
f 3081/3371/2553 3080/3370/2553 3082/3372/2553 3083/3373/2553
f 3081/3371/2554 3083/3373/2554 3084/3374/2554 2587/2824/2554
f 3081/3371/2555 2587/2824/2555 2585/2822/2555 2584/2821/2555
f 3084/3375/2556 3083/3376/2556 3085/3377/2556 3086/3378/2556
f 3084/3375/2557 3086/3378/2557 3087/3379/2557 2590/3380/2557
f 3084/3374/2558 2590/2827/2558 2588/2825/2558 2587/2824/2558
f 3087/3379/2559 3086/3378/2559 3088/3381/2559 3089/3382/2559
f 3087/3379/2560 3089/3382/2560 3090/3383/2560 2593/2832/2560
f 3087/3379/2561 2593/2832/2561 2591/2831/2561 2590/3380/2561
f 3090/3383/2562 3089/3382/2562 3091/3384/2562 3092/3385/2562
f 3090/3383/2563 3092/3385/2563 3093/3386/2563 2596/2836/2563
f 3090/3383/2564 2596/2836/2564 2594/2833/2564 2593/2832/2564
f 3093/3386/2565 3092/3385/2565 3094/3387/2565 3095/3388/2565
f 3093/3386/2566 3095/3388/2566 3096/3389/2566 2599/2839/2566
f 3093/3386/2567 2599/2839/2567 2597/2837/2567 2596/2836/2567
f 3096/3389/2568 3095/3388/2568 3097/3390/2568 3098/3391/2568
f 3096/3389/2569 3098/3391/2569 3099/3392/2569 2602/2842/2569
f 3096/3389/2570 2602/2842/2570 2600/2840/2570 2599/2839/2570
f 3099/3392/2571 3098/3391/2571 3100/3393/2571 3101/3394/2571
f 3099/3392/2572 3101/3394/2572 3102/3395/2572 2605/2845/2572
f 3099/3392/2573 2605/2845/2573 2603/2843/2573 2602/2842/2573
f 3102/3395/2574 3101/3394/2574 3103/3396/2574 3104/3397/2574
f 3102/3395/2575 3104/3397/2575 3105/3398/2575 2608/2848/2575
f 3102/3395/2576 2608/2848/2576 2606/2846/2576 2605/2845/2576
f 3105/3398/2577 3104/3397/2577 3106/3399/2577 3107/3400/2577
f 3105/3398/2578 3107/3400/2578 3108/3401/2578 2611/2851/2578
f 3105/3398/2579 2611/2851/2579 2609/2849/2579 2608/2848/2579
f 3108/3401/2580 3107/3400/2580 3109/3402/2580 3110/3403/2580
f 3108/3404/2581 3110/3405/2581 3111/3406/2581 2614/3407/2581
f 3108/3401/2582 2614/2854/2582 2612/2852/2582 2611/2851/2582
f 3111/3406/2583 3110/3405/2583 3112/3408/2583 3113/3409/2583
f 3111/3406/2584 3113/3409/2584 3114/3410/2584 2617/2859/2584
f 3111/3406/2585 2617/2859/2585 2615/2858/2585 2614/3407/2585
f 3114/3410/2586 3113/3409/2586 3115/3411/2586 3116/3412/2586
f 3114/3410/2587 3116/3412/2587 3117/3413/2587 2620/2863/2587
f 3114/3410/2588 2620/2863/2588 2618/2860/2588 2617/2859/2588
f 3117/3413/2589 3116/3412/2589 3118/3414/2589 3119/3415/2589
f 3117/3413/2590 3119/3415/2590 3120/3416/2590 2623/2866/2590
f 3117/3413/2591 2623/2866/2591 2621/2864/2591 2620/2863/2591
f 3120/3416/2592 3119/3415/2592 3121/3417/2592 3122/3418/2592
f 3120/3416/2593 3122/3418/2593 3123/3419/2593 2626/2869/2593
f 3120/3416/2594 2626/2869/2594 2624/2867/2594 2623/2866/2594
f 3123/3419/2595 3122/3418/2595 3124/3420/2595 3125/3421/2595
f 3123/3419/2596 3125/3421/2596 3126/3422/2596 2629/2872/2596
f 3123/3419/2597 2629/2872/2597 2627/2870/2597 2626/2869/2597
f 3126/3422/2598 3125/3421/2598 3127/3423/2598 3128/3424/2598
f 3126/3422/2599 3128/3424/2599 3129/3425/2599 2632/2875/2599
f 3126/3422/2600 2632/2875/2600 2630/2873/2600 2629/2872/2600
f 3129/3425/2601 3128/3424/2601 3130/3426/2601 3131/3427/2601
f 3129/3425/2602 3131/3427/2602 3132/3428/2602 2635/2878/2602
f 3129/3425/2603 2635/2878/2603 2633/2876/2603 2632/2875/2603
f 3132/3428/2604 3131/3427/2604 3133/3429/2604 3134/3430/2604
f 3132/3428/2605 3134/3430/2605 3135/3431/2605 2638/2881/2605
f 3132/3428/2606 2638/2881/2606 2636/2879/2606 2635/2878/2606
f 3135/3431/2607 3134/3430/2607 3136/3432/2607 3137/3433/2607
f 3135/3431/2608 3137/3433/2608 3138/3434/2608 2641/2884/2608
f 3135/3431/2609 2641/2884/2609 2639/2882/2609 2638/2881/2609
f 3138/3434/2610 3137/3433/2610 3139/3435/2610 3140/3436/2610
f 3138/3434/2611 3140/3436/2611 3141/3437/2611 2644/2887/2611
f 3138/3434/2612 2644/2887/2612 2642/2885/2612 2641/2884/2612
f 3141/3437/2613 3140/3436/2613 3142/3438/2613 3143/3439/2613
f 3141/3437/2614 3143/3439/2614 3144/3440/2614 2647/2890/2614
f 3141/3437/2615 2647/2890/2615 2645/2888/2615 2644/2887/2615
f 3144/3440/2616 3143/3439/2616 3145/3441/2616 3146/3442/2616
f 3144/3440/2617 3146/3442/2617 3147/3443/2617 2650/2893/2617
f 3144/3440/2618 2650/2893/2618 2648/2891/2618 2647/2890/2618
f 3147/3443/2619 3146/3442/2619 3148/3444/2619 3149/3445/2619
f 3147/3443/2620 3149/3445/2620 3150/3446/2620 2653/2896/2620
f 3147/3443/2621 2653/2896/2621 2651/2894/2621 2650/2893/2621
f 3150/3447/2622 3149/3448/2622 3151/3449/2622 3152/3450/2622
f 3150/3447/2623 3152/3450/2623 3153/3451/2623 2656/3452/2623
f 3150/3446/2624 2656/2899/2624 2654/2897/2624 2653/2896/2624
f 3153/3451/2625 3152/3450/2625 3154/3453/2625 3155/3454/2625
f 3153/3451/2626 3155/3454/2626 3156/3455/2626 2659/2904/2626
f 3153/3451/2627 2659/2904/2627 2657/2903/2627 2656/3452/2627
f 3156/3455/2628 3155/3454/2628 3157/3456/2628 3158/3457/2628
f 3156/3455/2629 3158/3457/2629 3159/3458/2629 2662/2908/2629
f 3156/3455/2630 2662/2908/2630 2660/2905/2630 2659/2904/2630
f 3159/3458/2631 3158/3457/2631 3160/3459/2631 3161/3460/2631
f 3159/3458/2632 3161/3460/2632 3162/3461/2632 2665/2911/2632
f 3159/3458/2633 2665/2911/2633 2663/2909/2633 2662/2908/2633
f 3162/3461/2634 3161/3460/2634 3163/3462/2634 3164/3463/2634
f 3162/3461/2635 3164/3463/2635 3165/3464/2635 2668/2914/2635
f 3162/3461/2636 2668/2914/2636 2666/2912/2636 2665/2911/2636
f 3165/3464/2637 3164/3463/2637 3166/3465/2637 3167/3466/2637
f 3165/3464/2638 3167/3466/2638 3168/3467/2638 2671/2917/2638
f 3165/3464/2639 2671/2917/2639 2669/2915/2639 2668/2914/2639
f 3168/3467/2640 3167/3466/2640 3169/3468/2640 3170/3469/2640
f 3168/3467/2641 3170/3469/2641 3171/3470/2641 2674/2920/2641
f 3168/3467/2642 2674/2920/2642 2672/2918/2642 2671/2917/2642
f 3171/3470/2643 3170/3469/2643 3172/3471/2643 3173/3472/2643
f 3171/3470/2644 3173/3472/2644 3174/3473/2644 2677/2923/2644
f 3171/3470/2645 2677/2923/2645 2675/2921/2645 2674/2920/2645
f 3174/3473/2646 3173/3472/2646 3175/3474/2646 3176/3475/2646
f 3174/3473/2647 3176/3475/2647 3177/3476/2647 2680/2926/2647
f 3174/3473/2648 2680/2926/2648 2678/2924/2648 2677/2923/2648
f 3177/3476/2649 3176/3475/2649 3178/3477/2649 3179/3478/2649
f 3177/3476/2650 3179/3478/2650 3180/3479/2650 2683/2929/2650
f 3177/3476/2651 2683/2929/2651 2681/2927/2651 2680/2926/2651
f 3180/3479/2652 3179/3478/2652 3181/3480/2652 3182/3481/2652
f 3180/3479/2653 3182/3481/2653 3183/3482/2653 2686/2932/2653
f 3180/3479/2654 2686/2932/2654 2684/2930/2654 2683/2929/2654
f 3183/3482/2655 3182/3481/2655 3184/3483/2655 3185/3484/2655
f 3183/3482/2656 3185/3484/2656 3186/3485/2656 2689/2935/2656
f 3183/3482/2657 2689/2935/2657 2687/2933/2657 2686/2932/2657
f 3186/3485/2658 3185/3484/2658 3187/3486/2658 3188/3487/2658
f 3186/3485/2659 3188/3487/2659 3189/3488/2659 2692/2938/2659
f 3186/3485/2660 2692/2938/2660 2690/2936/2660 2689/2935/2660
f 3189/3489/2661 3188/3490/2661 3190/3491/2661 3191/3492/2661
f 3189/3489/2662 3191/3492/2662 3192/3493/2662 2695/3494/2662
f 3189/3488/2663 2695/2941/2663 2693/2939/2663 2692/2938/2663
f 3192/3493/2664 3191/3492/2664 3193/3495/2664 3194/3496/2664
f 3192/3493/2665 3194/3496/2665 3195/3497/2665 2698/2946/2665
f 3192/3493/2666 2698/2946/2666 2696/2945/2666 2695/3494/2666
f 3195/3497/2667 3194/3496/2667 3196/3498/2667 3197/3499/2667
f 3195/3497/2668 3197/3499/2668 3198/3500/2668 2701/2950/2668
f 3195/3497/2669 2701/2950/2669 2699/2947/2669 2698/2946/2669
f 3198/3500/2670 3197/3499/2670 3199/3501/2670 3200/3502/2670
f 3198/3500/2671 3200/3502/2671 3201/3503/2671 2704/2953/2671
f 3198/3500/2672 2704/2953/2672 2702/2951/2672 2701/2950/2672
f 3201/3503/2673 3200/3502/2673 3202/3504/2673 3203/3505/2673
f 3201/3503/2674 3203/3505/2674 3204/3506/2674 2707/2956/2674
f 3201/3503/2675 2707/2956/2675 2705/2954/2675 2704/2953/2675
f 3204/3506/2676 3203/3505/2676 3205/3507/2676 3206/3508/2676
f 3204/3506/2677 3206/3508/2677 3207/3509/2677 2710/2959/2677
f 3204/3506/2678 2710/2959/2678 2708/2957/2678 2707/2956/2678
f 3207/3509/2679 3206/3508/2679 3208/3510/2679 3209/3511/2679
f 3207/3509/2680 3209/3511/2680 3210/3512/2680 2713/2962/2680
f 3207/3509/2681 2713/2962/2681 2711/2960/2681 2710/2959/2681
f 3210/3512/2682 3209/3511/2682 3211/3513/2682 3212/3514/2682
f 3210/3512/2683 3212/3514/2683 3213/3515/2683 2716/2965/2683
f 3210/3512/2684 2716/2965/2684 2714/2963/2684 2713/2962/2684
f 3213/3515/2685 3212/3514/2685 3214/3516/2685 3215/3517/2685
f 3213/3515/2686 3215/3517/2686 3216/3518/2686 2719/2968/2686
f 3213/3515/2687 2719/2968/2687 2717/2966/2687 2716/2965/2687
f 3216/3518/2688 3215/3517/2688 3217/3519/2688 3218/3520/2688
f 3216/3518/2689 3218/3520/2689 3219/3521/2689 2722/2971/2689
f 3216/3518/2690 2722/2971/2690 2720/2969/2690 2719/2968/2690
f 3219/3521/2691 3218/3520/2691 3220/3522/2691 3221/3523/2691
f 3219/3524/2692 3221/3525/2692 3222/3526/2692 2725/2977/2692
f 3219/3524/2693 2725/2977/2693 2723/2974/2693 2722/3527/2693
f 3222/3526/2694 3221/3525/2694 3223/3528/2694 3224/3529/2694
f 3222/3526/2695 3224/3529/2695 3225/3530/2695 3226/3531/2695
f 3222/3526/2696 3226/3531/2696 2726/2978/2696 2725/2977/2696
f 3226/3531/2697 3225/3530/2697 3227/3532/2697 3228/3533/2697
f 3226/3531/2698 3228/3533/2698 2727/2979/2698 2726/2978/2698
f 3228/3533/2699 3227/3532/2699 3229/3534/2699 2732/2984/2699
f 3228/3533/2700 2732/2984/2700 2729/2981/2700 2727/2979/2700
f 3229/3534/2701 3227/3532/2701 3230/3535/2701 3231/3536/2701
f 3229/3534/2702 3231/3536/2702 3232/3537/2702 2735/2987/2702
f 3229/3534/2703 2735/2987/2703 2733/2985/2703 2732/2984/2703
f 3232/3537/2704 3231/3536/2704 3233/3538/2704 3234/3539/2704
f 3232/3537/2705 3234/3539/2705 3235/3540/2705 2738/2990/2705
f 3232/3537/2706 2738/2990/2706 2736/2988/2706 2735/2987/2706
f 3235/3540/2707 2741/2994/2707 2739/2991/2707 2738/2990/2707
f 3235/3540/2708 3234/3539/2708 3236/3541/2708 3237/3542/2708
f 3235/3540/2709 3237/3542/2709 3238/3543/2709 2741/2994/2709
f 3238/3543/2710 2744/2998/2710 2742/2995/2710 2741/2994/2710
f 3238/3543/2711 3237/3542/2711 3239/3544/2711 3240/3545/2711
f 3238/3543/2712 3240/3545/2712 3241/3546/2712 2744/2998/2712
f 3241/3546/2713 2747/3003/2713 2745/2999/2713 2744/2998/2713
f 3241/3546/2714 3240/3545/2714 3242/3547/2714 3243/3548/2714
f 3241/3546/2715 3243/3548/2715 3244/3549/2715 2747/3003/2715
f 3244/3549/2716 2750/3550/2716 2748/3004/2716 2747/3003/2716
f 3244/3549/2717 3243/3548/2717 3245/3551/2717 3246/3552/2717
f 3244/3549/2718 3246/3552/2718 3247/3553/2718 2750/3550/2718
f 3247/3553/2719 2753/3554/2719 2751/3555/2719 2750/3550/2719
f 3247/3553/2720 3246/3552/2720 3248/3556/2720 3249/3557/2720
f 3247/3553/2721 3249/3557/2721 3250/3558/2721 2753/3554/2721
f 3250/3559/2722 2756/3013/2722 2754/3011/2722 2753/3010/2722
f 3250/3558/2723 3249/3557/2723 3251/3560/2723 36/33/2723
f 3250/3558/2724 36/33/2724 35/32/2724 2756/3561/2724
f 3251/3560/2725 3249/3557/2725 3248/3556/2725 3252/3562/2725
f 3251/3560/2726 3252/3562/2726 3253/3563/2726 3254/3564/2726
f 3251/3560/2727 3254/3564/2727 37/34/2727 36/33/2727
f 3254/3564/2728 3253/3563/2728 3255/3565/2728 3256/3566/2728
f 3254/3564/2729 3256/3566/2729 38/35/2729 37/34/2729
f 3256/3566/2730 3257/3567/2730 3258/3568/2730 38/35/2730
f 3256/3566/2731 3255/3565/2731 3259/3569/2731 3257/3567/2731
f 3259/3569/2732 3260/3570/2732 3261/3571/2732 3257/3567/2732
f 3259/3569/2733 3255/3565/2733 3262/3572/2733 3263/3573/2733
f 3259/3569/2734 3263/3573/2734 3264/3574/2734 3260/3570/2734
f 3264/3574/2735 3265/3575/2735 3266/3576/2735 3260/3570/2735
f 3264/3574/2736 3263/3573/2736 3267/3577/2736 3268/3578/2736
f 3264/3574/2737 3268/3578/2737 3269/3579/2737 3265/3575/2737
f 3269/3579/2738 3270/3580/2738 3271/3581/2738 3265/3575/2738
f 3269/3579/2739 3268/3578/2739 3272/3582/2739 3273/3583/2739
f 3269/3579/2740 3273/3583/2740 3274/3584/2740 3270/3580/2740
f 3274/3584/2741 3275/3585/2741 3276/3586/2741 3270/3580/2741
f 3274/3584/2742 3273/3583/2742 3277/3587/2742 3278/3588/2742
f 3274/3584/2743 3278/3588/2743 3279/3589/2743 3275/3585/2743
f 3279/3589/2744 3280/3590/2744 3281/3591/2744 3275/3585/2744
f 3279/3589/2745 3278/3588/2745 3282/3592/2745 3283/3593/2745
f 3279/3589/2746 3283/3593/2746 3284/3594/2746 3280/3590/2746
f 3284/3594/2747 3285/3595/2747 3286/3596/2747 3280/3590/2747
f 3284/3594/2748 3283/3593/2748 3287/3597/2748 3288/3598/2748
f 3284/3594/2749 3288/3598/2749 3289/3599/2749 3285/3595/2749
f 3289/3599/2750 3290/3600/2750 3291/3601/2750 3285/3595/2750
f 3289/3599/2751 3288/3598/2751 3292/3602/2751 3293/3603/2751
f 3289/3599/2752 3293/3603/2752 3294/3604/2752 3290/3600/2752
f 3294/3604/2753 3295/3605/2753 3296/3606/2753 3290/3600/2753
f 3294/3604/2754 3293/3603/2754 3297/3607/2754 3298/3608/2754
f 3294/3604/2755 3298/3608/2755 3299/3609/2755 3295/3605/2755
f 3299/3609/2756 3300/3610/2756 3301/3611/2756 3295/3605/2756
f 3299/3609/2757 3298/3608/2757 3302/3612/2757 3303/3613/2757
f 3299/3609/2758 3303/3613/2758 3304/3614/2758 3300/3610/2758
f 3304/3614/2759 3305/3615/2759 3306/3616/2759 3300/3610/2759
f 3304/3617/2760 3303/3618/2760 3307/3619/2760 3308/3620/2760
f 3304/3617/2761 3308/3620/2761 3309/3621/2761 3305/3622/2761
f 3309/3621/2762 3310/3623/2762 3311/3624/2762 3305/3622/2762
f 3309/3621/2763 3308/3620/2763 3312/3625/2763 3313/3626/2763
f 3309/3621/2764 3313/3626/2764 3314/3627/2764 3310/3623/2764
f 3314/3627/2765 3315/3628/2765 3316/3629/2765 3310/3623/2765
f 3314/3627/2766 3313/3626/2766 3317/3630/2766 3318/3631/2766
f 3314/3627/2767 3318/3631/2767 3319/3632/2767 3315/3628/2767
f 3319/3632/2768 3320/3633/2768 3321/3634/2768 3315/3628/2768
f 3319/3632/2769 3318/3631/2769 3322/3635/2769 3323/3636/2769
f 3319/3632/2770 3323/3636/2770 3324/3637/2770 3320/3633/2770
f 3324/3637/2771 3325/3638/2771 3326/3639/2771 3320/3633/2771
f 3324/3637/2772 3323/3636/2772 3327/3640/2772 3328/3641/2772
f 3324/3637/2773 3328/3641/2773 3329/3642/2773 3325/3638/2773
f 3329/3642/2774 3330/3643/2774 3331/3644/2774 3325/3638/2774
f 3329/3642/2775 3328/3641/2775 3332/3645/2775 3333/3646/2775
f 3329/3642/2776 3333/3646/2776 3334/3647/2776 3330/3643/2776
f 3334/3647/2777 3335/3648/2777 3336/3649/2777 3330/3643/2777
f 3334/3647/2778 3333/3646/2778 3337/3650/2778 3338/3651/2778
f 3334/3647/2779 3338/3651/2779 3339/3652/2779 3335/3648/2779
f 3339/3652/2780 3340/3653/2780 3341/3654/2780 3335/3648/2780
f 3339/3652/2781 3338/3651/2781 3342/3655/2781 3343/3656/2781
f 3339/3652/2782 3343/3656/2782 3344/3657/2782 3340/3653/2782
f 3344/3657/2783 3345/3658/2783 3346/3659/2783 3340/3653/2783
f 3344/3657/2784 3343/3656/2784 3347/3660/2784 3348/3661/2784
f 3344/3657/2785 3348/3661/2785 3349/3662/2785 3345/3658/2785
f 3349/3662/2786 3350/3663/2786 3351/3664/2786 3345/3658/2786
f 3349/3662/2787 3348/3661/2787 3352/3665/2787 3353/3666/2787
f 3349/3662/2788 3353/3666/2788 3354/3667/2788 3350/3663/2788
f 3354/3667/2789 3355/3668/2789 3356/3669/2789 3350/3663/2789
f 3354/3667/2790 3353/3666/2790 3357/3670/2790 3358/3671/2790
f 3354/3667/2791 3358/3671/2791 3359/3672/2791 3355/3668/2791
f 3359/3672/2792 3360/3673/2792 3361/3674/2792 3355/3668/2792
f 3359/3672/2793 3358/3671/2793 3362/3675/2793 3363/3676/2793
f 3359/3672/2794 3363/3676/2794 3364/3677/2794 3360/3673/2794
f 3364/3677/2795 3365/3678/2795 3366/3679/2795 3360/3673/2795
f 3364/3677/2796 3363/3676/2796 3367/3680/2796 3368/3681/2796
f 3364/3677/2797 3368/3681/2797 3369/3682/2797 3365/3678/2797
f 3369/3682/2798 3370/3683/2798 3371/3684/2798 3365/3678/2798
f 3369/3682/2799 3368/3681/2799 3372/3685/2799 3373/3686/2799
f 3369/3682/2800 3373/3686/2800 3374/3687/2800 3370/3683/2800
f 3374/3687/2801 3375/3688/2801 3376/3689/2801 3370/3683/2801
f 3374/3687/2802 3373/3686/2802 3377/3690/2802 3378/3691/2802
f 3374/3687/2803 3378/3691/2803 3379/3692/2803 3375/3688/2803
f 3379/3692/2804 3380/3693/2804 3381/3694/2804 3375/3688/2804
f 3379/3692/2805 3378/3691/2805 3382/3695/2805 3383/3696/2805
f 3379/3692/2806 3383/3696/2806 3384/3697/2806 3380/3693/2806
f 3384/3697/2807 3385/3698/2807 3386/3699/2807 3380/3693/2807
f 3384/3700/2808 3383/3701/2808 3387/3702/2808 3388/3703/2808
f 3384/3700/2809 3388/3703/2809 3389/3704/2809 3385/3705/2809
f 3389/3704/2810 3390/3706/2810 3391/3707/2810 3385/3705/2810
f 3389/3704/2811 3388/3703/2811 3392/3708/2811 3393/3709/2811
f 3389/3704/2812 3393/3709/2812 3394/3710/2812 3390/3706/2812
f 3394/3710/2813 3395/3711/2813 3396/3712/2813 3390/3706/2813
f 3394/3710/2814 3393/3709/2814 3397/3713/2814 3398/3714/2814
f 3394/3710/2815 3398/3714/2815 3399/3715/2815 3395/3711/2815
f 3399/3715/2816 3400/3716/2816 3401/3717/2816 3395/3711/2816
f 3399/3715/2817 3398/3714/2817 3402/3718/2817 3403/3719/2817
f 3399/3715/2818 3403/3719/2818 3404/3720/2818 3400/3716/2818
f 3404/3720/2819 3405/3721/2819 3406/3722/2819 3400/3716/2819
f 3404/3720/2820 3403/3719/2820 3407/3723/2820 3408/3724/2820
f 3404/3720/2821 3408/3724/2821 3409/3725/2821 3405/3721/2821
f 3409/3725/2822 3410/3726/2822 3411/3727/2822 3405/3721/2822
f 3409/3725/2823 3408/3724/2823 3412/3728/2823 3413/3729/2823
f 3409/3725/2824 3413/3729/2824 3414/3730/2824 3410/3726/2824
f 3414/3730/2825 3415/3731/2825 3416/3732/2825 3410/3726/2825
f 3414/3730/2826 3413/3729/2826 3417/3733/2826 3418/3734/2826
f 3414/3730/2827 3418/3734/2827 3419/3735/2827 3415/3731/2827
f 3419/3735/2828 3420/3736/2828 3421/3737/2828 3415/3731/2828
f 3419/3735/2829 3418/3734/2829 3422/3738/2829 3423/3739/2829
f 3419/3735/2830 3423/3739/2830 3424/3740/2830 3420/3736/2830
f 3424/3740/2831 3425/3741/2831 3426/3742/2831 3420/3736/2831
f 3424/3740/2832 3423/3739/2832 3427/3743/2832 3428/3744/2832
f 3424/3740/2833 3428/3744/2833 3429/3745/2833 3425/3741/2833
f 3429/3745/2834 3430/3746/2834 3431/3747/2834 3425/3741/2834
f 3429/3745/2835 3428/3744/2835 3432/3748/2835 3433/3749/2835
f 3429/3745/2836 3433/3749/2836 3434/3750/2836 3430/3746/2836
f 3434/3750/2837 3435/3751/2837 3436/3752/2837 3430/3746/2837
f 3434/3750/2838 3433/3749/2838 3437/3753/2838 3438/3754/2838
f 3434/3750/2839 3438/3754/2839 3439/3755/2839 3435/3751/2839
f 3439/3755/2840 3440/3756/2840 3441/3757/2840 3435/3751/2840
f 3439/3755/2841 3438/3754/2841 3442/3758/2841 3443/3759/2841
f 3439/3755/2842 3443/3759/2842 3444/3760/2842 3440/3756/2842
f 3444/3760/2843 3445/3761/2843 3446/3762/2843 3440/3756/2843
f 3444/3760/2844 3443/3759/2844 3447/3763/2844 3448/3764/2844
f 3444/3760/2845 3448/3764/2845 3449/3765/2845 3445/3761/2845
f 3449/3765/2846 3450/3766/2846 3451/3767/2846 3445/3761/2846
f 3449/3768/2847 3448/3769/2847 3452/3770/2847 3453/3771/2847
f 3449/3768/2848 3453/3771/2848 3454/3772/2848 3450/3773/2848
f 3454/3772/2849 3455/3774/2849 3456/3775/2849 3450/3773/2849
f 3454/3772/2850 3453/3771/2850 3457/3776/2850 3458/3777/2850
f 3454/3772/2851 3458/3777/2851 3459/3778/2851 3455/3774/2851
f 3459/3778/2852 3460/3779/2852 3461/3780/2852 3455/3774/2852
f 3459/3778/2853 3458/3777/2853 3462/3781/2853 3463/3782/2853
f 3459/3778/2854 3463/3782/2854 3464/3783/2854 3460/3779/2854
f 3464/3783/2855 3465/3784/2855 3466/3785/2855 3460/3779/2855
f 3464/3783/2856 3463/3782/2856 3467/3786/2856 3468/3787/2856
f 3464/3783/2857 3468/3787/2857 3469/3788/2857 3465/3784/2857
f 3469/3788/2858 3470/3789/2858 3471/3790/2858 3465/3784/2858
f 3469/3788/2859 3468/3787/2859 3472/3791/2859 3473/3792/2859
f 3469/3788/2860 3473/3792/2860 3474/3793/2860 3470/3789/2860
f 3474/3793/2861 3475/3794/2861 3476/3795/2861 3470/3789/2861
f 3474/3793/2862 3473/3792/2862 3477/3796/2862 3478/3797/2862
f 3474/3793/2863 3478/3797/2863 3479/3798/2863 3475/3794/2863
f 3479/3798/2864 3480/3799/2864 3481/3800/2864 3475/3794/2864
f 3479/3798/2865 3478/3797/2865 3482/3801/2865 3483/3802/2865
f 3479/3798/2866 3483/3802/2866 3484/3803/2866 3480/3799/2866
f 3484/3803/2867 3485/3804/2867 3486/3805/2867 3480/3799/2867
f 3484/3803/2868 3483/3802/2868 3487/3806/2868 3488/3807/2868
f 3484/3803/2869 3488/3807/2869 3489/3808/2869 3485/3804/2869
f 3489/3808/2870 3490/3809/2870 3491/3810/2870 3485/3804/2870
f 3489/3808/2871 3488/3807/2871 3492/3811/2871 3493/3812/2871
f 3489/3808/2872 3493/3812/2872 3494/3813/2872 3490/3809/2872
f 3494/3813/2873 3495/3814/2873 3496/3815/2873 3490/3809/2873
f 3494/3813/2874 3493/3812/2874 3497/3816/2874 3498/3817/2874
f 3494/3813/2875 3498/3817/2875 3499/3818/2875 3495/3814/2875
f 3499/3818/2876 3500/3819/2876 3501/3820/2876 3495/3814/2876
f 3499/3818/2877 3498/3817/2877 3502/3821/2877 3503/3822/2877
f 3499/3818/2878 3503/3822/2878 3504/3823/2878 3500/3819/2878
f 3504/3824/2879 3505/3825/2879 3506/3826/2879 3500/3827/2879
f 3504/3824/2880 3503/3828/2880 3507/3829/2880 3508/3830/2880
f 3504/3824/2881 3508/3830/2881 3509/3831/2881 3505/3825/2881
f 3509/3831/2882 3510/3832/2882 3511/3833/2882 3505/3825/2882
f 3509/3831/2883 3508/3830/2883 3512/3834/2883 3513/3835/2883
f 3509/3831/2884 3513/3835/2884 3514/3836/2884 3510/3832/2884
f 3514/3836/2885 3515/3837/2885 3516/3838/2885 3510/3832/2885
f 3514/3836/2886 3513/3835/2886 3517/3839/2886 3518/3840/2886
f 3514/3836/2887 3518/3840/2887 3519/3841/2887 3515/3837/2887
f 3519/3841/2888 3520/3842/2888 3521/3843/2888 3515/3837/2888
f 3519/3841/2889 3518/3840/2889 3522/3844/2889 3523/3845/2889
f 3519/3841/2890 3523/3845/2890 3524/3846/2890 3520/3842/2890
f 3524/3846/2891 3525/3847/2891 3526/3848/2891 3520/3842/2891
f 3524/3846/2892 3523/3845/2892 3527/3849/2892 3528/3850/2892
f 3524/3846/2893 3528/3850/2893 3529/3851/2893 3525/3847/2893
f 3529/3851/2894 3530/3852/2894 3531/3853/2894 3525/3847/2894
f 3529/3851/2895 3528/3850/2895 3532/3854/2895 3533/3855/2895
f 3529/3851/2896 3533/3855/2896 3534/3856/2896 3530/3852/2896
f 3534/3856/2897 3535/3857/2897 3536/3858/2897 3530/3852/2897
f 3534/3856/2898 3533/3855/2898 3537/3859/2898 3538/3860/2898
f 3534/3856/2899 3538/3860/2899 3539/3861/2899 3535/3857/2899
f 3539/3861/2900 3540/3862/2900 3541/3863/2900 3535/3857/2900
f 3539/3861/2901 3538/3860/2901 3542/3864/2901 3543/3865/2901
f 3539/3861/2902 3543/3865/2902 3544/3866/2902 3540/3862/2902
f 3544/3866/2903 3545/3867/2903 3546/3868/2903 3540/3862/2903
f 3544/3866/2904 3543/3865/2904 3547/3869/2904 3548/3870/2904
f 3544/3866/2905 3548/3870/2905 3549/3871/2905 3545/3867/2905
f 3549/3871/2906 3550/3872/2906 3551/3873/2906 3545/3867/2906
f 3549/3871/2907 3548/3870/2907 3552/3874/2907 3553/3875/2907
f 3549/3871/2908 3553/3875/2908 3554/3876/2908 3550/3872/2908
f 3554/3876/2909 3555/3877/2909 3556/3878/2909 3550/3872/2909
f 3554/3876/2910 3553/3875/2910 3557/3879/2910 3558/3880/2910
f 3554/3876/2911 3558/3880/2911 3559/3881/2911 3555/3877/2911
f 3559/3881/2912 3560/3882/2912 3561/3883/2912 3555/3877/2912
f 3559/3884/2913 3558/3885/2913 3562/3886/2913 3563/3887/2913
f 3559/3884/2914 3563/3887/2914 3564/3888/2914 3560/3889/2914
f 3564/3888/2915 3565/3890/2915 3566/3891/2915 3560/3889/2915
f 3564/3888/2916 3563/3887/2916 3567/3892/2916 3568/3893/2916
f 3564/3888/2917 3568/3893/2917 3569/3894/2917 3565/3890/2917
f 3569/3894/2918 3570/3895/2918 3571/3896/2918 3565/3890/2918
f 3569/3894/2919 3568/3893/2919 3572/3897/2919 3573/3898/2919
f 3569/3894/2920 3573/3898/2920 3574/3899/2920 3570/3895/2920
f 3574/3899/2921 3575/3900/2921 3576/3901/2921 3570/3895/2921
f 3574/3899/2922 3573/3898/2922 3577/3902/2922 3578/3903/2922
f 3574/3899/2923 3578/3903/2923 3579/3904/2923 3575/3900/2923
f 3579/3904/2924 3580/3905/2924 3581/3906/2924 3575/3900/2924
f 3579/3904/2925 3578/3903/2925 3582/3907/2925 3583/3908/2925
f 3579/3904/2926 3583/3908/2926 3584/3909/2926 3580/3905/2926
f 3584/3909/2927 3585/3910/2927 3586/3911/2927 3580/3905/2927
f 3584/3909/2928 3583/3908/2928 3587/3912/2928 3588/3913/2928
f 3584/3909/2929 3588/3913/2929 3589/3914/2929 3585/3910/2929
f 3589/3914/2930 3590/3915/2930 3591/3916/2930 3585/3910/2930
f 3589/3914/2931 3588/3913/2931 3592/3917/2931 3593/3918/2931
f 3589/3914/2932 3593/3918/2932 3594/3919/2932 3590/3915/2932
f 3594/3919/2933 2969/3252/2933 2967/3250/2933 3590/3915/2933
f 3594/3919/2934 3593/3918/2934 3595/3920/2934 3596/3921/2934
f 3594/3919/2935 3596/3921/2935 3597/3922/2935 2969/3252/2935
f 3597/3922/2936 2972/3255/2936 2970/3253/2936 2969/3252/2936
f 3597/3922/2937 3596/3921/2937 3598/3923/2937 3599/3924/2937
f 3597/3922/2938 3599/3924/2938 3600/3925/2938 2972/3255/2938
f 3600/3925/2939 2975/3258/2939 2973/3256/2939 2972/3255/2939
f 3600/3925/2940 3599/3924/2940 3601/3926/2940 3602/3927/2940
f 3600/3925/2941 3602/3927/2941 3603/3928/2941 2975/3258/2941
f 3603/3928/2942 2978/3261/2942 2976/3259/2942 2975/3258/2942
f 3603/3928/2943 3602/3927/2943 3604/3929/2943 3605/3930/2943
f 3603/3928/2944 3605/3930/2944 3606/3931/2944 2978/3261/2944
f 3606/3931/2945 2981/3264/2945 2979/3262/2945 2978/3261/2945
f 3606/3931/2946 3605/3930/2946 3607/3932/2946 3608/3933/2946
f 3606/3931/2947 3608/3933/2947 3609/3934/2947 2981/3264/2947
f 3609/3934/2948 2984/3267/2948 2982/3265/2948 2981/3264/2948
f 3609/3934/2949 3608/3933/2949 3610/3935/2949 3611/3936/2949
f 3609/3934/2950 3611/3936/2950 3612/3937/2950 2984/3267/2950
f 3612/3937/2951 2987/3270/2951 2985/3268/2951 2984/3267/2951
f 3612/3937/2952 3611/3936/2952 3613/3938/2952 3614/3939/2952
f 3612/3937/2953 3614/3939/2953 2991/3274/2953 2987/3270/2953
f 3614/3939/2954 3613/3938/2954 3615/3940/2954 3616/3941/2954
f 3614/3939/2955 3616/3941/2955 2992/3275/2955 2991/3274/2955
f 3616/3941/2956 3615/3940/2956 3617/3942/2956 3618/3943/2956
f 3616/3941/2957 3618/3943/2957 2994/3277/2957 2992/3275/2957
f 3618/3944/2958 3617/3945/2958 3619/3946/2958 3620/3947/2958
f 3618/3944/2959 3620/3947/2959 2996/3281/2959 2994/3280/2959
f 3620/3947/2960 3619/3946/2960 3621/3948/2960 3002/3289/2960
f 3620/3947/2961 3002/3289/2961 3000/3287/2961 2996/3281/2961
f 3621/3948/2962 3619/3946/2962 3622/3949/2962 3623/3950/2962
f 3621/3948/2963 3623/3950/2963 3624/3951/2963 3005/3292/2963
f 3621/3948/2964 3005/3292/2964 3003/3290/2964 3002/3289/2964
f 3624/3951/2965 3623/3950/2965 3625/3952/2965 3626/3953/2965
f 3624/3951/2966 3626/3953/2966 3627/3954/2966 3008/3295/2966
f 3624/3951/2967 3008/3295/2967 3006/3293/2967 3005/3292/2967
f 3627/3954/2968 3626/3953/2968 3628/3955/2968 3629/3956/2968
f 3627/3954/2969 3629/3956/2969 3019/3306/2969 3011/3298/2969
f 3627/3954/2970 3011/3298/2970 3009/3296/2970 3008/3295/2970
f 3629/3956/2971 3628/3955/2971 3630/3957/2971 3022/3309/2971
f 3629/3956/2972 3022/3309/2972 3020/3307/2972 3019/3306/2972
f 3630/3957/2973 3628/3955/2973 3631/3958/2973 3632/3959/2973
f 3630/3957/2974 3632/3959/2974 3633/3960/2974 3025/3312/2974
f 3630/3957/2975 3025/3312/2975 3023/3310/2975 3022/3309/2975
f 3633/3960/2976 3632/3959/2976 3634/3961/2976 3635/3962/2976
f 3633/3960/2977 3635/3962/2977 3636/3963/2977 3028/3315/2977
f 3633/3960/2978 3028/3315/2978 3026/3313/2978 3025/3312/2978
f 3636/3963/2979 3635/3962/2979 3637/3964/2979 3638/3965/2979
f 3636/3963/2980 3638/3965/2980 3639/3966/2980 3031/3318/2980
f 3636/3963/2981 3031/3318/2981 3029/3316/2981 3028/3315/2981
f 3639/3967/2982 3638/3968/2982 3640/3969/2982 3641/3970/2982
f 3639/3967/2983 3641/3970/2983 3642/3971/2983 3034/3972/2983
f 3639/3966/2984 3034/3321/2984 3032/3319/2984 3031/3318/2984
f 3642/3971/2985 3641/3970/2985 3643/3973/2985 3644/3974/2985
f 3642/3971/2986 3644/3974/2986 3645/3975/2986 3037/3326/2986
f 3642/3971/2987 3037/3326/2987 3035/3325/2987 3034/3972/2987
f 3645/3975/2988 3644/3974/2988 3646/3976/2988 3647/3977/2988
f 3645/3975/2989 3647/3977/2989 3648/3978/2989 3040/3330/2989
f 3645/3975/2990 3040/3330/2990 3038/3327/2990 3037/3326/2990
f 3648/3978/2991 3647/3977/2991 3649/3979/2991 3650/3980/2991
f 3648/3978/2992 3650/3980/2992 3651/3981/2992 3043/3333/2992
f 3648/3978/2993 3043/3333/2993 3041/3331/2993 3040/3330/2993
f 3651/3981/2994 3650/3980/2994 3652/3982/2994 3653/3983/2994
f 3651/3981/2995 3653/3983/2995 3654/3984/2995 3046/3336/2995
f 3651/3981/2996 3046/3336/2996 3044/3334/2996 3043/3333/2996
f 3654/3984/2997 3653/3983/2997 3655/3985/2997 3656/3986/2997
f 3654/3984/2998 3656/3986/2998 3657/3987/2998 3049/3339/2998
f 3654/3984/2999 3049/3339/2999 3047/3337/2999 3046/3336/2999
f 3657/3987/3000 3656/3986/3000 3658/3988/3000 3659/3989/3000
f 3657/3987/3001 3659/3989/3001 3660/3990/3001 3052/3342/3001
f 3657/3987/3002 3052/3342/3002 3050/3340/3002 3049/3339/3002
f 3660/3990/3003 3659/3989/3003 3661/3991/3003 3662/3992/3003
f 3660/3990/3004 3662/3992/3004 3663/3993/3004 3055/3345/3004
f 3660/3990/3005 3055/3345/3005 3053/3343/3005 3052/3342/3005
f 3663/3993/3006 3662/3992/3006 3664/3994/3006 3665/3995/3006
f 3663/3993/3007 3665/3995/3007 3666/3996/3007 3058/3348/3007
f 3663/3993/3008 3058/3348/3008 3056/3346/3008 3055/3345/3008
f 3666/3996/3009 3665/3995/3009 3667/3997/3009 3668/3998/3009
f 3666/3996/3010 3668/3998/3010 3669/3999/3010 3061/3351/3010
f 3666/3996/3011 3061/3351/3011 3059/3349/3011 3058/3348/3011
f 3669/3999/3012 3668/3998/3012 3670/4000/3012 3671/4001/3012
f 3669/3999/3013 3671/4001/3013 3672/4002/3013 3064/3354/3013
f 3669/3999/3014 3064/3354/3014 3062/3352/3014 3061/3351/3014
f 3672/4002/3015 3671/4001/3015 3673/4003/3015 3674/4004/3015
f 3672/4002/3016 3674/4004/3016 3675/4005/3016 3067/3357/3016
f 3672/4002/3017 3067/3357/3017 3065/3355/3017 3064/3354/3017
f 3675/4005/3018 3674/4004/3018 3676/4006/3018 3677/4007/3018
f 3675/4005/3019 3677/4007/3019 3678/4008/3019 3070/3360/3019
f 3675/4005/3020 3070/3360/3020 3068/3358/3020 3067/3357/3020
f 3678/4008/3021 3677/4007/3021 3679/4009/3021 3680/4010/3021
f 3678/4008/3022 3680/4010/3022 3681/4011/3022 3073/3363/3022
f 3678/4008/3023 3073/3363/3023 3071/3361/3023 3070/3360/3023
f 3681/4011/3024 3680/4010/3024 3682/4012/3024 3683/4013/3024
f 3681/4011/3025 3683/4013/3025 3684/4014/3025 3076/3366/3025
f 3681/4011/3026 3076/3366/3026 3074/3364/3026 3073/3363/3026
f 3684/4014/3027 3683/4013/3027 3685/4015/3027 3686/4016/3027
f 3684/4014/3028 3686/4016/3028 3687/4017/3028 3079/3369/3028
f 3684/4014/3029 3079/3369/3029 3077/3367/3029 3076/3366/3029
f 3687/4018/3030 3686/4019/3030 3688/4020/3030 3689/4021/3030
f 3687/4018/3031 3689/4021/3031 3690/4022/3031 3082/4023/3031
f 3687/4017/3032 3082/3372/3032 3080/3370/3032 3079/3369/3032
f 3690/4022/3033 3689/4021/3033 3691/4024/3033 3692/4025/3033
f 3690/4022/3034 3692/4025/3034 3693/4026/3034 3085/3377/3034
f 3690/4022/3035 3085/3377/3035 3083/3376/3035 3082/4023/3035
f 3693/4026/3036 3692/4025/3036 3694/4027/3036 3695/4028/3036
f 3693/4026/3037 3695/4028/3037 3696/4029/3037 3088/3381/3037
f 3693/4026/3038 3088/3381/3038 3086/3378/3038 3085/3377/3038
f 3696/4029/3039 3695/4028/3039 3697/4030/3039 3698/4031/3039
f 3696/4029/3040 3698/4031/3040 3699/4032/3040 3091/3384/3040
f 3696/4029/3041 3091/3384/3041 3089/3382/3041 3088/3381/3041
f 3699/4032/3042 3698/4031/3042 3700/4033/3042 3701/4034/3042
f 3699/4032/3043 3701/4034/3043 3702/4035/3043 3094/3387/3043
f 3699/4032/3044 3094/3387/3044 3092/3385/3044 3091/3384/3044
f 3702/4035/3045 3701/4034/3045 3703/4036/3045 3704/4037/3045
f 3702/4035/3046 3704/4037/3046 3705/4038/3046 3097/3390/3046
f 3702/4035/3047 3097/3390/3047 3095/3388/3047 3094/3387/3047
f 3705/4038/3048 3704/4037/3048 3706/4039/3048 3707/4040/3048
f 3705/4038/3049 3707/4040/3049 3708/4041/3049 3100/3393/3049
f 3705/4038/3050 3100/3393/3050 3098/3391/3050 3097/3390/3050
f 3708/4041/3051 3707/4040/3051 3709/4042/3051 3710/4043/3051
f 3708/4041/3052 3710/4043/3052 3711/4044/3052 3103/3396/3052
f 3708/4041/3053 3103/3396/3053 3101/3394/3053 3100/3393/3053
f 3711/4044/3054 3710/4043/3054 3712/4045/3054 3713/4046/3054
f 3711/4044/3055 3713/4046/3055 3714/4047/3055 3106/3399/3055
f 3711/4044/3056 3106/3399/3056 3104/3397/3056 3103/3396/3056
f 3714/4048/3057 3713/4049/3057 3715/4050/3057 3716/4051/3057
f 3714/4048/3058 3716/4051/3058 3717/4052/3058 3109/4053/3058
f 3714/4047/3059 3109/3402/3059 3107/3400/3059 3106/3399/3059
f 3717/4052/3060 3716/4051/3060 3718/4054/3060 3719/4055/3060
f 3717/4052/3061 3719/4055/3061 3720/4056/3061 3112/3408/3061
f 3717/4052/3062 3112/3408/3062 3110/3405/3062 3109/4053/3062
f 3720/4056/3063 3719/4055/3063 3721/4057/3063 3722/4058/3063
f 3720/4056/3064 3722/4058/3064 3723/4059/3064 3115/3411/3064
f 3720/4056/3065 3115/3411/3065 3113/3409/3065 3112/3408/3065
f 3723/4059/3066 3722/4058/3066 3724/4060/3066 3725/4061/3066
f 3723/4059/3067 3725/4061/3067 3726/4062/3067 3118/3414/3067
f 3723/4059/3068 3118/3414/3068 3116/3412/3068 3115/3411/3068
f 3726/4062/3069 3725/4061/3069 3727/4063/3069 3728/4064/3069
f 3726/4062/3070 3728/4064/3070 3729/4065/3070 3121/3417/3070
f 3726/4062/3071 3121/3417/3071 3119/3415/3071 3118/3414/3071
f 3729/4065/3072 3728/4064/3072 3730/4066/3072 3731/4067/3072
f 3729/4065/3073 3731/4067/3073 3732/4068/3073 3124/3420/3073
f 3729/4065/3074 3124/3420/3074 3122/3418/3074 3121/3417/3074
f 3732/4068/3075 3731/4067/3075 3733/4069/3075 3734/4070/3075
f 3732/4068/3076 3734/4070/3076 3735/4071/3076 3127/3423/3076
f 3732/4068/3077 3127/3423/3077 3125/3421/3077 3124/3420/3077
f 3735/4071/3078 3734/4070/3078 3736/4072/3078 3737/4073/3078
f 3735/4071/3079 3737/4073/3079 3738/4074/3079 3130/3426/3079
f 3735/4071/3080 3130/3426/3080 3128/3424/3080 3127/3423/3080
f 3738/4074/3081 3737/4073/3081 3739/4075/3081 3740/4076/3081
f 3738/4074/3082 3740/4076/3082 3741/4077/3082 3133/3429/3082
f 3738/4074/3083 3133/3429/3083 3131/3427/3083 3130/3426/3083
f 3741/4077/3084 3740/4076/3084 3742/4078/3084 3743/4079/3084
f 3741/4077/3085 3743/4079/3085 3744/4080/3085 3136/3432/3085
f 3741/4077/3086 3136/3432/3086 3134/3430/3086 3133/3429/3086
f 3744/4080/3087 3743/4079/3087 3745/4081/3087 3746/4082/3087
f 3744/4080/3088 3746/4082/3088 3747/4083/3088 3139/3435/3088
f 3744/4080/3089 3139/3435/3089 3137/3433/3089 3136/3432/3089
f 3747/4083/3090 3746/4082/3090 3748/4084/3090 3749/4085/3090
f 3747/4083/3091 3749/4085/3091 3750/4086/3091 3142/3438/3091
f 3747/4083/3092 3142/3438/3092 3140/3436/3092 3139/3435/3092
f 3750/4086/3093 3749/4085/3093 3751/4087/3093 3752/4088/3093
f 3750/4086/3094 3752/4088/3094 3753/4089/3094 3145/3441/3094
f 3750/4086/3095 3145/3441/3095 3143/3439/3095 3142/3438/3095
f 3753/4090/3096 3752/4091/3096 3754/4092/3096 3755/4093/3096
f 3753/4090/3097 3755/4093/3097 3756/4094/3097 3148/4095/3097
f 3753/4089/3098 3148/3444/3098 3146/3442/3098 3145/3441/3098
f 3756/4094/3099 3755/4093/3099 3757/4096/3099 3758/4097/3099
f 3756/4094/3100 3758/4097/3100 3759/4098/3100 3151/3449/3100
f 3756/4094/3101 3151/3449/3101 3149/3448/3101 3148/4095/3101
f 3759/4098/3102 3758/4097/3102 3760/4099/3102 3761/4100/3102
f 3759/4098/3103 3761/4100/3103 3762/4101/3103 3154/3453/3103
f 3759/4098/3104 3154/3453/3104 3152/3450/3104 3151/3449/3104
f 3762/4101/3105 3761/4100/3105 3763/4102/3105 3764/4103/3105
f 3762/4101/3106 3764/4103/3106 3765/4104/3106 3157/3456/3106
f 3762/4101/3107 3157/3456/3107 3155/3454/3107 3154/3453/3107
f 3765/4104/3108 3764/4103/3108 3766/4105/3108 3767/4106/3108
f 3765/4104/3109 3767/4106/3109 3768/4107/3109 3160/3459/3109
f 3765/4104/3110 3160/3459/3110 3158/3457/3110 3157/3456/3110
f 3768/4107/3111 3767/4106/3111 3769/4108/3111 3770/4109/3111
f 3768/4107/3112 3770/4109/3112 3771/4110/3112 3163/3462/3112
f 3768/4107/3113 3163/3462/3113 3161/3460/3113 3160/3459/3113
f 3771/4110/3114 3770/4109/3114 3772/4111/3114 3773/4112/3114
f 3771/4110/3115 3773/4112/3115 3774/4113/3115 3166/3465/3115
f 3771/4110/3116 3166/3465/3116 3164/3463/3116 3163/3462/3116
f 3774/4113/3117 3773/4112/3117 3775/4114/3117 3776/4115/3117
f 3774/4113/3118 3776/4115/3118 3777/4116/3118 3169/3468/3118
f 3774/4113/3119 3169/3468/3119 3167/3466/3119 3166/3465/3119
f 3777/4116/3120 3776/4115/3120 3778/4117/3120 3779/4118/3120
f 3777/4116/3121 3779/4118/3121 3780/4119/3121 3172/3471/3121
f 3777/4116/3122 3172/3471/3122 3170/3469/3122 3169/3468/3122
f 3780/4119/3123 3779/4118/3123 3781/4120/3123 3782/4121/3123
f 3780/4119/3124 3782/4121/3124 3783/4122/3124 3175/3474/3124
f 3780/4119/3125 3175/3474/3125 3173/3472/3125 3172/3471/3125
f 3783/4122/3126 3782/4121/3126 3784/4123/3126 3785/4124/3126
f 3783/4122/3127 3785/4124/3127 3786/4125/3127 3178/3477/3127
f 3783/4122/3128 3178/3477/3128 3176/3475/3128 3175/3474/3128
f 3786/4125/3129 3785/4124/3129 3787/4126/3129 3788/4127/3129
f 3786/4125/3130 3788/4127/3130 3789/4128/3130 3181/3480/3130
f 3786/4125/3131 3181/3480/3131 3179/3478/3131 3178/3477/3131
f 3789/4128/3132 3788/4127/3132 3790/4129/3132 3791/4130/3132
f 3789/4128/3133 3791/4130/3133 3792/4131/3133 3184/3483/3133
f 3789/4128/3134 3184/3483/3134 3182/3481/3134 3181/3480/3134
f 3792/4132/3135 3791/4133/3135 3793/4134/3135 3794/4135/3135
f 3792/4132/3136 3794/4135/3136 3795/4136/3136 3187/4137/3136
f 3792/4131/3137 3187/3486/3137 3185/3484/3137 3184/3483/3137
f 3795/4136/3138 3794/4135/3138 3796/4138/3138 3797/4139/3138
f 3795/4136/3139 3797/4139/3139 3798/4140/3139 3190/3491/3139
f 3795/4136/3140 3190/3491/3140 3188/3490/3140 3187/4137/3140
f 3798/4140/3141 3797/4139/3141 3799/4141/3141 3800/4142/3141
f 3798/4140/3142 3800/4142/3142 3801/4143/3142 3193/3495/3142
f 3798/4140/3143 3193/3495/3143 3191/3492/3143 3190/3491/3143
f 3801/4143/3144 3800/4142/3144 3802/4144/3144 3803/4145/3144
f 3801/4143/3145 3803/4145/3145 3804/4146/3145 3196/3498/3145
f 3801/4143/3146 3196/3498/3146 3194/3496/3146 3193/3495/3146
f 3804/4146/3147 3803/4145/3147 3805/4147/3147 3806/4148/3147
f 3804/4146/3148 3806/4148/3148 3807/4149/3148 3199/3501/3148
f 3804/4146/3149 3199/3501/3149 3197/3499/3149 3196/3498/3149
f 3807/4149/3150 3806/4148/3150 3808/4150/3150 3809/4151/3150
f 3807/4149/3151 3809/4151/3151 3810/4152/3151 3202/3504/3151
f 3807/4149/3152 3202/3504/3152 3200/3502/3152 3199/3501/3152
f 3810/4152/3153 3809/4151/3153 3811/4153/3153 3812/4154/3153
f 3810/4152/3154 3812/4154/3154 3813/4155/3154 3205/3507/3154
f 3810/4152/3155 3205/3507/3155 3203/3505/3155 3202/3504/3155
f 3813/4155/3156 3812/4154/3156 3814/4156/3156 3815/4157/3156
f 3813/4155/3157 3815/4157/3157 3816/4158/3157 3208/3510/3157
f 3813/4155/3158 3208/3510/3158 3206/3508/3158 3205/3507/3158
f 3816/4158/3159 3815/4157/3159 3817/4159/3159 3818/4160/3159
f 3816/4158/3160 3818/4160/3160 3819/4161/3160 3211/3513/3160
f 3816/4158/3161 3211/3513/3161 3209/3511/3161 3208/3510/3161
f 3819/4161/3162 3818/4160/3162 3820/4162/3162 3821/4163/3162
f 3819/4161/3163 3821/4163/3163 3822/4164/3163 3214/3516/3163
f 3819/4161/3164 3214/3516/3164 3212/3514/3164 3211/3513/3164
f 3822/4164/3165 3821/4163/3165 3823/4165/3165 3824/4166/3165
f 3822/4164/3166 3824/4166/3166 3825/4167/3166 3217/3519/3166
f 3822/4164/3167 3217/3519/3167 3215/3517/3167 3214/3516/3167
f 3825/4167/3168 3824/4166/3168 3826/4168/3168 3827/4169/3168
f 3825/4167/3169 3827/4169/3169 3828/4170/3169 3220/3522/3169
f 3825/4167/3170 3220/3522/3170 3218/3520/3170 3217/3519/3170
f 3828/4170/3171 3827/4169/3171 3829/4171/3171 3830/4172/3171
f 3828/4173/3172 3830/4174/3172 3831/4175/3172 3223/3528/3172
f 3828/4173/3173 3223/3528/3173 3221/3525/3173 3220/4176/3173
f 3831/4175/3174 3830/4174/3174 3832/4177/3174 3833/4178/3174
f 3831/4175/3175 3833/4178/3175 3834/4179/3175 3835/4180/3175
f 3831/4175/3176 3835/4180/3176 3224/3529/3176 3223/3528/3176
f 3835/4180/3177 3834/4179/3177 3836/4181/3177 3837/4182/3177
f 3835/4180/3178 3837/4182/3178 3225/3530/3178 3224/3529/3178
f 3837/4182/3179 3836/4181/3179 3838/4183/3179 3230/3535/3179
f 3837/4182/3180 3230/3535/3180 3227/3532/3180 3225/3530/3180
f 3838/4183/3181 3836/4181/3181 3839/4184/3181 3840/4185/3181
f 3838/4183/3182 3840/4185/3182 3841/4186/3182 3233/3538/3182
f 3838/4183/3183 3233/3538/3183 3231/3536/3183 3230/3535/3183
f 3841/4186/3184 3840/4185/3184 3842/4187/3184 3843/4188/3184
f 3841/4186/3185 3843/4188/3185 3844/4189/3185 3236/3541/3185
f 3841/4186/3186 3236/3541/3186 3234/3539/3186 3233/3538/3186
f 3844/4189/3187 3239/3544/3187 3237/3542/3187 3236/3541/3187
f 3844/4189/3188 3843/4188/3188 3845/4190/3188 3846/4191/3188
f 3844/4189/3189 3846/4191/3189 3847/4192/3189 3239/3544/3189
f 3847/4192/3190 3242/3547/3190 3240/3545/3190 3239/3544/3190
f 3847/4192/3191 3846/4191/3191 3848/4193/3191 3849/4194/3191
f 3847/4192/3192 3849/4194/3192 3850/4195/3192 3242/3547/3192
f 3850/4195/3193 3245/3551/3193 3243/3548/3193 3242/3547/3193
f 3850/4195/3194 3849/4194/3194 3851/4196/3194 3852/4197/3194
f 3850/4195/3195 3852/4197/3195 3853/4198/3195 3245/3551/3195
f 3853/4198/3196 3248/3556/3196 3246/3552/3196 3245/3551/3196
f 3853/4198/3197 3852/4197/3197 3854/4199/3197 3855/4200/3197
f 3853/4198/3198 3855/4200/3198 3252/3562/3198 3248/3556/3198
f 3855/4200/3199 3854/4199/3199 3856/4201/3199 3857/4202/3199
f 3855/4200/3200 3857/4202/3200 3253/3563/3200 3252/3562/3200
f 3857/4202/3201 3856/4201/3201 3858/4203/3201 3262/3572/3201
f 3857/4202/3202 3262/3572/3202 3255/3565/3202 3253/3563/3202
f 3858/4203/3203 3267/3577/3203 3263/3573/3203 3262/3572/3203
f 3858/4203/3204 3856/4201/3204 3859/4204/3204 3860/4205/3204
f 3858/4203/3205 3860/4205/3205 3861/4206/3205 3267/3577/3205
f 3861/4206/3206 3272/3582/3206 3268/3578/3206 3267/3577/3206
f 3861/4206/3207 3860/4205/3207 3862/4207/3207 3863/4208/3207
f 3861/4206/3208 3863/4208/3208 3864/4209/3208 3272/3582/3208
f 3864/4209/3209 3277/3587/3209 3273/3583/3209 3272/3582/3209
f 3864/4209/3210 3863/4208/3210 3865/4210/3210 3866/4211/3210
f 3864/4209/3211 3866/4211/3211 3867/4212/3211 3277/3587/3211
f 3867/4212/3212 3282/3592/3212 3278/3588/3212 3277/3587/3212
f 3867/4212/3213 3866/4211/3213 3868/4213/3213 3869/4214/3213
f 3867/4212/3214 3869/4214/3214 3870/4215/3214 3282/3592/3214
f 3870/4215/3215 3287/3597/3215 3283/3593/3215 3282/3592/3215
f 3870/4215/3216 3869/4214/3216 3871/4216/3216 3872/4217/3216
f 3870/4215/3217 3872/4217/3217 3873/4218/3217 3287/3597/3217
f 3873/4218/3218 3292/3602/3218 3288/3598/3218 3287/3597/3218
f 3873/4218/3219 3872/4217/3219 3874/4219/3219 3875/4220/3219
f 3873/4218/3220 3875/4220/3220 3876/4221/3220 3292/3602/3220
f 3876/4221/3221 3297/3607/3221 3293/3603/3221 3292/3602/3221
f 3876/4221/3222 3875/4220/3222 3877/4222/3222 3878/4223/3222
f 3876/4221/3223 3878/4223/3223 3879/4224/3223 3297/3607/3223
f 3879/4224/3224 3302/3612/3224 3298/3608/3224 3297/3607/3224
f 3879/4225/3225 3878/4226/3225 3880/4227/3225 3881/4228/3225
f 3879/4225/3226 3881/4228/3226 3882/4229/3226 3302/4230/3226
f 3882/4229/3227 3307/3619/3227 3303/3618/3227 3302/4230/3227
f 3882/4229/3228 3881/4228/3228 3883/4231/3228 3884/4232/3228
f 3882/4229/3229 3884/4232/3229 3885/4233/3229 3307/3619/3229
f 3885/4233/3230 3312/3625/3230 3308/3620/3230 3307/3619/3230
f 3885/4233/3231 3884/4232/3231 3886/4234/3231 3887/4235/3231
f 3885/4233/3232 3887/4235/3232 3888/4236/3232 3312/3625/3232
f 3888/4236/3233 3317/3630/3233 3313/3626/3233 3312/3625/3233
f 3888/4236/3234 3887/4235/3234 3889/4237/3234 3890/4238/3234
f 3888/4236/3235 3890/4238/3235 3891/4239/3235 3317/3630/3235
f 3891/4239/3236 3322/3635/3236 3318/3631/3236 3317/3630/3236
f 3891/4239/3237 3890/4238/3237 3892/4240/3237 3893/4241/3237
f 3891/4239/3238 3893/4241/3238 3894/4242/3238 3322/3635/3238
f 3894/4242/3239 3327/3640/3239 3323/3636/3239 3322/3635/3239
f 3894/4242/3240 3893/4241/3240 3895/4243/3240 3896/4244/3240
f 3894/4242/3241 3896/4244/3241 3897/4245/3241 3327/3640/3241
f 3897/4245/3242 3332/3645/3242 3328/3641/3242 3327/3640/3242
f 3897/4245/3243 3896/4244/3243 3898/4246/3243 3899/4247/3243
f 3897/4245/3244 3899/4247/3244 3900/4248/3244 3332/3645/3244
f 3900/4248/3245 3337/3650/3245 3333/3646/3245 3332/3645/3245
f 3900/4248/3246 3899/4247/3246 3901/4249/3246 3902/4250/3246
f 3900/4248/3247 3902/4250/3247 3903/4251/3247 3337/3650/3247
f 3903/4251/3248 3342/3655/3248 3338/3651/3248 3337/3650/3248
f 3903/4251/3249 3902/4250/3249 3904/4252/3249 3905/4253/3249
f 3903/4251/3250 3905/4253/3250 3906/4254/3250 3342/3655/3250
f 3906/4254/3251 3347/3660/3251 3343/3656/3251 3342/3655/3251
f 3906/4254/3252 3905/4253/3252 3907/4255/3252 3908/4256/3252
f 3906/4254/3253 3908/4256/3253 3909/4257/3253 3347/3660/3253
f 3909/4257/3254 3352/3665/3254 3348/3661/3254 3347/3660/3254
f 3909/4257/3255 3908/4256/3255 3910/4258/3255 3911/4259/3255
f 3909/4257/3256 3911/4259/3256 3912/4260/3256 3352/3665/3256
f 3912/4260/3257 3357/3670/3257 3353/3666/3257 3352/3665/3257
f 3912/4260/3258 3911/4259/3258 3913/4261/3258 3914/4262/3258
f 3912/4260/3259 3914/4262/3259 3915/4263/3259 3357/3670/3259
f 3915/4263/3260 3362/3675/3260 3358/3671/3260 3357/3670/3260
f 3915/4263/3261 3914/4262/3261 3916/4264/3261 3917/4265/3261
f 3915/4263/3262 3917/4265/3262 3918/4266/3262 3362/3675/3262
f 3918/4266/3263 3367/3680/3263 3363/3676/3263 3362/3675/3263
f 3918/4266/3264 3917/4265/3264 3919/4267/3264 3920/4268/3264
f 3918/4266/3265 3920/4268/3265 3921/4269/3265 3367/3680/3265
f 3921/4269/3266 3372/3685/3266 3368/3681/3266 3367/3680/3266
f 3921/4269/3267 3920/4268/3267 3922/4270/3267 3923/4271/3267
f 3921/4269/3268 3923/4271/3268 3924/4272/3268 3372/3685/3268
f 3924/4272/3269 3377/3690/3269 3373/3686/3269 3372/3685/3269
f 3924/4272/3270 3923/4271/3270 3925/4273/3270 3926/4274/3270
f 3924/4272/3271 3926/4274/3271 3927/4275/3271 3377/3690/3271
f 3927/4275/3272 3382/3695/3272 3378/3691/3272 3377/3690/3272
f 3927/4276/3273 3926/4277/3273 3928/4278/3273 3929/4279/3273
f 3927/4276/3274 3929/4279/3274 3930/4280/3274 3382/4281/3274
f 3930/4280/3275 3387/3702/3275 3383/3701/3275 3382/4281/3275
f 3930/4280/3276 3929/4279/3276 3931/4282/3276 3932/4283/3276
f 3930/4280/3277 3932/4283/3277 3933/4284/3277 3387/3702/3277
f 3933/4284/3278 3392/3708/3278 3388/3703/3278 3387/3702/3278
f 3933/4284/3279 3932/4283/3279 3934/4285/3279 3935/4286/3279
f 3933/4284/3280 3935/4286/3280 3936/4287/3280 3392/3708/3280
f 3936/4287/3281 3397/3713/3281 3393/3709/3281 3392/3708/3281
f 3936/4287/3282 3935/4286/3282 3937/4288/3282 3938/4289/3282
f 3936/4287/3283 3938/4289/3283 3939/4290/3283 3397/3713/3283
f 3939/4290/3284 3402/3718/3284 3398/3714/3284 3397/3713/3284
f 3939/4290/3285 3938/4289/3285 3940/4291/3285 3941/4292/3285
f 3939/4290/3286 3941/4292/3286 3942/4293/3286 3402/3718/3286
f 3942/4293/3287 3407/3723/3287 3403/3719/3287 3402/3718/3287
f 3942/4293/3288 3941/4292/3288 3943/4294/3288 3944/4295/3288
f 3942/4293/3289 3944/4295/3289 3945/4296/3289 3407/3723/3289
f 3945/4296/3290 3412/3728/3290 3408/3724/3290 3407/3723/3290
f 3945/4296/3291 3944/4295/3291 3946/4297/3291 3947/4298/3291
f 3945/4296/3292 3947/4298/3292 3948/4299/3292 3412/3728/3292
f 3948/4299/3293 3417/3733/3293 3413/3729/3293 3412/3728/3293
f 3948/4299/3294 3947/4298/3294 3949/4300/3294 3950/4301/3294
f 3948/4299/3295 3950/4301/3295 3951/4302/3295 3417/3733/3295
f 3951/4302/3296 3422/3738/3296 3418/3734/3296 3417/3733/3296
f 3951/4302/3297 3950/4301/3297 3952/4303/3297 3953/4304/3297
f 3951/4302/3298 3953/4304/3298 3954/4305/3298 3422/3738/3298
f 3954/4305/3299 3427/3743/3299 3423/3739/3299 3422/3738/3299
f 3954/4305/3300 3953/4304/3300 3955/4306/3300 3956/4307/3300
f 3954/4305/3301 3956/4307/3301 3957/4308/3301 3427/3743/3301
f 3957/4308/3302 3432/3748/3302 3428/3744/3302 3427/3743/3302
f 3957/4308/3303 3956/4307/3303 3958/4309/3303 3959/4310/3303
f 3957/4308/3304 3959/4310/3304 3960/4311/3304 3432/3748/3304
f 3960/4311/3305 3437/3753/3305 3433/3749/3305 3432/3748/3305
f 3960/4311/3306 3959/4310/3306 3961/4312/3306 3962/4313/3306
f 3960/4311/3307 3962/4313/3307 3963/4314/3307 3437/3753/3307
f 3963/4314/3308 3442/3758/3308 3438/3754/3308 3437/3753/3308
f 3963/4314/3309 3962/4313/3309 3964/4315/3309 3965/4316/3309
f 3963/4314/3310 3965/4316/3310 3966/4317/3310 3442/3758/3310
f 3966/4317/3311 3447/3763/3311 3443/3759/3311 3442/3758/3311
f 3966/4318/3312 3965/4319/3312 3967/4320/3312 3968/4321/3312
f 3966/4318/3313 3968/4321/3313 3969/4322/3313 3447/4323/3313
f 3969/4322/3314 3452/3770/3314 3448/3769/3314 3447/4323/3314
f 3969/4322/3315 3968/4321/3315 3970/4324/3315 3971/4325/3315
f 3969/4322/3316 3971/4325/3316 3972/4326/3316 3452/3770/3316
f 3972/4326/3317 3457/3776/3317 3453/3771/3317 3452/3770/3317
f 3972/4326/3318 3971/4325/3318 3973/4327/3318 3974/4328/3318
f 3972/4326/3319 3974/4328/3319 3975/4329/3319 3457/3776/3319
f 3975/4329/3320 3462/3781/3320 3458/3777/3320 3457/3776/3320
f 3975/4329/3321 3974/4328/3321 3976/4330/3321 3977/4331/3321
f 3975/4329/3322 3977/4331/3322 3978/4332/3322 3462/3781/3322
f 3978/4332/3323 3467/3786/3323 3463/3782/3323 3462/3781/3323
f 3978/4332/3324 3977/4331/3324 3979/4333/3324 3980/4334/3324
f 3978/4332/3325 3980/4334/3325 3981/4335/3325 3467/3786/3325
f 3981/4335/3326 3472/3791/3326 3468/3787/3326 3467/3786/3326
f 3981/4335/3327 3980/4334/3327 3982/4336/3327 3983/4337/3327
f 3981/4335/3328 3983/4337/3328 3984/4338/3328 3472/3791/3328
f 3984/4338/3329 3477/3796/3329 3473/3792/3329 3472/3791/3329
f 3984/4338/3330 3983/4337/3330 3985/4339/3330 3986/4340/3330
f 3984/4338/3331 3986/4340/3331 3987/4341/3331 3477/3796/3331
f 3987/4341/3332 3482/3801/3332 3478/3797/3332 3477/3796/3332
f 3987/4341/3333 3986/4340/3333 3988/4342/3333 3989/4343/3333
f 3987/4341/3334 3989/4343/3334 3990/4344/3334 3482/3801/3334
f 3990/4344/3335 3487/3806/3335 3483/3802/3335 3482/3801/3335
f 3990/4344/3336 3989/4343/3336 3991/4345/3336 3992/4346/3336
f 3990/4344/3337 3992/4346/3337 3993/4347/3337 3487/3806/3337
f 3993/4347/3338 3492/3811/3338 3488/3807/3338 3487/3806/3338
f 3993/4347/3339 3992/4346/3339 3994/4348/3339 3995/4349/3339
f 3993/4347/3340 3995/4349/3340 3996/4350/3340 3492/3811/3340
f 3996/4350/3341 3497/3816/3341 3493/3812/3341 3492/3811/3341
f 3996/4350/3342 3995/4349/3342 3997/4351/3342 3998/4352/3342
f 3996/4350/3343 3998/4352/3343 3999/4353/3343 3497/3816/3343
f 3999/4353/3344 3502/3821/3344 3498/3817/3344 3497/3816/3344
f 3999/4354/3345 3998/4355/3345 4000/4356/3345 4001/4357/3345
f 3999/4354/3346 4001/4357/3346 4002/4358/3346 3502/4359/3346
f 4002/4358/3347 3507/3829/3347 3503/3828/3347 3502/4359/3347
f 4002/4358/3348 4001/4357/3348 4003/4360/3348 4004/4361/3348
f 4002/4358/3349 4004/4361/3349 4005/4362/3349 3507/3829/3349
f 4005/4362/3350 3512/3834/3350 3508/3830/3350 3507/3829/3350
f 4005/4362/3351 4004/4361/3351 4006/4363/3351 4007/4364/3351
f 4005/4362/3352 4007/4364/3352 4008/4365/3352 3512/3834/3352
f 4008/4365/3353 3517/3839/3353 3513/3835/3353 3512/3834/3353
f 4008/4365/3354 4007/4364/3354 4009/4366/3354 4010/4367/3354
f 4008/4365/3355 4010/4367/3355 4011/4368/3355 3517/3839/3355
f 4011/4368/3356 3522/3844/3356 3518/3840/3356 3517/3839/3356
f 4011/4368/3357 4010/4367/3357 4012/4369/3357 4013/4370/3357
f 4011/4368/3358 4013/4370/3358 4014/4371/3358 3522/3844/3358
f 4014/4371/3359 3527/3849/3359 3523/3845/3359 3522/3844/3359
f 4014/4371/3360 4013/4370/3360 4015/4372/3360 4016/4373/3360
f 4014/4371/3361 4016/4373/3361 4017/4374/3361 3527/3849/3361
f 4017/4374/3362 3532/3854/3362 3528/3850/3362 3527/3849/3362
f 4017/4374/3363 4016/4373/3363 4018/4375/3363 4019/4376/3363
f 4017/4374/3364 4019/4376/3364 4020/4377/3364 3532/3854/3364
f 4020/4377/3365 3537/3859/3365 3533/3855/3365 3532/3854/3365
f 4020/4377/3366 4019/4376/3366 4021/4378/3366 4022/4379/3366
f 4020/4377/3367 4022/4379/3367 4023/4380/3367 3537/3859/3367
f 4023/4380/3368 3542/3864/3368 3538/3860/3368 3537/3859/3368
f 4023/4380/3369 4022/4379/3369 4024/4381/3369 4025/4382/3369
f 4023/4380/3370 4025/4382/3370 4026/4383/3370 3542/3864/3370
f 4026/4383/3371 3547/3869/3371 3543/3865/3371 3542/3864/3371
f 4026/4383/3372 4025/4382/3372 4027/4384/3372 4028/4385/3372
f 4026/4383/3373 4028/4385/3373 4029/4386/3373 3547/3869/3373
f 4029/4386/3374 3552/3874/3374 3548/3870/3374 3547/3869/3374
f 4029/4386/3375 4028/4385/3375 4030/4387/3375 4031/4388/3375
f 4029/4386/3376 4031/4388/3376 4032/4389/3376 3552/3874/3376
f 4032/4389/3377 3557/3879/3377 3553/3875/3377 3552/3874/3377
f 4032/4390/3378 4031/4391/3378 4033/4392/3378 4034/4393/3378
f 4032/4390/3379 4034/4393/3379 4035/4394/3379 3557/4395/3379
f 4035/4394/3380 3562/3886/3380 3558/3885/3380 3557/4395/3380
f 4035/4394/3381 4034/4393/3381 4036/4396/3381 4037/4397/3381
f 4035/4394/3382 4037/4397/3382 4038/4398/3382 3562/3886/3382
f 4038/4398/3383 3567/3892/3383 3563/3887/3383 3562/3886/3383
f 4038/4398/3384 4037/4397/3384 4039/4399/3384 4040/4400/3384
f 4038/4398/3385 4040/4400/3385 4041/4401/3385 3567/3892/3385
f 4041/4401/3386 3572/3897/3386 3568/3893/3386 3567/3892/3386
f 4041/4401/3387 4040/4400/3387 4042/4402/3387 4043/4403/3387
f 4041/4401/3388 4043/4403/3388 4044/4404/3388 3572/3897/3388
f 4044/4404/3389 3577/3902/3389 3573/3898/3389 3572/3897/3389
f 4044/4404/3390 4043/4403/3390 4045/4405/3390 4046/4406/3390
f 4044/4404/3391 4046/4406/3391 4047/4407/3391 3577/3902/3391
f 4047/4407/3392 3582/3907/3392 3578/3903/3392 3577/3902/3392
f 4047/4407/3393 4046/4406/3393 4048/4408/3393 4049/4409/3393
f 4047/4407/3394 4049/4409/3394 4050/4410/3394 3582/3907/3394
f 4050/4410/3395 3587/3912/3395 3583/3908/3395 3582/3907/3395
f 4050/4410/3396 4049/4409/3396 4051/4411/3396 4052/4412/3396
f 4050/4410/3397 4052/4412/3397 4053/4413/3397 3587/3912/3397
f 4053/4413/3398 3592/3917/3398 3588/3913/3398 3587/3912/3398
f 4053/4413/3399 4052/4412/3399 4054/4414/3399 4055/4415/3399
f 4053/4413/3400 4055/4415/3400 4056/4416/3400 3592/3917/3400
f 4056/4416/3401 3595/3920/3401 3593/3918/3401 3592/3917/3401
f 4056/4416/3402 4055/4415/3402 4057/4417/3402 4058/4418/3402
f 4056/4416/3403 4058/4418/3403 4059/4419/3403 3595/3920/3403
f 4059/4419/3404 3598/3923/3404 3596/3921/3404 3595/3920/3404
f 4059/4419/3405 4058/4418/3405 4060/4420/3405 4061/4421/3405
f 4059/4419/3406 4061/4421/3406 4062/4422/3406 3598/3923/3406
f 4062/4422/3407 3601/3926/3407 3599/3924/3407 3598/3923/3407
f 4062/4422/3408 4061/4421/3408 4063/4423/3408 4064/4424/3408
f 4062/4422/3409 4064/4424/3409 4065/4425/3409 3601/3926/3409
f 4065/4425/3410 3604/3929/3410 3602/3927/3410 3601/3926/3410
f 4065/4425/3411 4064/4424/3411 4066/4426/3411 4067/4427/3411
f 4065/4425/3412 4067/4427/3412 4068/4428/3412 3604/3929/3412
f 4068/4428/3413 3607/3932/3413 3605/3930/3413 3604/3929/3413
f 4068/4428/3414 4067/4427/3414 4069/4429/3414 4070/4430/3414
f 4068/4428/3415 4070/4430/3415 4071/4431/3415 3607/3932/3415
f 4071/4431/3416 3610/3935/3416 3608/3933/3416 3607/3932/3416
f 4071/4431/3417 4070/4430/3417 4072/4432/3417 4073/4433/3417
f 4071/4431/3418 4073/4433/3418 4074/4434/3418 3610/3935/3418
f 4074/4434/3419 3613/3938/3419 3611/3936/3419 3610/3935/3419
f 4074/4434/3420 4073/4433/3420 4075/4435/3420 4076/4436/3420
f 4074/4434/3421 4076/4436/3421 3615/3940/3421 3613/3938/3421
f 4076/4436/3422 4075/4435/3422 4077/4437/3422 4078/4438/3422
f 4076/4436/3423 4078/4438/3423 3617/3942/3423 3615/3940/3423
f 4078/4439/3424 4077/4440/3424 4079/4441/3424 3622/3949/3424
f 4078/4439/3425 3622/3949/3425 3619/3946/3425 3617/3945/3425
f 4079/4441/3426 4077/4440/3426 4080/4442/3426 4081/4443/3426
f 4079/4441/3427 4081/4443/3427 3631/3958/3427 3625/3952/3427
f 4079/4441/3428 3625/3952/3428 3623/3950/3428 3622/3949/3428
f 4081/4443/3429 4080/4442/3429 4082/4444/3429 3634/3961/3429
f 4081/4443/3430 3634/3961/3430 3632/3959/3430 3631/3958/3430
f 4082/4445/3431 4080/4446/3431 4083/4447/3431 4084/4448/3431
f 4082/4445/3432 4084/4448/3432 4085/4449/3432 3637/4450/3432
f 4082/4444/3433 3637/3964/3433 3635/3962/3433 3634/3961/3433
f 4085/4449/3434 4084/4448/3434 4086/4451/3434 4087/4452/3434
f 4085/4449/3435 4087/4452/3435 4088/4453/3435 3640/3969/3435
f 4085/4449/3436 3640/3969/3436 3638/3968/3436 3637/4450/3436
f 4088/4453/3437 4087/4452/3437 4089/4454/3437 4090/4455/3437
f 4088/4453/3438 4090/4455/3438 4091/4456/3438 3643/3973/3438
f 4088/4453/3439 3643/3973/3439 3641/3970/3439 3640/3969/3439
f 4091/4456/3440 4090/4455/3440 4092/4457/3440 4093/4458/3440
f 4091/4456/3441 4093/4458/3441 4094/4459/3441 3646/3976/3441
f 4091/4456/3442 3646/3976/3442 3644/3974/3442 3643/3973/3442
f 4094/4459/3443 4093/4458/3443 4095/4460/3443 4096/4461/3443
f 4094/4459/3444 4096/4461/3444 4097/4462/3444 3649/3979/3444
f 4094/4459/3445 3649/3979/3445 3647/3977/3445 3646/3976/3445
f 4097/4462/3446 4096/4461/3446 4098/4463/3446 4099/4464/3446
f 4097/4462/3447 4099/4464/3447 4100/4465/3447 3652/3982/3447
f 4097/4462/3448 3652/3982/3448 3650/3980/3448 3649/3979/3448
f 4100/4465/3449 4099/4464/3449 4101/4466/3449 4102/4467/3449
f 4100/4465/3450 4102/4467/3450 4103/4468/3450 3655/3985/3450
f 4100/4465/3451 3655/3985/3451 3653/3983/3451 3652/3982/3451
f 4103/4468/3452 4102/4467/3452 4104/4469/3452 4105/4470/3452
f 4103/4468/3453 4105/4470/3453 4106/4471/3453 3658/3988/3453
f 4103/4468/3454 3658/3988/3454 3656/3986/3454 3655/3985/3454
f 4106/4471/3455 4105/4470/3455 4107/4472/3455 4108/4473/3455
f 4106/4471/3456 4108/4473/3456 4109/4474/3456 3661/3991/3456
f 4106/4471/3457 3661/3991/3457 3659/3989/3457 3658/3988/3457
f 4109/4474/3458 4108/4473/3458 4110/4475/3458 4111/4476/3458
f 4109/4474/3459 4111/4476/3459 4112/4477/3459 3664/3994/3459
f 4109/4474/3460 3664/3994/3460 3662/3992/3460 3661/3991/3460
f 4112/4477/3461 4111/4476/3461 4113/4478/3461 4114/4479/3461
f 4112/4477/3462 4114/4479/3462 4115/4480/3462 3667/3997/3462
f 4112/4477/3463 3667/3997/3463 3665/3995/3463 3664/3994/3463
f 4115/4480/3464 4114/4479/3464 4116/4481/3464 4117/4482/3464
f 4115/4480/3465 4117/4482/3465 4118/4483/3465 3670/4000/3465
f 4115/4480/3466 3670/4000/3466 3668/3998/3466 3667/3997/3466
f 4118/4483/3467 4117/4482/3467 4119/4484/3467 4120/4485/3467
f 4118/4483/3468 4120/4485/3468 4121/4486/3468 3673/4003/3468
f 4118/4483/3469 3673/4003/3469 3671/4001/3469 3670/4000/3469
f 4121/4486/3470 4120/4485/3470 4122/4487/3470 4123/4488/3470
f 4121/4486/3471 4123/4488/3471 4124/4489/3471 3676/4006/3471
f 4121/4486/3472 3676/4006/3472 3674/4004/3472 3673/4003/3472
f 4124/4489/3473 4123/4488/3473 4125/4490/3473 4126/4491/3473
f 4124/4489/3474 4126/4491/3474 4127/4492/3474 3679/4009/3474
f 4124/4489/3475 3679/4009/3475 3677/4007/3475 3676/4006/3475
f 4127/4492/3476 4126/4491/3476 4128/4493/3476 4129/4494/3476
f 4127/4492/3477 4129/4494/3477 4130/4495/3477 3682/4012/3477
f 4127/4492/3478 3682/4012/3478 3680/4010/3478 3679/4009/3478
f 4130/4496/3479 4129/4497/3479 4131/4498/3479 4132/4499/3479
f 4130/4496/3480 4132/4499/3480 4133/4500/3480 3685/4501/3480
f 4130/4495/3481 3685/4015/3481 3683/4013/3481 3682/4012/3481
f 4133/4500/3482 4132/4499/3482 4134/4502/3482 4135/4503/3482
f 4133/4500/3483 4135/4503/3483 4136/4504/3483 3688/4020/3483
f 4133/4500/3484 3688/4020/3484 3686/4019/3484 3685/4501/3484
f 4136/4504/3485 4135/4503/3485 4137/4505/3485 4138/4506/3485
f 4136/4504/3486 4138/4506/3486 4139/4507/3486 3691/4024/3486
f 4136/4504/3487 3691/4024/3487 3689/4021/3487 3688/4020/3487
f 4139/4507/3488 4138/4506/3488 4140/4508/3488 4141/4509/3488
f 4139/4507/3489 4141/4509/3489 4142/4510/3489 3694/4027/3489
f 4139/4507/3490 3694/4027/3490 3692/4025/3490 3691/4024/3490
f 4142/4510/3491 4141/4509/3491 4143/4511/3491 4144/4512/3491
f 4142/4510/3492 4144/4512/3492 4145/4513/3492 3697/4030/3492
f 4142/4510/3493 3697/4030/3493 3695/4028/3493 3694/4027/3493
f 4145/4513/3494 4144/4512/3494 4146/4514/3494 4147/4515/3494
f 4145/4513/3495 4147/4515/3495 4148/4516/3495 3700/4033/3495
f 4145/4513/3496 3700/4033/3496 3698/4031/3496 3697/4030/3496
f 4148/4516/3497 4147/4515/3497 4149/4517/3497 4150/4518/3497
f 4148/4516/3498 4150/4518/3498 4151/4519/3498 3703/4036/3498
f 4148/4516/3499 3703/4036/3499 3701/4034/3499 3700/4033/3499
f 4151/4519/3500 4150/4518/3500 4152/4520/3500 4153/4521/3500
f 4151/4519/3501 4153/4521/3501 4154/4522/3501 3706/4039/3501
f 4151/4519/3502 3706/4039/3502 3704/4037/3502 3703/4036/3502
f 4154/4522/3503 4153/4521/3503 4155/4523/3503 4156/4524/3503
f 4154/4522/3504 4156/4524/3504 4157/4525/3504 3709/4042/3504
f 4154/4522/3505 3709/4042/3505 3707/4040/3505 3706/4039/3505
f 4157/4525/3506 4156/4524/3506 4158/4526/3506 4159/4527/3506
f 4157/4525/3507 4159/4527/3507 4160/4528/3507 3712/4045/3507
f 4157/4525/3508 3712/4045/3508 3710/4043/3508 3709/4042/3508
f 4160/4529/3509 4159/4530/3509 4161/4531/3509 4162/4532/3509
f 4160/4529/3510 4162/4532/3510 4163/4533/3510 3715/4050/3510
f 4160/4529/3511 3715/4050/3511 3713/4049/3511 3712/4534/3511
f 4163/4533/3512 4162/4532/3512 4164/4535/3512 4165/4536/3512
f 4163/4533/3513 4165/4536/3513 4166/4537/3513 3718/4054/3513
f 4163/4533/3514 3718/4054/3514 3716/4051/3514 3715/4050/3514
f 4166/4537/3515 4165/4536/3515 4167/4538/3515 4168/4539/3515
f 4166/4537/3516 4168/4539/3516 4169/4540/3516 3721/4057/3516
f 4166/4537/3517 3721/4057/3517 3719/4055/3517 3718/4054/3517
f 4169/4540/3518 4168/4539/3518 4170/4541/3518 4171/4542/3518
f 4169/4540/3519 4171/4542/3519 4172/4543/3519 3724/4060/3519
f 4169/4540/3520 3724/4060/3520 3722/4058/3520 3721/4057/3520
f 4172/4543/3521 4171/4542/3521 4173/4544/3521 4174/4545/3521
f 4172/4543/3522 4174/4545/3522 4175/4546/3522 3727/4063/3522
f 4172/4543/3523 3727/4063/3523 3725/4061/3523 3724/4060/3523
f 4175/4546/3524 4174/4545/3524 4176/4547/3524 4177/4548/3524
f 4175/4546/3525 4177/4548/3525 4178/4549/3525 3730/4066/3525
f 4175/4546/3526 3730/4066/3526 3728/4064/3526 3727/4063/3526
f 4178/4549/3527 4177/4548/3527 4179/4550/3527 4180/4551/3527
f 4178/4549/3528 4180/4551/3528 4181/4552/3528 3733/4069/3528
f 4178/4549/3529 3733/4069/3529 3731/4067/3529 3730/4066/3529
f 4181/4552/3530 4180/4551/3530 4182/4553/3530 4183/4554/3530
f 4181/4552/3531 4183/4554/3531 4184/4555/3531 3736/4072/3531
f 4181/4552/3532 3736/4072/3532 3734/4070/3532 3733/4069/3532
f 4184/4555/3533 4183/4554/3533 4185/4556/3533 4186/4557/3533
f 4184/4555/3534 4186/4557/3534 4187/4558/3534 3739/4075/3534
f 4184/4555/3535 3739/4075/3535 3737/4073/3535 3736/4072/3535
f 4187/4558/3536 4186/4557/3536 4188/4559/3536 4189/4560/3536
f 4187/4558/3537 4189/4560/3537 4190/4561/3537 3742/4078/3537
f 4187/4558/3538 3742/4078/3538 3740/4076/3538 3739/4075/3538
f 4190/4561/3539 4189/4560/3539 4191/4562/3539 4192/4563/3539
f 4190/4561/3540 4192/4563/3540 4193/4564/3540 3745/4081/3540
f 4190/4561/3541 3745/4081/3541 3743/4079/3541 3742/4078/3541
f 4193/4564/3542 4192/4563/3542 4194/4565/3542 4195/4566/3542
f 4193/4564/3543 4195/4566/3543 4196/4567/3543 3748/4084/3543
f 4193/4564/3544 3748/4084/3544 3746/4082/3544 3745/4081/3544
f 4196/4568/3545 4195/4569/3545 4197/4570/3545 4198/4571/3545
f 4196/4568/3546 4198/4571/3546 4199/4572/3546 3751/4573/3546
f 4196/4567/3547 3751/4087/3547 3749/4085/3547 3748/4084/3547
f 4199/4572/3548 4198/4571/3548 4200/4574/3548 4201/4575/3548
f 4199/4572/3549 4201/4575/3549 4202/4576/3549 3754/4092/3549
f 4199/4572/3550 3754/4092/3550 3752/4091/3550 3751/4573/3550
f 4202/4576/3551 4201/4575/3551 4203/4577/3551 4204/4578/3551
f 4202/4576/3552 4204/4578/3552 4205/4579/3552 3757/4096/3552
f 4202/4576/3553 3757/4096/3553 3755/4093/3553 3754/4092/3553
f 4205/4579/3554 4204/4578/3554 4206/4580/3554 4207/4581/3554
f 4205/4579/3555 4207/4581/3555 4208/4582/3555 3760/4099/3555
f 4205/4579/3556 3760/4099/3556 3758/4097/3556 3757/4096/3556
f 4208/4582/3557 4207/4581/3557 4209/4583/3557 4210/4584/3557
f 4208/4582/3558 4210/4584/3558 4211/4585/3558 3763/4102/3558
f 4208/4582/3559 3763/4102/3559 3761/4100/3559 3760/4099/3559
f 4211/4585/3560 4210/4584/3560 4212/4586/3560 4213/4587/3560
f 4211/4585/3561 4213/4587/3561 4214/4588/3561 3766/4105/3561
f 4211/4585/3562 3766/4105/3562 3764/4103/3562 3763/4102/3562
f 4214/4588/3563 4213/4587/3563 4215/4589/3563 4216/4590/3563
f 4214/4588/3564 4216/4590/3564 4217/4591/3564 3769/4108/3564
f 4214/4588/3565 3769/4108/3565 3767/4106/3565 3766/4105/3565
f 4217/4591/3566 4216/4590/3566 4218/4592/3566 4219/4593/3566
f 4217/4591/3567 4219/4593/3567 4220/4594/3567 3772/4111/3567
f 4217/4591/3568 3772/4111/3568 3770/4109/3568 3769/4108/3568
f 4220/4594/3569 4219/4593/3569 4221/4595/3569 4222/4596/3569
f 4220/4594/3570 4222/4596/3570 4223/4597/3570 3775/4114/3570
f 4220/4594/3571 3775/4114/3571 3773/4112/3571 3772/4111/3571
f 4223/4597/3572 4222/4596/3572 4224/4598/3572 4225/4599/3572
f 4223/4597/3573 4225/4599/3573 4226/4600/3573 3778/4117/3573
f 4223/4597/3574 3778/4117/3574 3776/4115/3574 3775/4114/3574
f 4226/4600/3575 4225/4599/3575 4227/4601/3575 4228/4602/3575
f 4226/4600/3576 4228/4602/3576 4229/4603/3576 3781/4120/3576
f 4226/4600/3577 3781/4120/3577 3779/4118/3577 3778/4117/3577
f 4229/4603/3578 4228/4602/3578 4230/4604/3578 4231/4605/3578
f 4229/4603/3579 4231/4605/3579 4232/4606/3579 3784/4123/3579
f 4229/4603/3580 3784/4123/3580 3782/4121/3580 3781/4120/3580
f 4232/4606/3581 4231/4605/3581 4233/4607/3581 4234/4608/3581
f 4232/4606/3582 4234/4608/3582 4235/4609/3582 3787/4126/3582
f 4232/4606/3583 3787/4126/3583 3785/4124/3583 3784/4123/3583
f 4235/4610/3584 4234/4611/3584 4236/4612/3584 4237/4613/3584
f 4235/4610/3585 4237/4613/3585 4238/4614/3585 3790/4615/3585
f 4235/4609/3586 3790/4129/3586 3788/4127/3586 3787/4126/3586
f 4238/4614/3587 4237/4613/3587 4239/4616/3587 4240/4617/3587
f 4238/4614/3588 4240/4617/3588 4241/4618/3588 3793/4134/3588
f 4238/4614/3589 3793/4134/3589 3791/4133/3589 3790/4615/3589
f 4241/4618/3590 4240/4617/3590 4242/4619/3590 4243/4620/3590
f 4241/4618/3591 4243/4620/3591 4244/4621/3591 3796/4138/3591
f 4241/4618/3592 3796/4138/3592 3794/4135/3592 3793/4134/3592
f 4244/4621/3593 4243/4620/3593 4245/4622/3593 4246/4623/3593
f 4244/4621/3594 4246/4623/3594 4247/4624/3594 3799/4141/3594
f 4244/4621/3595 3799/4141/3595 3797/4139/3595 3796/4138/3595
f 4247/4624/3596 4246/4623/3596 4248/4625/3596 4249/4626/3596
f 4247/4624/3597 4249/4626/3597 4250/4627/3597 3802/4144/3597
f 4247/4624/3598 3802/4144/3598 3800/4142/3598 3799/4141/3598
f 4250/4627/3599 4249/4626/3599 4251/4628/3599 4252/4629/3599
f 4250/4627/3600 4252/4629/3600 4253/4630/3600 3805/4147/3600
f 4250/4627/3601 3805/4147/3601 3803/4145/3601 3802/4144/3601
f 4253/4630/3602 4252/4629/3602 4254/4631/3602 4255/4632/3602
f 4253/4630/3603 4255/4632/3603 4256/4633/3603 3808/4150/3603
f 4253/4630/3604 3808/4150/3604 3806/4148/3604 3805/4147/3604
f 4256/4633/3605 4255/4632/3605 4257/4634/3605 4258/4635/3605
f 4256/4633/3606 4258/4635/3606 4259/4636/3606 3811/4153/3606
f 4256/4633/3607 3811/4153/3607 3809/4151/3607 3808/4150/3607
f 4259/4636/3608 4258/4635/3608 4260/4637/3608 4261/4638/3608
f 4259/4636/3609 4261/4638/3609 4262/4639/3609 3814/4156/3609
f 4259/4636/3610 3814/4156/3610 3812/4154/3610 3811/4153/3610
f 4262/4639/3611 4261/4638/3611 4263/4640/3611 4264/4641/3611
f 4262/4639/3612 4264/4641/3612 4265/4642/3612 3817/4159/3612
f 4262/4639/3613 3817/4159/3613 3815/4157/3613 3814/4156/3613
f 4265/4642/3614 4264/4641/3614 4266/4643/3614 4267/4644/3614
f 4265/4642/3615 4267/4644/3615 4268/4645/3615 3820/4162/3615
f 4265/4642/3616 3820/4162/3616 3818/4160/3616 3817/4159/3616
f 4268/4645/3617 4267/4644/3617 4269/4646/3617 4270/4647/3617
f 4268/4645/3618 4270/4647/3618 4271/4648/3618 3823/4165/3618
f 4268/4645/3619 3823/4165/3619 3821/4163/3619 3820/4162/3619
f 4271/4648/3620 4270/4647/3620 4272/4649/3620 4273/4650/3620
f 4271/4648/3621 4273/4650/3621 4274/4651/3621 3826/4168/3621
f 4271/4648/3622 3826/4168/3622 3824/4166/3622 3823/4165/3622
f 4274/4651/3623 4273/4650/3623 4275/4652/3623 4276/4653/3623
f 4274/4651/3624 4276/4653/3624 4277/4654/3624 3829/4171/3624
f 4274/4651/3625 3829/4171/3625 3827/4169/3625 3826/4168/3625
f 4277/4654/3626 4276/4653/3626 4278/4655/3626 4279/4656/3626
f 4277/4657/3627 4279/4658/3627 4280/4659/3627 3832/4177/3627
f 4277/4654/3628 3832/4660/3628 3830/4172/3628 3829/4171/3628
f 4280/4659/3629 4279/4658/3629 4281/4661/3629 4282/4662/3629
f 4280/4659/3630 4282/4662/3630 4283/4663/3630 4284/4664/3630
f 4280/4659/3631 4284/4664/3631 3833/4178/3631 3832/4177/3631
f 4284/4664/3632 4283/4663/3632 4285/4665/3632 4286/4666/3632
f 4284/4664/3633 4286/4666/3633 3834/4179/3633 3833/4178/3633
f 4286/4666/3634 4285/4665/3634 4287/4667/3634 3839/4184/3634
f 4286/4666/3635 3839/4184/3635 3836/4181/3635 3834/4179/3635
f 4287/4667/3636 4285/4665/3636 4288/4668/3636 4289/4669/3636
f 4287/4667/3637 4289/4669/3637 4290/4670/3637 3842/4187/3637
f 4287/4667/3638 3842/4187/3638 3840/4185/3638 3839/4184/3638
f 4290/4670/3639 4289/4669/3639 4291/4671/3639 4292/4672/3639
f 4290/4670/3640 4292/4672/3640 4293/4673/3640 3845/4190/3640
f 4290/4670/3641 3845/4190/3641 3843/4188/3641 3842/4187/3641
f 4293/4673/3642 4292/4672/3642 43/41/3642 42/40/3642
f 4293/4673/3643 42/40/3643 44/42/3643 3848/4193/3643
f 4293/4673/3644 3848/4193/3644 3846/4191/3644 3845/4190/3644
f 4292/4672/3645 4291/4671/3645 4294/4674/3645 43/41/3645
f 4294/4674/3646 4295/4675/3646 3865/4210/3646 4296/4676/3646
f 4294/4674/3647 4296/4676/3647 39/37/3647 43/41/3647
f 4294/4674/3648 4291/4671/3648 4297/4677/3648 4295/4675/3648
f 4297/4677/3649 4298/4678/3649 3868/4213/3649 4295/4675/3649
f 4297/4677/3650 4291/4671/3650 4289/4669/3650 4288/4668/3650
f 4297/4677/3651 4288/4668/3651 4299/4679/3651 4298/4678/3651
f 4299/4679/3652 4300/4680/3652 3871/4216/3652 4298/4678/3652
f 4299/4679/3653 4288/4668/3653 4285/4665/3653 4283/4663/3653
f 4299/4679/3654 4283/4663/3654 4282/4662/3654 4300/4680/3654
f 4300/4680/3655 3874/4219/3655 3872/4217/3655 3871/4216/3655
f 4300/4680/3656 4282/4662/3656 4281/4661/3656 3874/4219/3656
f 4298/4678/3657 3871/4216/3657 3869/4214/3657 3868/4213/3657
f 4296/4676/3658 3865/4210/3658 3863/4208/3658 3862/4207/3658
f 4296/4676/3659 3862/4207/3659 40/38/3659 39/37/3659
f 4295/4675/3660 3868/4213/3660 3866/4211/3660 3865/4210/3660
f 4281/4661/3661 3877/4222/3661 3875/4220/3661 3874/4219/3661
f 4281/4661/3662 4279/4658/3662 4278/4681/3662 3877/4222/3662
f 4278/4655/3663 3880/4227/3663 3878/4226/3663 3877/4682/3663
f 4278/4655/3664 4276/4653/3664 4275/4652/3664 3880/4227/3664
f 4275/4652/3665 3883/4231/3665 3881/4228/3665 3880/4227/3665
f 4275/4652/3666 4273/4650/3666 4272/4649/3666 3883/4231/3666
f 4272/4649/3667 3886/4234/3667 3884/4232/3667 3883/4231/3667
f 4272/4649/3668 4270/4647/3668 4269/4646/3668 3886/4234/3668
f 4269/4646/3669 3889/4237/3669 3887/4235/3669 3886/4234/3669
f 4269/4646/3670 4267/4644/3670 4266/4643/3670 3889/4237/3670
f 4266/4643/3671 3892/4240/3671 3890/4238/3671 3889/4237/3671
f 4266/4643/3672 4264/4641/3672 4263/4640/3672 3892/4240/3672
f 4263/4640/3673 3895/4243/3673 3893/4241/3673 3892/4240/3673
f 4263/4640/3674 4261/4638/3674 4260/4637/3674 3895/4243/3674
f 4260/4637/3675 3898/4246/3675 3896/4244/3675 3895/4243/3675
f 4260/4637/3676 4258/4635/3676 4257/4634/3676 3898/4246/3676
f 4257/4634/3677 3901/4249/3677 3899/4247/3677 3898/4246/3677
f 4257/4634/3678 4255/4632/3678 4254/4631/3678 3901/4249/3678
f 4254/4631/3679 3904/4252/3679 3902/4250/3679 3901/4249/3679
f 4254/4631/3680 4252/4629/3680 4251/4628/3680 3904/4252/3680
f 4251/4628/3681 3907/4255/3681 3905/4253/3681 3904/4252/3681
f 4251/4628/3682 4249/4626/3682 4248/4625/3682 3907/4255/3682
f 4248/4625/3683 3910/4258/3683 3908/4256/3683 3907/4255/3683
f 4248/4625/3684 4246/4623/3684 4245/4622/3684 3910/4258/3684
f 4245/4622/3685 3913/4261/3685 3911/4259/3685 3910/4258/3685
f 4245/4622/3686 4243/4620/3686 4242/4619/3686 3913/4261/3686
f 4242/4619/3687 3916/4264/3687 3914/4262/3687 3913/4261/3687
f 4242/4619/3688 4240/4617/3688 4239/4616/3688 3916/4264/3688
f 4239/4616/3689 3919/4267/3689 3917/4265/3689 3916/4264/3689
f 4239/4616/3690 4237/4613/3690 4236/4612/3690 3919/4267/3690
f 4236/4612/3691 3922/4270/3691 3920/4268/3691 3919/4267/3691
f 4236/4612/3692 4234/4611/3692 4233/4683/3692 3922/4270/3692
f 4233/4683/3693 3925/4273/3693 3923/4271/3693 3922/4270/3693
f 4233/4607/3694 4231/4605/3694 4230/4604/3694 3925/4684/3694
f 4230/4604/3695 3928/4278/3695 3926/4277/3695 3925/4684/3695
f 4230/4604/3696 4228/4602/3696 4227/4601/3696 3928/4278/3696
f 4227/4601/3697 3931/4282/3697 3929/4279/3697 3928/4278/3697
f 4227/4601/3698 4225/4599/3698 4224/4598/3698 3931/4282/3698
f 4224/4598/3699 3934/4285/3699 3932/4283/3699 3931/4282/3699
f 4224/4598/3700 4222/4596/3700 4221/4595/3700 3934/4285/3700
f 4221/4595/3701 3937/4288/3701 3935/4286/3701 3934/4285/3701
f 4221/4595/3702 4219/4593/3702 4218/4592/3702 3937/4288/3702
f 4218/4592/3703 3940/4291/3703 3938/4289/3703 3937/4288/3703
f 4218/4592/3704 4216/4590/3704 4215/4589/3704 3940/4291/3704
f 4215/4589/3705 3943/4294/3705 3941/4292/3705 3940/4291/3705
f 4215/4589/3706 4213/4587/3706 4212/4586/3706 3943/4294/3706
f 4212/4586/3707 3946/4297/3707 3944/4295/3707 3943/4294/3707
f 4212/4586/3708 4210/4584/3708 4209/4583/3708 3946/4297/3708
f 4209/4583/3709 3949/4300/3709 3947/4298/3709 3946/4297/3709
f 4209/4583/3710 4207/4581/3710 4206/4580/3710 3949/4300/3710
f 4206/4580/3711 3952/4303/3711 3950/4301/3711 3949/4300/3711
f 4206/4580/3712 4204/4578/3712 4203/4577/3712 3952/4303/3712
f 4203/4577/3713 3955/4306/3713 3953/4304/3713 3952/4303/3713
f 4203/4577/3714 4201/4575/3714 4200/4574/3714 3955/4306/3714
f 4200/4574/3715 3958/4309/3715 3956/4307/3715 3955/4306/3715
f 4200/4574/3716 4198/4571/3716 4197/4570/3716 3958/4309/3716
f 4197/4570/3717 3961/4312/3717 3959/4310/3717 3958/4309/3717
f 4197/4570/3718 4195/4569/3718 4194/4685/3718 3961/4312/3718
f 4194/4685/3719 3964/4315/3719 3962/4313/3719 3961/4312/3719
f 4194/4565/3720 4192/4563/3720 4191/4562/3720 3964/4686/3720
f 4191/4562/3721 3967/4320/3721 3965/4319/3721 3964/4686/3721
f 4191/4562/3722 4189/4560/3722 4188/4559/3722 3967/4320/3722
f 4188/4559/3723 3970/4324/3723 3968/4321/3723 3967/4320/3723
f 4188/4559/3724 4186/4557/3724 4185/4556/3724 3970/4324/3724
f 4185/4556/3725 3973/4327/3725 3971/4325/3725 3970/4324/3725
f 4185/4556/3726 4183/4554/3726 4182/4553/3726 3973/4327/3726
f 4182/4553/3727 3976/4330/3727 3974/4328/3727 3973/4327/3727
f 4182/4553/3728 4180/4551/3728 4179/4550/3728 3976/4330/3728
f 4179/4550/3729 3979/4333/3729 3977/4331/3729 3976/4330/3729
f 4179/4550/3730 4177/4548/3730 4176/4547/3730 3979/4333/3730
f 4176/4547/3731 3982/4336/3731 3980/4334/3731 3979/4333/3731
f 4176/4547/3732 4174/4545/3732 4173/4544/3732 3982/4336/3732
f 4173/4544/3733 3985/4339/3733 3983/4337/3733 3982/4336/3733
f 4173/4544/3734 4171/4542/3734 4170/4541/3734 3985/4339/3734
f 4170/4541/3735 3988/4342/3735 3986/4340/3735 3985/4339/3735
f 4170/4541/3736 4168/4539/3736 4167/4538/3736 3988/4342/3736
f 4167/4538/3737 3991/4345/3737 3989/4343/3737 3988/4342/3737
f 4167/4538/3738 4165/4536/3738 4164/4535/3738 3991/4345/3738
f 4164/4535/3739 3994/4348/3739 3992/4346/3739 3991/4345/3739
f 4164/4535/3740 4162/4532/3740 4161/4531/3740 3994/4348/3740
f 4161/4531/3741 3997/4351/3741 3995/4349/3741 3994/4348/3741
f 4161/4531/3742 4159/4530/3742 4158/4687/3742 3997/4351/3742
f 4158/4687/3743 4000/4688/3743 3998/4352/3743 3997/4351/3743
f 4158/4526/3744 4156/4524/3744 4155/4523/3744 4000/4356/3744
f 4155/4523/3745 4003/4360/3745 4001/4357/3745 4000/4356/3745
f 4155/4523/3746 4153/4521/3746 4152/4520/3746 4003/4360/3746
f 4152/4520/3747 4006/4363/3747 4004/4361/3747 4003/4360/3747
f 4152/4520/3748 4150/4518/3748 4149/4517/3748 4006/4363/3748
f 4149/4517/3749 4009/4366/3749 4007/4364/3749 4006/4363/3749
f 4149/4517/3750 4147/4515/3750 4146/4514/3750 4009/4366/3750
f 4146/4514/3751 4012/4369/3751 4010/4367/3751 4009/4366/3751
f 4146/4514/3752 4144/4512/3752 4143/4511/3752 4012/4369/3752
f 4143/4511/3753 4015/4372/3753 4013/4370/3753 4012/4369/3753
f 4143/4511/3754 4141/4509/3754 4140/4508/3754 4015/4372/3754
f 4140/4508/3755 4018/4375/3755 4016/4373/3755 4015/4372/3755
f 4140/4508/3756 4138/4506/3756 4137/4505/3756 4018/4375/3756
f 4137/4505/3757 4021/4378/3757 4019/4376/3757 4018/4375/3757
f 4137/4505/3758 4135/4503/3758 4134/4502/3758 4021/4378/3758
f 4134/4502/3759 4024/4381/3759 4022/4379/3759 4021/4378/3759
f 4134/4502/3760 4132/4499/3760 4131/4498/3760 4024/4381/3760
f 4131/4498/3761 4027/4384/3761 4025/4382/3761 4024/4381/3761
f 4131/4498/3762 4129/4497/3762 4128/4689/3762 4027/4384/3762
f 4128/4689/3763 4030/4387/3763 4028/4385/3763 4027/4384/3763
f 4128/4493/3764 4126/4491/3764 4125/4490/3764 4030/4690/3764
f 4125/4490/3765 4033/4392/3765 4031/4391/3765 4030/4690/3765
f 4125/4490/3766 4123/4488/3766 4122/4487/3766 4033/4392/3766
f 4122/4487/3767 4036/4396/3767 4034/4393/3767 4033/4392/3767
f 4122/4487/3768 4120/4485/3768 4119/4484/3768 4036/4396/3768
f 4119/4484/3769 4039/4399/3769 4037/4397/3769 4036/4396/3769
f 4119/4484/3770 4117/4482/3770 4116/4481/3770 4039/4399/3770
f 4116/4481/3771 4042/4402/3771 4040/4400/3771 4039/4399/3771
f 4116/4481/3772 4114/4479/3772 4113/4478/3772 4042/4402/3772
f 4113/4478/3773 4045/4405/3773 4043/4403/3773 4042/4402/3773
f 4113/4478/3774 4111/4476/3774 4110/4475/3774 4045/4405/3774
f 4110/4475/3775 4048/4408/3775 4046/4406/3775 4045/4405/3775
f 4110/4475/3776 4108/4473/3776 4107/4472/3776 4048/4408/3776
f 4107/4472/3777 4051/4411/3777 4049/4409/3777 4048/4408/3777
f 4107/4472/3778 4105/4470/3778 4104/4469/3778 4051/4411/3778
f 4104/4469/3779 4054/4414/3779 4052/4412/3779 4051/4411/3779
f 4104/4469/3780 4102/4467/3780 4101/4466/3780 4054/4414/3780
f 4101/4466/3781 4057/4417/3781 4055/4415/3781 4054/4414/3781
f 4101/4466/3782 4099/4464/3782 4098/4463/3782 4057/4417/3782
f 4098/4463/3783 4060/4420/3783 4058/4418/3783 4057/4417/3783
f 4098/4463/3784 4096/4461/3784 4095/4460/3784 4060/4420/3784
f 4095/4460/3785 4063/4423/3785 4061/4421/3785 4060/4420/3785
f 4095/4460/3786 4093/4458/3786 4092/4457/3786 4063/4423/3786
f 4092/4457/3787 4066/4426/3787 4064/4424/3787 4063/4423/3787
f 4092/4457/3788 4090/4455/3788 4089/4454/3788 4066/4426/3788
f 4089/4454/3789 4069/4429/3789 4067/4427/3789 4066/4426/3789
f 4089/4454/3790 4087/4452/3790 4086/4451/3790 4069/4429/3790
f 4086/4451/3791 4072/4432/3791 4070/4430/3791 4069/4429/3791
f 4086/4451/3792 4084/4448/3792 4083/4447/3792 4072/4432/3792
f 4083/4447/3793 4075/4435/3793 4073/4433/3793 4072/4432/3793
f 4083/4447/3794 4080/4446/3794 4077/4437/3794 4075/4435/3794
f 3862/4207/3795 3860/4205/3795 3859/4204/3795 40/38/3795
f 3859/4204/3796 3856/4201/3796 3854/4199/3796 4301/4691/3796
f 3859/4204/3797 4301/4691/3797 41/39/3797 40/38/3797
f 4301/4691/3798 3854/4199/3798 3852/4197/3798 3851/4196/3798
f 4301/4691/3799 3851/4196/3799 44/42/3799 41/39/3799
f 3851/4196/3800 3849/4194/3800 3848/4193/3800 44/42/3800
f 3631/3958/3801 3628/3955/3801 3626/3953/3801 3625/3952/3801
f 3591/3916/3802 2965/3248/3802 2963/3246/3802 2962/3245/3802
f 3591/3916/3803 2962/3245/3803 3586/3911/3803 3585/3910/3803
f 3591/3916/3804 3590/3915/3804 2967/3250/3804 2965/3248/3804
f 3586/3911/3805 2962/3245/3805 2960/3243/3805 2959/3242/3805
f 3586/3911/3806 2959/3242/3806 3581/3906/3806 3580/3905/3806
f 3581/3906/3807 2959/3242/3807 2957/3240/3807 2956/3239/3807
f 3581/3906/3808 2956/3239/3808 3576/3901/3808 3575/3900/3808
f 3576/3901/3809 2956/3239/3809 2954/3236/3809 2953/3235/3809
f 3576/3901/3810 2953/3235/3810 3571/3896/3810 3570/3895/3810
f 3571/3896/3811 2953/3235/3811 2951/3234/3811 2950/4692/3811
f 3571/3896/3812 2950/4692/3812 3566/3891/3812 3565/3890/3812
f 3566/4693/3813 2950/3230/3813 2948/3228/3813 2947/3227/3813
f 3566/4693/3814 2947/3227/3814 3561/3883/3814 3560/3882/3814
f 3561/3883/3815 2947/3227/3815 2945/3225/3815 2944/3224/3815
f 3561/3883/3816 2944/3224/3816 3556/3878/3816 3555/3877/3816
f 3556/3878/3817 2944/3224/3817 2942/3222/3817 2941/3221/3817
f 3556/3878/3818 2941/3221/3818 3551/3873/3818 3550/3872/3818
f 3551/3873/3819 2941/3221/3819 2939/3219/3819 2938/3218/3819
f 3551/3873/3820 2938/3218/3820 3546/3868/3820 3545/3867/3820
f 3546/3868/3821 2938/3218/3821 2936/3216/3821 2935/3215/3821
f 3546/3868/3822 2935/3215/3822 3541/3863/3822 3540/3862/3822
f 3541/3863/3823 2935/3215/3823 2933/3213/3823 2932/3212/3823
f 3541/3863/3824 2932/3212/3824 3536/3858/3824 3535/3857/3824
f 3536/3858/3825 2932/3212/3825 2930/3210/3825 2929/3209/3825
f 3536/3858/3826 2929/3209/3826 3531/3853/3826 3530/3852/3826
f 3531/3853/3827 2929/3209/3827 2927/3207/3827 2926/3206/3827
f 3531/3853/3828 2926/3206/3828 3526/3848/3828 3525/3847/3828
f 3526/3848/3829 2926/3206/3829 2924/3204/3829 2923/3203/3829
f 3526/3848/3830 2923/3203/3830 3521/3843/3830 3520/3842/3830
f 3521/3843/3831 2923/3203/3831 2921/3201/3831 2920/3200/3831
f 3521/3843/3832 2920/3200/3832 3516/3838/3832 3515/3837/3832
f 3516/3838/3833 2920/3200/3833 2918/3198/3833 2917/3197/3833
f 3516/3838/3834 2917/3197/3834 3511/3833/3834 3510/3832/3834
f 3511/3833/3835 2917/3197/3835 2915/3196/3835 2914/4694/3835
f 3511/3833/3836 2914/4694/3836 3506/3826/3836 3505/3825/3836
f 3506/4695/3837 2914/3191/3837 2912/3189/3837 2911/3188/3837
f 3506/4695/3838 2911/3188/3838 3501/3820/3838 3500/3819/3838
f 3501/3820/3839 2911/3188/3839 2909/3186/3839 2908/3185/3839
f 3501/3820/3840 2908/3185/3840 3496/3815/3840 3495/3814/3840
f 3496/3815/3841 2908/3185/3841 2906/3183/3841 2905/3182/3841
f 3496/3815/3842 2905/3182/3842 3491/3810/3842 3490/3809/3842
f 3491/3810/3843 2905/3182/3843 2903/3180/3843 2902/3179/3843
f 3491/3810/3844 2902/3179/3844 3486/3805/3844 3485/3804/3844
f 3486/3805/3845 2902/3179/3845 2900/3177/3845 2899/3176/3845
f 3486/3805/3846 2899/3176/3846 3481/3800/3846 3480/3799/3846
f 3481/3800/3847 2899/3176/3847 2897/3174/3847 2896/3173/3847
f 3481/3800/3848 2896/3173/3848 3476/3795/3848 3475/3794/3848
f 3476/3795/3849 2896/3173/3849 2894/3171/3849 2893/3170/3849
f 3476/3795/3850 2893/3170/3850 3471/3790/3850 3470/3789/3850
f 3471/3790/3851 2893/3170/3851 2891/3168/3851 2890/3167/3851
f 3471/3790/3852 2890/3167/3852 3466/3785/3852 3465/3784/3852
f 3466/3785/3853 2890/3167/3853 2888/3164/3853 2887/3163/3853
f 3466/3785/3854 2887/3163/3854 3461/3780/3854 3460/3779/3854
f 3461/3780/3855 2887/3163/3855 2885/3162/3855 2884/4696/3855
f 3461/3780/3856 2884/4696/3856 3456/3775/3856 3455/3774/3856
f 3456/4697/3857 2884/3158/3857 2882/3156/3857 2881/3155/3857
f 3456/4697/3858 2881/3155/3858 3451/3767/3858 3450/3766/3858
f 3451/3767/3859 2881/3155/3859 2879/3153/3859 2878/3152/3859
f 3451/3767/3860 2878/3152/3860 3446/3762/3860 3445/3761/3860
f 3446/3762/3861 2878/3152/3861 2876/3150/3861 2875/3149/3861
f 3446/3762/3862 2875/3149/3862 3441/3757/3862 3440/3756/3862
f 3441/3757/3863 2875/3149/3863 2873/3147/3863 2872/3146/3863
f 3441/3757/3864 2872/3146/3864 3436/3752/3864 3435/3751/3864
f 3436/3752/3865 2872/3146/3865 2870/3144/3865 2869/3143/3865
f 3436/3752/3866 2869/3143/3866 3431/3747/3866 3430/3746/3866
f 3431/3747/3867 2869/3143/3867 2867/3141/3867 2866/3140/3867
f 3431/3747/3868 2866/3140/3868 3426/3742/3868 3425/3741/3868
f 3426/3742/3869 2866/3140/3869 2864/3138/3869 2863/3137/3869
f 3426/3742/3870 2863/3137/3870 3421/3737/3870 3420/3736/3870
f 3421/3737/3871 2863/3137/3871 2861/3135/3871 2860/3134/3871
f 3421/3737/3872 2860/3134/3872 3416/3732/3872 3415/3731/3872
f 3416/3732/3873 2860/3134/3873 2858/3132/3873 2857/3131/3873
f 3416/3732/3874 2857/3131/3874 3411/3727/3874 3410/3726/3874
f 3411/3727/3875 2857/3131/3875 2855/3129/3875 2854/3128/3875
f 3411/3727/3876 2854/3128/3876 3406/3722/3876 3405/3721/3876
f 3406/3722/3877 2854/3128/3877 2852/3126/3877 2851/3125/3877
f 3406/3722/3878 2851/3125/3878 3401/3717/3878 3400/3716/3878
f 3401/3717/3879 2851/3125/3879 2849/3122/3879 2848/3121/3879
f 3401/3717/3880 2848/3121/3880 3396/3712/3880 3395/3711/3880
f 3396/3712/3881 2848/3121/3881 2846/3120/3881 2845/4698/3881
f 3396/3712/3882 2845/4698/3882 3391/3707/3882 3390/3706/3882
f 3391/4699/3883 2845/3116/3883 2843/3114/3883 2842/3113/3883
f 3391/4699/3884 2842/3113/3884 3386/3699/3884 3385/3698/3884
f 3386/3699/3885 2842/3113/3885 2840/3111/3885 2839/3110/3885
f 3386/3699/3886 2839/3110/3886 3381/3694/3886 3380/3693/3886
f 3381/3694/3887 2839/3110/3887 2837/3108/3887 2836/3107/3887
f 3381/3694/3888 2836/3107/3888 3376/3689/3888 3375/3688/3888
f 3376/3689/3889 2836/3107/3889 2834/3105/3889 2833/3104/3889
f 3376/3689/3890 2833/3104/3890 3371/3684/3890 3370/3683/3890
f 3371/3684/3891 2833/3104/3891 2831/3102/3891 2830/3101/3891
f 3371/3684/3892 2830/3101/3892 3366/3679/3892 3365/3678/3892
f 3366/3679/3893 2830/3101/3893 2828/3099/3893 2827/3098/3893
f 3366/3679/3894 2827/3098/3894 3361/3674/3894 3360/3673/3894
f 3361/3674/3895 2827/3098/3895 2825/3096/3895 2824/3095/3895
f 3361/3674/3896 2824/3095/3896 3356/3669/3896 3355/3668/3896
f 3356/3669/3897 2824/3095/3897 2822/3093/3897 2821/3092/3897
f 3356/3669/3898 2821/3092/3898 3351/3664/3898 3350/3663/3898
f 3351/3664/3899 2821/3092/3899 2819/3090/3899 2818/3089/3899
f 3351/3664/3900 2818/3089/3900 3346/3659/3900 3345/3658/3900
f 3346/3659/3901 2818/3089/3901 2816/3087/3901 2815/3086/3901
f 3346/3659/3902 2815/3086/3902 3341/3654/3902 3340/3653/3902
f 3341/3654/3903 2815/3086/3903 2813/3084/3903 2812/3083/3903
f 3341/3654/3904 2812/3083/3904 3336/3649/3904 3335/3648/3904
f 3336/3649/3905 2812/3083/3905 2810/3081/3905 2809/3080/3905
f 3336/3649/3906 2809/3080/3906 3331/3644/3906 3330/3643/3906
f 3331/3644/3907 2809/3080/3907 2807/3078/3907 2806/3077/3907
f 3331/3644/3908 2806/3077/3908 3326/3639/3908 3325/3638/3908
f 3326/3639/3909 2806/3077/3909 2804/3075/3909 2803/3074/3909
f 3326/3639/3910 2803/3074/3910 3321/3634/3910 3320/3633/3910
f 3321/3634/3911 2803/3074/3911 2801/3071/3911 2800/3070/3911
f 3321/3634/3912 2800/3070/3912 3316/3629/3912 3315/3628/3912
f 3316/3629/3913 2800/3070/3913 2798/3069/3913 2797/4700/3913
f 3316/3629/3914 2797/4700/3914 3311/3624/3914 3310/3623/3914
f 3311/4701/3915 2797/3065/3915 2795/3063/3915 2794/3062/3915
f 3311/4701/3916 2794/3062/3916 3306/3616/3916 3305/3615/3916
f 3306/3616/3917 2794/3062/3917 2792/3060/3917 2791/3059/3917
f 3306/3616/3918 2791/3059/3918 3301/3611/3918 3300/3610/3918
f 3301/3611/3919 2791/3059/3919 2789/3057/3919 2788/3056/3919
f 3301/3611/3920 2788/3056/3920 3296/3606/3920 3295/3605/3920
f 3296/3606/3921 2788/3056/3921 2786/3054/3921 2785/3053/3921
f 3296/3606/3922 2785/3053/3922 3291/3601/3922 3290/3600/3922
f 3291/3601/3923 2785/3053/3923 2783/3051/3923 2782/3050/3923
f 3291/3601/3924 2782/3050/3924 3286/3596/3924 3285/3595/3924
f 3286/3596/3925 2782/3050/3925 2780/3048/3925 2779/3047/3925
f 3286/3596/3926 2779/3047/3926 3281/3591/3926 3280/3590/3926
f 3281/3591/3927 2779/3047/3927 2777/3045/3927 2776/3044/3927
f 3281/3591/3928 2776/3044/3928 3276/3586/3928 3275/3585/3928
f 3276/3586/3929 2776/3044/3929 2774/3041/3929 2773/3040/3929
f 3276/3586/3930 2773/3040/3930 3271/3581/3930 3270/3580/3930
f 3271/3581/3931 2773/3040/3931 2771/3036/3931 2770/3035/3931
f 3271/3581/3932 2770/3035/3932 3266/3576/3932 3265/3575/3932
f 3266/3576/3933 2770/3035/3933 2768/3031/3933 2767/3030/3933
f 3266/3576/3934 2767/3030/3934 3261/3571/3934 3260/3570/3934
f 3261/3571/3935 2767/3030/3935 2765/3029/3935 2764/4702/3935
f 3261/3571/3936 2764/4702/3936 3258/3568/3936 3257/3567/3936
f 3258/3568/3937 2764/4702/3937 2762/4703/3937 2761/4704/3937
f 3258/3568/3938 2761/4704/3938 33/30/3938 38/35/3938
f 3019/3306/3939 3017/3304/3939 3012/3299/3939 3011/3298/3939
f 2761/4704/3940 2759/4705/3940 34/31/3940 33/30/3940
f 2757/4706/3941 2756/3561/3941 35/32/3941 34/31/3941
f 2487/2721/3942 2485/2719/3942 28/2718/3942 27/3285/3942
f 2483/2713/3943 2482/2712/3943 29/25/3943 28/24/3943
f 1996/2174/3944 1994/2170/3944 1986/2157/3944 1984/2155/3944
f 1925/4707/3945 1178/1276/3945 1174/1272/3945 1173/1271/3945
f 1925/4707/3946 1173/1271/3946 1920/2085/3946 1919/2084/3946
f 1925/2093/3947 1924/2092/3947 1184/1286/3947 1178/1285/3947
f 1920/2085/3948 1173/1271/3948 1169/1267/3948 1168/1266/3948
f 1920/2085/3949 1168/1266/3949 1915/2080/3949 1914/2079/3949
f 1915/2080/3950 1168/1266/3950 1164/1262/3950 1163/1261/3950
f 1915/2080/3951 1163/1261/3951 1910/2075/3951 1909/2074/3951
f 1910/2075/3952 1163/1261/3952 1159/1257/3952 1158/1256/3952
f 1910/2075/3953 1158/1256/3953 1905/2070/3953 1904/2069/3953
f 1905/2070/3954 1158/1256/3954 1154/1252/3954 1153/1251/3954
f 1905/2070/3955 1153/1251/3955 1900/2065/3955 1899/2064/3955
f 1900/2065/3956 1153/1251/3956 1149/1247/3956 1148/1246/3956
f 1900/2065/3957 1148/1246/3957 1895/2060/3957 1894/2059/3957
f 1895/2060/3958 1148/1246/3958 1144/1242/3958 1143/1241/3958
f 1895/2060/3959 1143/1241/3959 1890/2055/3959 1889/2054/3959
f 1890/2055/3960 1143/1241/3960 1139/1237/3960 1138/1236/3960
f 1890/2055/3961 1138/1236/3961 1885/2050/3961 1884/2049/3961
f 1885/2050/3962 1138/1236/3962 1134/1232/3962 1133/1231/3962
f 1885/2050/3963 1133/1231/3963 1880/2045/3963 1879/2044/3963
f 1880/2045/3964 1133/1231/3964 1129/1227/3964 1128/1226/3964
f 1880/2045/3965 1128/1226/3965 1875/2040/3965 1874/2039/3965
f 1875/2040/3966 1128/1226/3966 1124/1222/3966 1123/1221/3966
f 1875/2040/3967 1123/1221/3967 1870/2035/3967 1869/2034/3967
f 1870/2035/3968 1123/1221/3968 1119/1216/3968 1118/1215/3968
f 1870/2035/3969 1118/1215/3969 1865/2030/3969 1864/2029/3969
f 1865/2030/3970 1118/1215/3970 1114/1214/3970 1113/4708/3970
f 1865/2030/3971 1113/4708/3971 1860/2025/3971 1859/2024/3971
f 1860/4709/3972 1113/1208/3972 1109/1204/3972 1108/1203/3972
f 1860/4709/3973 1108/1203/3973 1855/2017/3973 1854/2016/3973
f 1855/2017/3974 1108/1203/3974 1104/1199/3974 1103/1198/3974
f 1855/2017/3975 1103/1198/3975 1850/2012/3975 1849/2011/3975
f 1850/2012/3976 1103/1198/3976 1099/1194/3976 1098/1193/3976
f 1850/2012/3977 1098/1193/3977 1845/2007/3977 1844/2006/3977
f 1845/2007/3978 1098/1193/3978 1094/1189/3978 1093/1188/3978
f 1845/2007/3979 1093/1188/3979 1840/2002/3979 1839/2001/3979
f 1840/2002/3980 1093/1188/3980 1089/1184/3980 1088/1183/3980
f 1840/2002/3981 1088/1183/3981 1835/1997/3981 1834/1996/3981
f 1835/1997/3982 1088/1183/3982 1084/1179/3982 1083/1178/3982
f 1835/1997/3983 1083/1178/3983 1830/1992/3983 1829/1991/3983
f 1830/1992/3984 1083/1178/3984 1079/1173/3984 1078/1172/3984
f 1830/1992/3985 1078/1172/3985 1825/1987/3985 1824/1986/3985
f 1825/1987/3986 1078/1172/3986 1074/1171/3986 1073/4710/3986
f 1825/1987/3987 1073/4710/3987 1820/1982/3987 1819/1981/3987
f 1820/4711/3988 1073/1165/3988 1069/1161/3988 1068/1160/3988
f 1820/4711/3989 1068/1160/3989 1815/1974/3989 1814/1973/3989
f 1815/1974/3990 1068/1160/3990 1064/1156/3990 1063/1155/3990
f 1815/1974/3991 1063/1155/3991 1810/1969/3991 1809/1968/3991
f 1810/1969/3992 1063/1155/3992 1059/1151/3992 1058/1150/3992
f 1810/1969/3993 1058/1150/3993 1805/1964/3993 1804/1963/3993
f 1805/1964/3994 1058/1150/3994 1054/1146/3994 1053/1145/3994
f 1805/1964/3995 1053/1145/3995 1800/1959/3995 1799/1958/3995
f 1800/1959/3996 1053/1145/3996 1049/1141/3996 1048/1140/3996
f 1800/1959/3997 1048/1140/3997 1795/1954/3997 1794/1953/3997
f 1795/1954/3998 1048/1140/3998 1044/1136/3998 1043/1135/3998
f 1795/1954/3999 1043/1135/3999 1790/1949/3999 1789/1948/3999
f 1790/1949/4000 1043/1135/4000 1039/1131/4000 1038/1130/4000
f 1790/1949/4001 1038/1130/4001 1785/1944/4001 1784/1943/4001
f 1785/1944/4002 1038/1130/4002 1034/1126/4002 1033/1125/4002
f 1785/1944/4003 1033/1125/4003 1780/1939/4003 1779/1938/4003
f 1780/1939/4004 1033/1125/4004 1029/1121/4004 1028/1120/4004
f 1780/1939/4005 1028/1120/4005 1775/1934/4005 1774/1933/4005
f 1775/1934/4006 1028/1120/4006 1024/1116/4006 1023/1115/4006
f 1775/1934/4007 1023/1115/4007 1770/1929/4007 1769/1928/4007
f 1770/1929/4008 1023/1115/4008 1019/1111/4008 1018/1110/4008
f 1770/1929/4009 1018/1110/4009 1765/1924/4009 1764/1923/4009
f 1765/1924/4010 1018/1110/4010 1014/1106/4010 1013/1105/4010
f 1765/1924/4011 1013/1105/4011 1760/1919/4011 1759/1918/4011
f 1760/1919/4012 1013/1105/4012 1009/1100/4012 1008/1099/4012
f 1760/1919/4013 1008/1099/4013 1755/1914/4013 1754/1913/4013
f 1755/1914/4014 1008/1099/4014 1004/1098/4014 1003/4712/4014
f 1755/1914/4015 1003/4712/4015 1750/1909/4015 1749/1908/4015
f 1750/4713/4016 1003/1092/4016 999/1088/4016 998/1087/4016
f 1750/4713/4017 998/1087/4017 1745/1901/4017 1744/1900/4017
f 1745/1901/4018 998/1087/4018 994/1083/4018 993/1082/4018
f 1745/1901/4019 993/1082/4019 1740/1896/4019 1739/1895/4019
f 1740/1896/4020 993/1082/4020 989/1078/4020 988/1077/4020
f 1740/1896/4021 988/1077/4021 1735/1891/4021 1734/1890/4021
f 1735/1891/4022 988/1077/4022 984/1073/4022 983/1072/4022
f 1735/1891/4023 983/1072/4023 1730/1886/4023 1729/1885/4023
f 1730/1886/4024 983/1072/4024 979/1068/4024 978/1067/4024
f 1730/1886/4025 978/1067/4025 1725/1881/4025 1724/1880/4025
f 1725/1881/4026 978/1067/4026 974/1063/4026 973/1062/4026
f 1725/1881/4027 973/1062/4027 1720/1876/4027 1719/1875/4027
f 1720/1876/4028 973/1062/4028 969/1058/4028 968/1057/4028
f 1720/1876/4029 968/1057/4029 1715/1871/4029 1714/1870/4029
f 1715/1871/4030 968/1057/4030 964/1053/4030 963/1052/4030
f 1715/1871/4031 963/1052/4031 1710/1866/4031 1709/1865/4031
f 1710/1866/4032 963/1052/4032 959/1048/4032 958/1047/4032
f 1710/1866/4033 958/1047/4033 1705/1861/4033 1704/1860/4033
f 1705/1861/4034 958/1047/4034 954/1043/4034 953/1042/4034
f 1705/1861/4035 953/1042/4035 1700/1856/4035 1699/1855/4035
f 1700/1856/4036 953/1042/4036 949/1038/4036 948/1037/4036
f 1700/1856/4037 948/1037/4037 1695/1851/4037 1694/1850/4037
f 1695/1851/4038 948/1037/4038 944/1033/4038 943/1032/4038
f 1695/1851/4039 943/1032/4039 1690/1846/4039 1689/1845/4039
f 1690/1846/4040 943/1032/4040 939/1028/4040 938/1027/4040
f 1690/1846/4041 938/1027/4041 1685/1841/4041 1684/1840/4041
f 1685/1841/4042 938/1027/4042 934/1023/4042 933/1022/4042
f 1685/1841/4043 933/1022/4043 1680/1836/4043 1679/1835/4043
f 1680/1836/4044 933/1022/4044 929/1017/4044 928/1016/4044
f 1680/1836/4045 928/1016/4045 1675/1831/4045 1674/1830/4045
f 1675/1831/4046 928/1016/4046 924/1015/4046 923/4714/4046
f 1675/1831/4047 923/4714/4047 1670/1826/4047 1669/1825/4047
f 1670/4715/4048 923/1009/4048 919/1005/4048 918/1004/4048
f 1670/4715/4049 918/1004/4049 1665/1818/4049 1664/1817/4049
f 1665/1818/4050 918/1004/4050 914/1000/4050 913/999/4050
f 1665/1818/4051 913/999/4051 1660/1813/4051 1659/1812/4051
f 1660/1813/4052 913/999/4052 909/995/4052 908/994/4052
f 1660/1813/4053 908/994/4053 1655/1808/4053 1654/1807/4053
f 1655/1808/4054 908/994/4054 904/990/4054 903/989/4054
f 1655/1808/4055 903/989/4055 1650/1803/4055 1649/1802/4055
f 1650/1803/4056 903/989/4056 899/985/4056 898/984/4056
f 1650/1803/4057 898/984/4057 1645/1798/4057 1644/1797/4057
f 1645/1798/4058 898/984/4058 894/980/4058 893/979/4058
f 1645/1798/4059 893/979/4059 1640/1793/4059 1639/1792/4059
f 1640/1793/4060 893/979/4060 889/974/4060 888/973/4060
f 1640/1793/4061 888/973/4061 1635/1788/4061 1634/1787/4061
f 1635/1788/4062 888/973/4062 884/972/4062 883/4716/4062
f 1635/1788/4063 883/4716/4063 1630/1783/4063 1629/1782/4063
f 1630/4717/4064 883/966/4064 879/962/4064 878/961/4064
f 1630/4717/4065 878/961/4065 1625/1775/4065 1624/1774/4065
f 1625/1775/4066 878/961/4066 874/957/4066 873/956/4066
f 1625/1775/4067 873/956/4067 1620/1770/4067 1619/1769/4067
f 1620/1770/4068 873/956/4068 869/952/4068 868/951/4068
f 1620/1770/4069 868/951/4069 1615/1765/4069 1614/1764/4069
f 1615/1765/4070 868/951/4070 864/947/4070 863/946/4070
f 1615/1765/4071 863/946/4071 1610/1760/4071 1609/1759/4071
f 1610/1760/4072 863/946/4072 859/942/4072 858/941/4072
f 1610/1760/4073 858/941/4073 1605/1755/4073 1604/1754/4073
f 1605/1755/4074 858/941/4074 854/937/4074 853/936/4074
f 1605/1755/4075 853/936/4075 1600/1750/4075 1599/1749/4075
f 1600/1750/4076 853/936/4076 849/932/4076 848/931/4076
f 1600/1750/4077 848/931/4077 1595/1745/4077 1594/1744/4077
f 1595/1745/4078 848/931/4078 844/927/4078 843/926/4078
f 1595/1745/4079 843/926/4079 1590/1740/4079 1589/1739/4079
f 1590/1740/4080 843/926/4080 839/922/4080 838/921/4080
f 1590/1740/4081 838/921/4081 1585/1735/4081 1584/1734/4081
f 1585/1735/4082 838/921/4082 834/917/4082 833/916/4082
f 1585/1735/4083 833/916/4083 1580/1728/4083 1579/1727/4083
f 1580/1728/4084 833/916/4084 829/911/4084 828/910/4084
f 1580/1728/4085 828/910/4085 1575/4718/4085 1574/1729/4085
f 1575/1722/4086 828/4719/4086 824/902/4086 823/901/4086
f 1575/1722/4087 823/901/4087 1570/1717/4087 1569/1716/4087
f 1570/1717/4088 823/901/4088 819/895/4088 818/894/4088
f 1570/1717/4089 818/894/4089 1565/1712/4089 1564/1711/4089
f 1565/1712/4090 818/894/4090 814/890/4090 813/889/4090
f 1565/1712/4091 813/889/4091 1560/1707/4091 1559/1706/4091
f 1560/1707/4092 813/889/4092 809/885/4092 808/884/4092
f 1560/1707/4093 808/884/4093 1555/1702/4093 1554/1701/4093
f 1555/1702/4094 808/884/4094 804/880/4094 803/879/4094
f 1555/1702/4095 803/879/4095 1550/1697/4095 1549/1696/4095
f 1550/1697/4096 803/879/4096 799/875/4096 798/874/4096
f 1550/1697/4097 798/874/4097 1545/1692/4097 1544/1691/4097
f 1545/1692/4098 798/874/4098 794/870/4098 793/869/4098
f 1545/1692/4099 793/869/4099 1540/1687/4099 1539/1686/4099
f 1540/1687/4100 793/869/4100 789/865/4100 788/864/4100
f 1540/1687/4101 788/864/4101 1535/1681/4101 1534/1680/4101
f 1535/1681/4102 788/864/4102 784/860/4102 783/859/4102
f 1535/1681/4103 783/859/4103 1530/1673/4103 1529/1672/4103
f 1530/1673/4104 783/859/4104 780/856/4104 779/855/4104
f 1530/1673/4105 779/855/4105 1527/4720/4105 1526/1674/4105
f 1527/4720/4106 779/855/4106 777/853/4106 776/852/4106
f 1527/1669/4107 776/4721/4107 47/46/4107 46/45/4107
f 1293/1406/4108 1291/1405/4108 1270/4722/4108 1268/1375/4108
f 1289/1400/4109 1273/1384/4109 1271/1381/4109 1270/1380/4109
f 1287/1398/4110 1276/1387/4110 1274/1385/4110 1273/1384/4110
f 1283/1394/4111 1279/1390/4111 1277/1388/4111 1276/1387/4111
f 1242/1347/4112 502/539/4112 498/535/4112 497/534/4112
f 1242/1347/4113 497/534/4113 1237/1342/4113 1236/1341/4113
f 1237/1342/4114 497/534/4114 493/530/4114 492/529/4114
f 1237/1342/4115 492/529/4115 1232/1337/4115 1231/1336/4115
f 1232/1337/4116 492/529/4116 488/525/4116 487/524/4116
f 1232/1337/4117 487/524/4117 1227/1332/4117 1226/1331/4117
f 1227/1332/4118 487/524/4118 483/520/4118 482/519/4118
f 1227/1332/4119 482/519/4119 1222/1327/4119 1221/1326/4119
f 1222/1327/4120 482/519/4120 478/514/4120 477/513/4120
f 1222/1327/4121 477/513/4121 1217/4723/4121 1216/1325/4121
f 1217/1319/4122 477/4724/4122 473/506/4122 472/505/4122
f 1217/1319/4123 472/505/4123 1212/1314/4123 1211/1313/4123
f 1212/1314/4124 472/505/4124 468/499/4124 467/498/4124
f 1212/1314/4125 467/498/4125 1207/1309/4125 1206/1308/4125
f 1207/1309/4126 467/498/4126 464/493/4126 463/492/4126
f 1207/1309/4127 463/492/4127 1202/1304/4127 1201/1303/4127
f 1202/1304/4128 463/492/4128 462/491/4128 4302/4725/4128
f 1202/1304/4129 4302/4725/4129 1197/1299/4129 1196/1298/4129
f 4302/4725/4130 462/491/4130 461/490/4130 4303/4726/4130
f 4302/4725/4131 4303/4726/4131 12/5/4131 1197/1299/4131
f 4303/4727/4132 461/4728/4132 1182/1280/4132 1181/1279/4132
f 4303/4726/4133 1181/1284/4133 13/6/4133 12/5/4133
f 1197/1299/4134 12/5/4134 11/4/4134 1192/1294/4134
f 1182/1280/4135 461/4728/4135 459/486/4135 458/485/4135
f 1182/1280/4136 458/485/4136 1177/1275/4136 1176/1274/4136
f 1177/1275/4137 458/485/4137 454/481/4137 453/480/4137
f 1177/1275/4138 453/480/4138 1172/1270/4138 1171/1269/4138
f 1172/1270/4139 453/480/4139 449/476/4139 448/475/4139
f 1172/1270/4140 448/475/4140 1167/1265/4140 1166/1264/4140
f 1167/1265/4141 448/475/4141 444/471/4141 443/470/4141
f 1167/1265/4142 443/470/4142 1162/1260/4142 1161/1259/4142
f 1162/1260/4143 443/470/4143 439/466/4143 438/465/4143
f 1162/1260/4144 438/465/4144 1157/1255/4144 1156/1254/4144
f 1157/1255/4145 438/465/4145 434/461/4145 433/460/4145
f 1157/1255/4146 433/460/4146 1152/1250/4146 1151/1249/4146
f 1152/1250/4147 433/460/4147 429/456/4147 428/455/4147
f 1152/1250/4148 428/455/4148 1147/1245/4148 1146/1244/4148
f 1147/1245/4149 428/455/4149 424/451/4149 423/450/4149
f 1147/1245/4150 423/450/4150 1142/1240/4150 1141/1239/4150
f 1142/1240/4151 423/450/4151 419/446/4151 418/445/4151
f 1142/1240/4152 418/445/4152 1137/1235/4152 1136/1234/4152
f 1137/1235/4153 418/445/4153 414/441/4153 413/440/4153
f 1137/1235/4154 413/440/4154 1132/1230/4154 1131/1229/4154
f 1132/1230/4155 413/440/4155 409/436/4155 408/435/4155
f 1132/1230/4156 408/435/4156 1127/1225/4156 1126/1224/4156
f 1127/1225/4157 408/435/4157 404/430/4157 403/429/4157
f 1127/1225/4158 403/429/4158 1122/1220/4158 1121/1219/4158
f 1122/1220/4159 403/429/4159 399/428/4159 398/4729/4159
f 1122/4730/4160 398/422/4160 1117/1212/4160 1116/1211/4160
f 1117/1212/4161 398/422/4161 394/418/4161 393/417/4161
f 1117/1212/4162 393/417/4162 1112/1207/4162 1111/1206/4162
f 1112/1207/4163 393/417/4163 389/413/4163 388/412/4163
f 1112/1207/4164 388/412/4164 1107/1202/4164 1106/1201/4164
f 1107/1202/4165 388/412/4165 384/408/4165 383/407/4165
f 1107/1202/4166 383/407/4166 1102/1197/4166 1101/1196/4166
f 1102/1197/4167 383/407/4167 379/403/4167 378/402/4167
f 1102/1197/4168 378/402/4168 1097/1192/4168 1096/1191/4168
f 1097/1192/4169 378/402/4169 374/398/4169 373/397/4169
f 1097/1192/4170 373/397/4170 1092/1187/4170 1091/1186/4170
f 1092/1187/4171 373/397/4171 369/392/4171 368/391/4171
f 1092/1187/4172 368/391/4172 1087/1182/4172 1086/1181/4172
f 1087/1182/4173 368/391/4173 364/390/4173 363/4731/4173
f 1087/1182/4174 363/4731/4174 1082/1177/4174 1081/1176/4174
f 1082/4732/4175 363/384/4175 359/380/4175 358/379/4175
f 1082/4732/4176 358/379/4176 1077/1169/4176 1076/1168/4176
f 1077/1169/4177 358/379/4177 354/375/4177 353/374/4177
f 1077/1169/4178 353/374/4178 1072/1164/4178 1071/1163/4178
f 1072/1164/4179 353/374/4179 349/370/4179 348/369/4179
f 1072/1164/4180 348/369/4180 1067/1159/4180 1066/1158/4180
f 1067/1159/4181 348/369/4181 344/365/4181 343/364/4181
f 1067/1159/4182 343/364/4182 1062/1154/4182 1061/1153/4182
f 1062/1154/4183 343/364/4183 339/360/4183 338/359/4183
f 1062/1154/4184 338/359/4184 1057/1149/4184 1056/1148/4184
f 1057/1149/4185 338/359/4185 334/355/4185 333/354/4185
f 1057/1149/4186 333/354/4186 1052/1144/4186 1051/1143/4186
f 1052/1144/4187 333/354/4187 329/350/4187 328/349/4187
f 1052/1144/4188 328/349/4188 1047/1139/4188 1046/1138/4188
f 1047/1139/4189 328/349/4189 324/345/4189 323/344/4189
f 1047/1139/4190 323/344/4190 1042/1134/4190 1041/1133/4190
f 1042/1134/4191 323/344/4191 319/340/4191 318/339/4191
f 1042/1134/4192 318/339/4192 1037/1129/4192 1036/1128/4192
f 1037/1129/4193 318/339/4193 314/335/4193 313/334/4193
f 1037/1129/4194 313/334/4194 1032/1124/4194 1031/1123/4194
f 1032/1124/4195 313/334/4195 309/330/4195 308/329/4195
f 1032/1124/4196 308/329/4196 1027/1119/4196 1026/1118/4196
f 1027/1119/4197 308/329/4197 304/324/4197 303/323/4197
f 1027/1119/4198 303/323/4198 1022/1114/4198 1021/1113/4198
f 1022/1114/4199 303/323/4199 299/322/4199 298/4733/4199
f 1022/1114/4200 298/4733/4200 1017/1109/4200 1016/1108/4200
f 1017/4734/4201 298/316/4201 294/312/4201 293/311/4201
f 1017/1109/4202 293/4735/4202 1012/1104/4202 1011/1103/4202
f 1012/4736/4203 293/311/4203 289/307/4203 288/306/4203
f 1012/4736/4204 288/306/4204 1007/1096/4204 1006/1095/4204
f 1007/1096/4205 288/306/4205 284/302/4205 283/301/4205
f 1007/1096/4206 283/301/4206 1002/1091/4206 1001/1090/4206
f 1002/1091/4207 283/301/4207 279/297/4207 278/296/4207
f 1002/1091/4208 278/296/4208 997/1086/4208 996/1085/4208
f 997/1086/4209 278/296/4209 274/292/4209 273/291/4209
f 997/1086/4210 273/291/4210 992/1081/4210 991/1080/4210
f 992/1081/4211 273/291/4211 269/287/4211 268/286/4211
f 992/1081/4212 268/286/4212 987/1076/4212 986/1075/4212
f 987/1076/4213 268/286/4213 264/282/4213 263/281/4213
f 987/1076/4214 263/281/4214 982/1071/4214 981/1070/4214
f 982/1071/4215 263/281/4215 259/277/4215 258/276/4215
f 982/1071/4216 258/276/4216 977/1066/4216 976/1065/4216
f 977/1066/4217 258/276/4217 254/272/4217 253/271/4217
f 977/1066/4218 253/271/4218 972/1061/4218 971/1060/4218
f 972/1061/4219 253/271/4219 249/267/4219 248/266/4219
f 972/1061/4220 248/266/4220 967/1056/4220 966/1055/4220
f 967/1056/4221 248/266/4221 244/262/4221 243/261/4221
f 967/1056/4222 243/261/4222 962/1051/4222 961/1050/4222
f 962/1051/4223 243/261/4223 239/257/4223 238/256/4223
f 962/1051/4224 238/256/4224 957/1046/4224 956/1045/4224
f 957/1046/4225 238/256/4225 234/252/4225 233/251/4225
f 957/1046/4226 233/251/4226 952/1041/4226 951/1040/4226
f 952/1041/4227 233/251/4227 229/247/4227 228/246/4227
f 952/1041/4228 228/246/4228 947/1036/4228 946/1035/4228
f 947/1036/4229 228/246/4229 224/241/4229 223/240/4229
f 947/1036/4230 223/240/4230 942/1031/4230 941/1030/4230
f 942/1031/4231 223/240/4231 219/234/4231 218/233/4231
f 942/1031/4232 218/233/4232 937/1026/4232 936/1025/4232
f 937/1026/4233 218/233/4233 214/232/4233 213/4737/4233
f 937/1026/4234 213/4737/4234 932/1021/4234 931/1020/4234
f 932/4738/4235 213/224/4235 209/220/4235 208/219/4235
f 932/4738/4236 208/219/4236 927/1013/4236 926/1012/4236
f 927/1013/4237 208/219/4237 204/215/4237 203/214/4237
f 927/1013/4238 203/214/4238 922/1008/4238 921/1007/4238
f 922/1008/4239 203/214/4239 199/210/4239 198/209/4239
f 922/1008/4240 198/209/4240 917/1003/4240 916/1002/4240
f 917/1003/4241 198/209/4241 194/205/4241 193/204/4241
f 917/1003/4242 193/204/4242 912/998/4242 911/997/4242
f 912/998/4243 193/204/4243 189/200/4243 188/199/4243
f 912/998/4244 188/199/4244 907/993/4244 906/992/4244
f 907/993/4245 188/199/4245 184/194/4245 183/193/4245
f 907/993/4246 183/193/4246 902/988/4246 901/987/4246
f 902/988/4247 183/193/4247 179/192/4247 178/4739/4247
f 902/988/4248 178/4739/4248 897/983/4248 896/982/4248
f 897/4740/4249 178/186/4249 174/182/4249 173/181/4249
f 897/4740/4250 173/181/4250 892/4741/4250 891/4742/4250
f 892/4741/4251 173/181/4251 169/177/4251 168/176/4251
f 892/4741/4252 168/176/4252 887/970/4252 886/969/4252
f 887/970/4253 168/176/4253 164/172/4253 163/171/4253
f 887/970/4254 163/171/4254 882/965/4254 881/964/4254
f 882/965/4255 163/171/4255 159/167/4255 158/166/4255
f 882/965/4256 158/166/4256 877/960/4256 876/959/4256
f 877/960/4257 158/166/4257 154/162/4257 153/161/4257
f 877/960/4258 153/161/4258 872/955/4258 871/954/4258
f 872/955/4259 153/161/4259 149/157/4259 148/156/4259
f 872/955/4260 148/156/4260 867/950/4260 866/949/4260
f 867/950/4261 148/156/4261 144/152/4261 143/151/4261
f 867/950/4262 143/151/4262 862/945/4262 861/944/4262
f 862/945/4263 143/151/4263 139/147/4263 138/146/4263
f 862/945/4264 138/146/4264 857/940/4264 856/939/4264
f 857/940/4265 138/146/4265 134/142/4265 133/141/4265
f 857/940/4266 133/141/4266 852/935/4266 851/934/4266
f 852/935/4267 133/141/4267 129/137/4267 128/136/4267
f 852/935/4268 128/136/4268 847/930/4268 846/929/4268
f 847/930/4269 128/136/4269 124/132/4269 123/131/4269
f 847/930/4270 123/131/4270 842/925/4270 841/924/4270
f 842/925/4271 123/131/4271 119/126/4271 118/125/4271
f 842/925/4272 118/125/4272 837/920/4272 836/919/4272
f 837/920/4273 118/125/4273 114/124/4273 113/4743/4273
f 837/920/4274 113/4743/4274 832/915/4274 831/914/4274
f 832/4744/4275 113/118/4275 109/114/4275 108/113/4275
f 832/4744/4276 108/113/4276 827/907/4276 826/906/4276
f 827/907/4277 108/113/4277 104/109/4277 103/108/4277
f 827/907/4278 103/108/4278 822/899/4278 821/898/4278
f 822/899/4279 103/108/4279 99/104/4279 98/103/4279
f 822/899/4280 98/103/4280 817/4745/4280 816/900/4280
f 817/4745/4281 98/103/4281 94/99/4281 93/98/4281
f 817/893/4282 93/4746/4282 812/888/4282 811/887/4282
f 812/4747/4283 93/98/4283 89/94/4283 88/93/4283
f 812/888/4284 88/4748/4284 807/883/4284 806/882/4284
f 807/883/4285 88/4748/4285 84/4749/4285 83/4750/4285
f 807/883/4286 83/4750/4286 802/878/4286 801/877/4286
f 802/878/4287 83/4750/4287 79/4751/4287 78/4752/4287
f 802/878/4288 78/4752/4288 797/873/4288 796/872/4288
f 797/873/4289 78/4752/4289 74/78/4289 73/77/4289
f 797/873/4290 73/77/4290 792/868/4290 791/867/4290
f 792/868/4291 73/77/4291 69/71/4291 68/70/4291
f 792/868/4292 68/70/4292 787/863/4292 786/862/4292
f 787/863/4293 68/70/4293 64/64/4293 52/52/4293
f 787/863/4294 52/52/4294 51/51/4294 782/858/4294
f 776/4721/4295 774/4753/4295 50/49/4295 47/46/4295
f 539/585/4296 537/583/4296 536/582/4296 16/10/4296
f 536/582/4297 4304/4754/4297 17/11/4297 16/10/4297
f 536/582/4298 534/580/4298 530/576/4298 4304/4754/4298
f 4304/4754/4299 530/576/4299 528/574/4299 527/573/4299
f 4304/4754/4300 527/573/4300 20/14/4300 17/11/4300
f 527/573/4301 525/569/4301 524/568/4301 20/14/4301
f 508/545/4302 506/543/4302 23/18/4302 22/17/4302
