# This file uses centimeters as units for non-parametric coordinates.

mtllib TuberiaInterior.mtl
g default
v 386.351127 65.758683 8.845455
v 387.027274 61.549216 14.955732
v 388.039237 55.295741 18.973757
v 389.232841 47.990828 20.304632
v 390.426566 40.763393 18.786371
v 391.438407 34.696941 14.690735
v 392.114677 30.674490 8.658067
v 392.352103 29.267891 1.589974
v 392.114677 30.674487 -5.478119
v 391.438529 34.696934 -11.510784
v 390.426566 40.763386 -15.606424
v 389.232841 47.990828 -17.124689
v 388.039237 55.295739 -15.793816
v 387.027274 61.549208 -11.775796
v 386.351127 65.758683 -5.665514
v 386.113700 67.242745 1.589971
v 375.242851 67.160698 9.206620
v 377.015678 62.626278 15.557193
v 379.668876 55.960375 19.630774
v 382.798515 48.282896 20.851299
v 385.928153 40.806190 19.139465
v 388.581352 34.624978 14.862376
v 390.354179 30.575236 8.715304
v 390.976737 29.168439 1.589974
v 390.354179 30.575234 -5.535357
v 388.581352 34.624973 -11.682429
v 385.928153 40.806181 -15.959517
v 382.798515 48.282896 -17.671356
v 379.668876 55.960375 -16.450830
v 377.015678 62.626271 -12.377257
v 375.242851 67.160698 -6.026679
v 374.620292 68.768269 1.589971
v 368.353812 67.879082 9.430605
v 370.239066 63.213501 15.964308
v 373.060600 56.358725 20.149485
v 376.388725 48.469841 21.395880
v 379.716972 40.794085 19.627008
v 382.538383 34.453805 15.225418
v 384.423637 30.302723 8.908126
v 385.085624 28.861280 1.589974
v 384.423637 30.302721 -5.728178
v 382.538383 34.453801 -12.045469
v 379.716972 40.794077 -16.447062
v 376.388725 48.469841 -18.215937
v 373.060600 56.358717 -16.969543
v 370.239066 63.213499 -12.784372
v 368.353812 67.879082 -6.250663
v 367.691825 69.533638 1.589971
v 361.872245 68.514615 9.641344
v 363.775565 63.733761 16.352612
v 366.624198 56.707646 20.654697
v 369.984428 48.618491 21.939995
v 373.344657 40.744456 20.127195
v 376.193290 34.237632 15.606612
v 378.096610 29.976066 9.113837
v 378.765067 28.495979 1.589974
v 378.096610 29.976064 -5.933889
v 376.193290 34.237629 -12.426664
v 373.344657 40.744448 -16.947248
v 369.984428 48.618487 -18.760052
v 366.624198 56.707636 -17.474756
v 363.775565 63.733754 -13.172677
v 361.872245 68.514615 -6.461401
v 361.203788 70.209797 1.589971
v 355.542045 69.111134 9.847158
v 357.428275 64.220440 16.733936
v 360.251395 57.028805 21.154928
v 363.581352 48.742690 22.484007
v 366.911430 40.669810 20.632162
v 369.734428 33.992953 15.994635
v 371.620780 29.617023 9.324387
v 372.283134 28.096636 1.589974
v 371.620780 29.617023 -6.144438
v 369.734428 33.992945 -12.814687
v 366.911430 40.669801 -17.452215
v 363.581352 48.742686 -19.304064
v 360.251395 57.028798 -17.974987
v 357.428275 64.220433 -13.554001
v 355.542045 69.111130 -6.667216
v 354.879691 70.844742 1.589971
v 349.295951 69.683403 10.050237
v 351.144950 64.685631 17.111416
v 353.912162 57.331309 21.652517
v 357.176200 48.849505 23.028194
v 360.440360 40.576846 21.140102
v 363.207450 33.727416 16.386751
v 365.056449 29.234541 9.537814
v 365.705741 27.672773 1.589975
v 365.056449 29.234539 -6.357866
v 363.207450 33.727411 -13.206804
v 360.440360 40.576837 -17.960155
v 357.176200 48.849501 -19.848251
v 353.912162 57.331305 -18.472578
v 351.144950 64.685624 -13.931480
v 349.295951 69.683403 -6.870295
v 348.646781 71.454300 1.589971
v 343.111015 70.239380 10.251328
v 344.907401 65.136418 17.486149
v 347.595756 57.621178 22.148315
v 350.766898 48.944222 23.572742
v 353.938041 40.470629 21.650492
v 356.626395 33.446325 16.782124
v 358.422660 28.834284 9.753499
v 359.053519 27.230230 1.589975
v 358.422660 28.834279 -6.573551
v 356.626395 33.446319 -13.602171
v 353.938041 40.470620 -18.470545
v 350.766898 48.944222 -20.392799
v 347.595756 57.621176 -18.968374
v 344.907401 65.136406 -14.306214
v 343.111015 70.239380 -7.071386
v 342.480277 72.046788 1.589971
v 336.976737 70.785195 10.450773
v 338.706352 65.578564 17.858686
v 341.294853 57.903765 22.642897
v 344.348197 49.031796 24.118082
v 347.401420 40.355839 22.163572
v 349.989921 33.154218 17.180817
v 351.719535 28.420755 9.971439
v 352.326835 26.773506 1.589975
v 351.719535 28.420753 -6.791491
v 349.989921 33.154213 -14.000867
v 347.401542 40.355827 -18.983618
v 344.348197 49.031792 -20.938139
v 341.294853 57.903754 -19.462955
v 338.706352 65.578553 -14.678751
v 336.976737 70.785195 -7.270831
v 336.369437 72.628449 1.589971
v 330.901664 71.325344 10.648293
v 332.549857 66.016747 18.228548
v 335.016410 58.183968 23.135715
v 337.925956 49.117318 24.663721
v 340.835380 40.237677 22.678965
v 343.301933 32.856328 17.582607
v 344.950126 27.999163 10.191536
v 345.528861 26.307788 1.589975
v 344.950126 27.999160 -7.011587
v 343.301933 32.856323 -14.402658
v 340.835380 40.237667 -19.499016
v 337.925956 49.117314 -21.483778
v 335.016410 58.183962 -19.955774
v 332.549857 66.016739 -15.048612
v 330.901664 71.325344 -7.468351
v 330.322929 73.203709 1.589971
v 324.888114 71.865448 10.843813
v 326.437675 66.456879 18.595741
v 328.756767 58.467886 23.627052
v 331.492362 49.206877 25.210320
v 334.227958 40.121936 23.197605
v 336.547172 32.557973 17.988413
v 338.096732 27.574412 10.414362
v 338.640800 25.837820 1.589975
v 338.096732 27.574410 -7.234413
v 336.547172 32.557966 -14.808464
v 334.227958 40.121921 -20.017658
v 331.492362 49.206877 -22.030376
v 328.756767 58.467879 -20.447111
v 326.437675 66.456868 -15.415807
v 324.888114 71.865448 -7.663871
v 324.343925 73.778107 1.589971
v 318.954887 72.410641 11.036720
v 320.384940 66.904782 18.959368
v 322.525321 58.762194 24.116188
v 325.049857 49.307709 25.757683
v 327.574516 40.015962 23.719860
v 329.714896 32.266244 18.398872
v 331.144950 27.153228 10.640387
v 331.647147 25.370163 1.589975
v 331.144950 27.153226 -7.460437
v 329.714896 32.266239 -15.218924
v 327.574516 40.015953 -20.539911
v 325.049857 49.307705 -22.577740
v 322.525321 58.762188 -20.936247
v 320.384940 66.904770 -15.779433
v 318.954887 72.410641 -7.856779
v 318.452689 74.356438 1.589971
v 313.128715 72.966656 11.226151
v 314.411918 67.367417 19.318207
v 316.332572 59.075243 24.602280
v 318.597953 49.429100 26.305843
v 320.863456 39.929248 24.246641
v 322.783988 31.990214 18.815252
v 324.067313 26.744112 10.870503
v 324.517875 24.913062 1.589975
v 324.067313 26.744110 -7.690554
v 322.783988 31.990210 -15.635303
v 320.863456 39.929235 -21.066687
v 318.597953 49.429100 -23.125900
v 316.332572 59.075238 -21.422338
v 314.411918 67.367409 -16.138271
v 313.128715 72.966645 -8.046208
v 312.678031 74.943974 1.589971
v 307.451591 73.539555 11.410731
v 308.550468 67.852986 19.670345
v 310.194999 59.417670 25.084040
v 312.134940 49.583458 26.854952
v 314.074760 39.874757 24.779507
v 315.719413 31.742397 19.239672
v 316.818290 26.358790 11.106192
v 317.204154 24.477874 1.589975
v 316.818290 26.358787 -7.926242
v 315.719413 31.742389 -16.059723
v 314.074760 39.874747 -21.599558
v 312.134940 49.583453 -23.675009
v 310.194999 59.417658 -21.904100
v 308.550468 67.852978 -16.490412
v 307.451591 73.539555 -8.230789
v 307.065727 75.545964 1.589971
v 301.995658 74.134709 11.588121
v 302.855155 68.370743 20.012495
v 304.141532 59.803309 25.559195
v 305.658988 49.788195 27.405153
v 307.176322 39.871458 25.320995
v 308.462699 31.541479 19.675631
v 309.322196 26.014960 11.349911
v 309.624076 24.081793 1.589975
v 309.322196 26.014957 -8.169961
v 308.462699 31.541473 -16.495680
v 307.176322 39.871446 -22.141047
v 305.658988 49.788189 -24.225210
v 304.141532 59.803297 -22.379253
v 302.855155 68.370732 -16.832561
v 301.995658 74.134709 -8.408179
v 301.693778 76.166237 1.589971
v 296.894462 74.752964 11.753977
v 297.428031 68.929375 20.338537
v 298.226737 60.250403 26.023468
v 299.168876 50.069390 27.956556
v 300.111015 39.949579 25.875574
v 300.909721 31.418333 20.129387
v 301.443412 25.742444 11.606078
v 301.630790 23.753994 1.589975
v 301.443412 25.742442 -8.426127
v 300.909721 31.418328 -16.949436
v 300.111015 39.949567 -22.695623
v 299.168876 50.069384 -24.776613
v 298.226737 60.250397 -22.843527
v 297.428031 68.929364 -17.158606
v 296.894462 74.752964 -8.574035
v 296.706962 76.802605 1.589971
v 292.353080 75.383004 11.901631
v 292.472709 69.525914 20.636240
v 292.651786 60.768372 26.461073
v 292.862968 50.450837 28.492313
v 293.074149 40.147053 26.427923
v 293.253227 31.422667 20.589357
v 293.372855 25.598720 11.868475
v 293.414848 23.554668 1.589975
v 293.372855 25.598717 -8.688525
v 293.253227 31.422659 -17.409409
v 293.074149 40.147037 -23.247974
v 292.862968 50.450837 -25.312370
v 292.651786 60.768366 -23.281132
v 292.472709 69.525902 -17.456308
v 292.353080 75.383004 -8.721689
v 292.311088 77.440789 1.589971
v 288.165702 76.058052 12.037777
v 287.788017 70.195164 20.917681
v 287.222709 61.394740 26.887217
v 286.555961 50.973896 29.028162
v 285.889213 40.509736 26.991896
v 285.324027 31.604706 21.065722
v 284.946342 25.637197 12.142449
v 284.813651 23.538386 1.589975
v 284.946342 25.637191 -8.962500
v 285.324027 31.604700 -17.885771
v 285.889213 40.509725 -23.811947
v 286.555961 50.973896 -25.848219
v 287.222709 61.394728 -23.707275
v 287.788017 70.195153 -17.737747
v 288.165702 76.058052 -8.857835
v 288.298270 78.113526 1.589971
v 284.329276 76.782750 12.162511
v 283.374198 70.948410 21.182842
v 281.944999 62.151226 27.301483
v 280.259086 51.673346 29.563152
v 278.573173 41.086290 27.566164
v 277.143974 32.025466 21.557150
v 276.188895 25.927478 12.427179
v 275.853568 23.777839 1.589976
v 276.188895 25.927475 -9.247230
v 277.143974 32.025461 -18.377199
v 278.573173 41.086278 -24.386213
v 280.259086 51.673346 -26.383209
v 281.944999 62.151215 -24.121544
v 283.374198 70.948403 -18.002911
v 284.329276 76.782746 -8.982569
v 284.664603 78.823185 1.589971
v 280.757011 77.574063 12.278655
v 279.170341 71.804047 21.435396
v 276.795707 63.060585 27.705669
v 273.994682 52.580508 30.095387
v 271.193656 41.920267 28.145409
v 268.819022 32.741817 22.057283
v 267.232353 26.536804 12.718388
v 266.675102 24.344179 1.589976
v 267.232353 26.536801 -9.538438
v 268.819022 32.741810 -18.877335
v 271.193656 41.920254 -24.965460
v 273.994682 52.580508 -26.915443
v 276.795707 63.060585 -24.525730
v 279.170341 71.804036 -18.255465
v 280.757011 77.574063 -9.098713
v 281.314140 79.586510 1.589971
v 277.249198 78.477574 12.392707
v 275.028739 72.798020 21.684214
v 271.705497 64.148415 28.105225
v 267.785453 53.714999 30.622925
v 263.865531 43.032113 28.720617
v 260.542289 33.780190 22.554518
v 258.321830 27.498315 13.008095
v 257.542167 25.273427 1.589976
v 258.321830 27.498315 -9.828144
v 260.542289 33.780184 -19.374567
v 263.865531 43.032104 -25.540672
v 267.785453 53.714993 -27.442982
v 271.705497 64.148404 -24.925283
v 275.028739 72.798008 -18.504278
v 277.249198 78.477574 -9.212765
v 278.028861 80.452973 1.589971
v 273.538017 79.568993 12.513368
v 270.749198 73.983891 21.941309
v 266.575370 65.439755 28.507902
v 261.652152 55.075444 31.144020
v 256.728812 44.401804 29.280809
v 252.554984 35.110828 23.034367
v 249.766166 28.778889 13.286269
v 248.786796 26.531861 1.589976
v 249.766166 28.778886 -10.106318
v 252.554984 35.110822 -19.854418
v 256.728812 44.401792 -26.100861
v 261.652152 55.075438 -27.964077
v 266.575370 65.439743 -25.327961
v 270.749198 73.983883 -18.761377
v 273.538017 79.568993 -9.333426
v 274.517387 81.506672 1.589971
v 269.388847 80.928086 12.648272
v 266.152396 75.414715 22.217468
v 261.308769 66.950848 28.921303
v 255.595268 56.639466 31.658619
v 249.881767 45.973547 29.818260
v 245.038017 36.653722 23.485962
v 241.801566 30.284395 13.545221
v 240.665092 28.020796 1.589976
v 241.801566 30.284392 -10.365270
v 245.038017 36.653716 -20.306009
v 249.881644 45.973538 -26.638315
v 255.595268 56.639460 -28.478676
v 261.308769 66.950837 -25.741362
v 266.152396 75.414711 -19.037537
v 269.388847 80.928086 -9.468330
v 270.525321 82.837124 1.589971
v 264.694755 82.595463 12.800890
v 261.154472 77.111855 22.517725
v 255.856132 68.674797 29.349297
v 249.606376 58.367770 32.167442
v 243.356498 47.676684 30.330448
v 238.058158 38.312388 23.905287
v 234.517997 31.901530 13.782035
v 233.274833 29.621098 1.589976
v 234.517997 31.901524 -10.602083
v 238.058158 38.312381 -20.725334
v 243.356498 47.676672 -27.150497
v 249.606376 58.367770 -28.987497
v 255.856132 68.674790 -26.169355
v 261.154472 77.111844 -19.337793
v 264.694755 82.595463 -9.620948
v 265.937919 84.491818 1.589971
v 259.473319 84.558403 12.970657
v 255.763603 79.056645 22.841589
v 250.211723 70.582859 29.792351
v 243.662650 60.217703 32.672421
v 237.113761 49.452467 30.820467
v 231.561820 40.012768 24.295567
v 227.852165 33.545114 13.998762
v 226.549491 31.243518 1.589976
v 227.852165 33.545107 -10.818810
v 231.561820 40.012762 -21.115614
v 237.113761 49.452454 -27.640518
v 243.662650 60.217698 -29.492477
v 250.211723 70.582844 -26.612411
v 255.763603 79.056637 -19.661657
v 259.473319 84.558396 -9.790715
v 260.775932 86.459900 1.589971
v 253.816947 86.764763 13.154564
v 250.045219 81.201748 23.185131
v 244.400565 72.632779 30.248486
v 237.742240 62.150025 33.175426
v 231.084037 51.261424 31.293762
v 225.439384 41.712635 24.663380
v 221.667716 35.169764 14.199839
v 220.343314 32.841320 1.589976
v 221.667716 35.169760 -11.019887
v 225.439384 41.712621 -21.483431
v 231.083976 51.261416 -28.113819
v 237.742240 62.150019 -29.995481
v 244.400565 72.632775 -27.068544
v 250.045219 81.201733 -20.005199
v 253.816947 86.764763 -9.974622
v 255.141288 88.687363 1.589971
v 247.841850 89.147492 13.348833
v 244.085502 83.489624 23.543173
v 238.463676 74.779560 30.714493
v 231.832389 64.131699 33.677536
v 225.200980 53.079409 31.755547
v 219.579215 43.392947 25.015440
v 215.822868 36.758658 14.389873
v 214.503776 34.398226 1.589976
v 215.822868 36.758651 -11.209921
v 219.579215 43.392939 -21.835487
v 225.200980 53.079396 -28.575598
v 231.832389 64.131691 -30.497593
v 238.463676 74.779549 -27.534554
v 244.085502 83.489605 -20.363241
v 247.841850 89.147488 -10.168891
v 249.160941 91.103478 1.589971
v 241.629569 91.653973 13.550814
v 237.939750 85.877243 23.912388
v 232.417533 76.993031 31.189083
v 225.903678 66.145459 34.181248
v 219.389762 54.899683 32.211693
v 213.867545 45.054056 25.358578
v 210.177726 38.315908 14.573415
v 208.882072 35.919469 1.589976
v 210.177726 38.315901 -11.393463
v 213.867545 45.054041 -22.178625
v 219.389762 54.899670 -29.031742
v 225.903678 66.145451 -31.001305
v 232.417533 76.993020 -28.009144
v 237.939750 85.877232 -20.732456
v 241.629569 91.653954 -10.370872
v 242.925224 93.652169 1.589971
v 235.261527 94.235444 13.757858
v 231.672233 88.323124 24.288918
v 226.300529 79.241650 31.669228
v 219.964103 68.170185 34.685879
v 213.627677 56.709986 32.663979
v 208.255973 46.690013 25.695702
v 204.666679 39.839172 14.752596
v 203.406303 37.403881 1.589976
v 204.666679 39.839165 -11.572644
v 208.255973 46.690005 -22.515749
v 213.627677 56.709973 -29.484030
v 219.964103 68.170185 -31.505936
v 226.300529 79.241650 -28.489290
v 231.672233 88.323105 -21.108988
v 235.261527 94.235444 -10.577918
v 236.521903 96.281987 1.589970
v 228.616813 96.921109 13.973900
v 225.187064 90.844647 24.678526
v 220.054069 81.526707 32.159538
v 213.999259 70.190430 35.192657
v 207.944450 58.480709 33.110077
v 202.811515 48.261170 26.022785
v 199.381706 41.283113 14.924427
v 198.177360 38.804319 1.589977
v 199.381706 41.283113 -11.744475
v 202.811515 48.261162 -22.842833
v 207.944450 58.480696 -29.930128
v 213.999259 70.190422 -32.012714
v 220.054069 81.526703 -28.979597
v 225.187003 90.844651 -21.498598
v 228.616813 96.921109 -10.793959
v 229.821159 99.026455 1.589970
v 221.679374 99.686039 14.199458
v 218.468498 93.416878 25.082153
v 213.663078 83.823384 32.661190
v 207.994682 72.181847 35.702812
v 202.326347 60.188319 33.551064
v 197.520927 49.744965 26.340624
v 194.310050 42.625937 15.089323
v 193.182487 40.099277 1.589977
v 194.310050 42.625937 -11.909371
v 197.520927 49.744959 -23.160671
v 202.326286 60.188309 -30.371117
v 207.994682 72.181847 -32.522869
v 213.663078 83.823365 -29.481249
v 218.468498 93.416871 -21.902222
v 221.679374 99.686039 -11.019516
v 222.806876 101.860684 1.589970
v 214.471610 102.488629 14.433805
v 211.532584 96.002110 25.498837
v 207.133964 86.099701 33.173683
v 201.945487 74.118988 36.216759
v 196.757011 61.813567 33.988220
v 192.358390 51.127194 26.650772
v 189.419364 43.856713 15.248334
v 188.387321 41.278944 1.589977
v 189.419364 43.856706 -12.068382
v 192.358390 51.127188 -23.470821
v 196.756950 61.813557 -30.808277
v 201.945487 74.118981 -33.036816
v 207.133964 86.099690 -29.993744
v 211.532523 96.002118 -22.318909
v 214.471610 102.488629 -11.253863
v 215.503654 104.741673 1.589970
v 206.996269 105.292973 14.676852
v 204.380485 98.566945 25.928511
v 200.465629 88.326065 33.697105
v 195.847831 75.976891 36.734821
v 191.229972 63.336354 34.422058
v 187.315177 52.391976 26.953751
v 184.699332 44.962472 15.401797
v 183.780814 42.331390 1.589977
v 184.699332 44.962464 -12.221846
v 187.315177 52.391976 -23.773800
v 191.229972 63.336342 -31.242109
v 195.847831 75.976887 -33.554878
v 200.465629 88.326050 -30.517168
v 204.380485 98.566929 -22.748581
v 206.996269 105.292973 -11.496910
v 207.914787 107.632672 1.589970
v 199.246330 108.062764 14.928827
v 197.006461 101.077160 26.371517
v 193.654228 90.471661 34.231758
v 189.700065 77.729191 37.257141
v 185.745841 64.735169 34.852528
v 182.393607 53.522332 27.249422
v 180.153678 45.929380 15.549592
v 179.367179 43.243941 1.589977
v 180.153678 45.929380 -12.369638
v 182.393607 53.522318 -24.069469
v 185.745841 64.735154 -31.672579
v 189.700065 77.729180 -34.077198
v 193.654228 90.471650 -31.051819
v 197.006461 101.077145 -23.191587
v 199.246330 108.062748 -11.748885
v 200.032890 110.496624 1.589970
v 191.210319 110.757107 15.190104
v 189.401969 103.494374 26.828367
v 186.695548 92.502201 34.777969
v 183.503104 79.346962 37.783642
v 180.310661 65.987061 35.279156
v 177.604240 54.500750 27.537149
v 175.795890 46.743864 15.691278
v 175.160880 44.004425 1.589977
v 175.795890 46.743856 -12.511324
v 177.604240 54.500740 -24.357197
v 180.310661 65.987046 -32.099205
v 183.503104 79.346955 -34.603699
v 186.695548 92.502201 -31.598032
v 189.401969 103.494358 -23.648438
v 191.210319 110.757107 -12.010161
v 191.845329 113.291874 1.589970
v 182.875968 113.327168 15.461080
v 181.558585 105.773304 27.299568
v 179.586967 94.378128 35.335953
v 177.261283 80.797928 38.313953
v 174.935600 67.067643 35.701065
v 172.963981 55.310082 27.815922
v 171.646598 47.393803 15.826183
v 171.183952 44.602552 1.589977
v 171.646598 47.393797 -12.646231
v 172.963981 55.310067 -24.635967
v 174.935600 67.067624 -32.521114
v 177.261283 80.797928 -35.134010
v 179.586967 94.378113 -32.156010
v 181.558585 105.773274 -24.119638
v 182.875968 113.327168 -12.281138
v 183.338554 115.968312 1.589970
v 174.234489 115.712742 15.742041
v 173.471488 107.859158 27.785414
v 172.329643 96.053021 35.905605
v 170.982719 82.046029 38.847385
v 169.635795 67.951668 36.117065
v 168.493888 55.934618 28.084469
v 167.730949 47.870072 15.953494
v 167.463004 45.031537 1.589977
v 167.730949 47.870072 -12.773540
v 168.493888 55.934605 -24.904514
v 169.635734 67.951657 -32.937122
v 170.982719 82.046009 -35.667442
v 172.329643 96.053013 -32.725666
v 173.471488 107.859150 -24.605484
v 174.234489 115.712742 -12.562100
v 174.502433 118.463917 1.589970
v 165.285575 117.839375 16.032999
v 165.143607 109.685460 28.285725
v 164.931205 97.472462 36.486336
v 164.680595 83.051217 39.382824
v 164.429984 68.613686 36.525688
v 164.217521 56.361351 28.341377
v 164.075553 48.168082 16.072342
v 164.025687 45.289745 1.589977
v 164.075553 48.168076 -12.892389
v 164.217521 56.361342 -25.161425
v 164.429984 68.613663 -33.345741
v 164.680595 83.051205 -36.202881
v 164.931205 97.472454 -33.306396
v 165.143607 109.685444 -25.105795
v 165.285575 117.839375 -12.853058
v 165.335441 120.701420 1.589970
v 156.045158 119.615986 16.333433
v 156.591789 111.172505 28.799486
v 157.409904 98.573521 37.076710
v 158.374870 83.769921 39.918564
v 159.339835 69.028988 36.925236
v 160.157890 56.581303 28.585266
v 160.704520 48.289128 16.181946
v 160.896476 45.382080 1.589977
v 160.704520 48.289128 -13.001993
v 160.157890 56.581303 -25.405313
v 159.339835 69.028973 -33.745285
v 158.374870 83.769909 -36.738621
v 157.409904 98.573506 -33.896770
v 156.591789 111.172490 -25.619558
v 156.045158 119.615963 -13.153493
v 155.853202 122.585698 1.589970
v 145.506461 120.731938 16.610519
v 147.311576 112.141392 29.298393
v 149.794791 99.286114 37.674450
v 152.090263 84.156464 40.452507
v 154.385734 69.175019 37.314102
v 156.331718 56.590413 28.815128
v 157.632011 48.240992 16.281841
v 158.088615 45.320345 1.589977
v 157.632011 48.240984 -13.101890
v 156.331718 56.590395 -25.635176
v 154.385734 69.174996 -34.134151
v 152.090263 84.156464 -37.272564
v 149.794791 99.286107 -34.494511
v 147.311576 112.141377 -26.118464
v 145.506461 120.731938 -13.430578
v 144.872611 123.751820 1.589970
v 132.063773 120.762768 16.813730
v 134.994071 112.124035 29.666288
v 139.379691 99.236737 38.140583
v 144.552848 84.099160 40.935314
v 149.588126 69.031994 37.690681
v 152.747245 56.389119 29.030470
v 154.858146 48.036616 16.372030
v 155.599357 45.121704 1.589977
v 154.858146 48.036610 -13.192077
v 152.747245 56.389111 -25.850519
v 149.588126 69.031979 -34.510731
v 144.552848 84.099160 -37.755371
v 139.379691 99.236737 -34.960644
v 134.994071 112.124012 -26.486361
v 132.063773 120.762768 -13.633789
v 131.034721 123.801579 1.589970
v 118.505424 120.145749 17.025379
v 122.619804 111.517262 30.046000
v 128.777396 98.661000 38.603828
v 136.040824 83.584156 41.377003
v 143.304252 68.602723 38.028099
v 149.397697 55.980618 29.231699
v 152.361503 47.690562 16.453203
v 153.402274 44.804389 1.589977
v 152.361503 47.690562 -13.273250
v 149.397697 55.980618 -26.051748
v 143.304252 68.602696 -34.848148
v 136.040824 83.584156 -38.197060
v 128.777396 98.661000 -35.423889
v 122.619804 111.517262 -26.866070
v 118.505424 120.145749 -13.845439
v 117.060661 123.182949 1.589970
v 105.022941 118.811978 17.246094
v 110.350394 110.263539 30.437990
v 118.323417 97.541890 39.074955
v 127.728263 82.646634 41.817760
v 137.133170 67.871491 38.354599
v 145.106254 55.439791 29.419249
v 150.097831 47.213034 16.526802
v 151.445426 44.381085 1.589977
v 150.097831 47.213025 -13.346849
v 145.106254 55.439783 -26.239298
v 137.133170 67.871479 -35.174648
v 127.728263 82.646626 -38.637817
v 118.323478 97.541874 -35.895016
v 110.350394 110.263539 -27.258060
v 105.022941 118.811978 -14.066154
v 103.152274 121.822926 1.589970
v 91.840324 116.724453 17.475744
v 98.373344 108.332318 30.841560
v 108.150504 95.857602 39.552780
v 119.683646 81.273724 42.257008
v 131.216728 66.831711 38.673611
v 140.994010 54.699454 29.598227
v 147.527030 46.649757 16.596561
v 149.656486 43.851634 1.589977
v 147.527030 46.649748 -13.416607
v 140.994010 54.699444 -26.418272
v 131.216789 66.831688 -35.493652
v 119.683646 81.273716 -39.077065
v 108.150504 95.857602 -36.372841
v 98.373344 108.332302 -27.661631
v 91.840324 116.724453 -14.295804
v 89.546256 119.682202 1.589970
v 79.186454 113.888775 17.713303
v 86.879020 105.728650 31.254757
v 98.391776 93.611687 40.035156
v 111.972221 79.465950 42.693832
v 125.552421 65.479577 38.986492
v 137.065238 53.747290 29.771727
v 144.757865 45.971837 16.664629
v 147.459159 43.253599 1.589977
v 144.757865 45.971837 -13.484676
v 137.065238 53.747275 -26.591772
v 125.552421 65.479557 -35.806541
v 111.972221 79.465943 -39.513889
v 98.391898 93.611660 -36.855217
v 86.879020 105.728650 -28.074831
v 79.186454 113.888760 -14.533362
v 76.485160 116.766354 1.589970
v 67.262077 110.354535 17.956926
v 76.034477 102.494328 31.674557
v 89.163261 90.833657 40.519234
v 104.649650 77.237610 43.127117
v 120.136100 63.813340 39.294575
v 133.264884 52.567301 29.942629
v 142.037345 45.121720 16.732254
v 145.117728 42.520263 1.589977
v 142.037345 45.121720 -13.552300
v 133.264884 52.567292 -26.762674
v 120.136100 63.813332 -36.114624
v 104.649650 77.237610 -39.947174
v 89.163261 90.833641 -37.339298
v 76.034477 102.494320 -28.494629
v 67.262077 110.354535 -14.776985
v 64.181632 113.127743 1.589970
v 56.217399 106.208706 18.204138
v 65.964713 98.702427 32.097195
v 80.552604 87.575703 41.001740
v 97.760246 74.616127 43.555519
v 114.967826 61.835478 39.598785
v 129.555717 51.140669 30.113129
v 139.303092 44.066290 16.801180
v 142.725883 41.595726 1.589977
v 139.303092 44.066290 -13.621225
v 129.555717 51.140669 -26.933174
v 114.967887 61.835455 -36.418831
v 97.760246 74.616120 -40.375576
v 80.552726 87.575688 -37.821796
v 65.964774 98.702404 -28.917265
v 56.217399 106.208699 -15.024198
v 52.794669 108.858174 1.589970
v 46.118034 101.550702 18.452740
v 56.723869 94.436135 32.519573
v 72.596610 83.897061 41.480362
v 91.319816 71.632790 43.978497
v 110.043082 59.549736 39.900154
v 125.915763 49.448153 30.284828
v 136.521598 42.771071 16.872524
v 140.245902 40.440187 1.589977
v 136.521598 42.771071 -13.692571
v 125.915763 49.448145 -27.104874
v 110.043082 59.549719 -36.720203
v 91.319877 71.632767 -40.798550
v 72.596610 83.897049 -38.300423
v 56.723869 94.436123 -29.339647
v 46.118034 101.550702 -15.272799
v 42.393790 104.062794 1.589970
v 37.021354 96.512135 18.699314
v 48.359977 89.806202 32.936836
v 65.329459 79.877640 41.951256
v 85.346305 68.331932 44.394512
v 105.363151 56.965733 40.199139
v 122.332694 47.470498 30.458967
v 133.671256 41.197882 16.947187
v 137.652885 39.008899 1.589977
v 133.671256 41.197882 -13.767234
v 122.332694 47.470498 -27.279015
v 105.363212 56.965712 -37.019184
v 85.346305 68.331932 -41.214569
v 65.329459 79.877625 -38.771317
v 48.359977 89.806183 -29.756907
v 37.021354 96.512135 -15.519373
v 33.039726 98.880619 1.589970
v 29.213554 91.466160 18.931200
v 41.080985 85.109688 33.331844
v 58.841789 75.701828 42.403507
v 79.792106 64.766762 44.805126
v 100.742362 54.007342 40.508213
v 118.503227 45.023502 30.651499
v 130.370597 39.091040 17.035896
v 134.537894 37.021209 1.589977
v 130.370597 39.091040 -13.855943
v 118.503227 45.023494 -27.471542
v 100.742362 54.007332 -37.328262
v 79.792106 64.766762 -41.625183
v 58.841789 75.701813 -39.223568
v 41.080985 85.109673 -30.151920
v 29.213554 91.466160 -15.751261
v 25.046256 93.711636 1.589970
v 22.479545 86.584385 19.147524
v 34.699760 80.494931 33.704502
v 52.988639 71.484269 42.839149
v 74.561881 61.014002 45.213963
v 96.135001 50.715342 40.830750
v 114.423942 42.118954 30.864199
v 126.644157 36.443762 17.139114
v 130.935294 34.463959 1.589977
v 126.644157 36.443757 -13.959161
v 114.423942 42.118946 -27.684246
v 96.135123 50.715332 -37.650795
v 74.561881 61.014002 -42.034019
v 52.988639 71.484269 -39.659210
v 34.699760 80.494915 -30.524574
v 22.479545 86.584385 -15.967582
v 18.188407 88.735772 1.589970
v 16.507743 81.886132 19.352249
v 28.956168 75.989407 34.061310
v 47.586662 67.265202 43.264698
v 69.562675 57.129748 45.624954
v 91.538810 47.162562 41.166882
v 110.169242 38.844571 31.094549
v 122.617728 33.354057 17.254419
v 126.989005 31.438857 1.589977
v 122.617728 33.354057 -14.074467
v 110.169303 38.844559 -27.914593
v 91.538810 47.162554 -37.986927
v 69.562797 57.129738 -42.445007
v 47.586662 67.265194 -40.084759
v 28.956229 75.989399 -30.881382
v 16.507743 81.886132 -16.172310
v 12.136466 83.969597 1.589970
v 11.079276 77.372086 19.548479
v 23.664665 71.603333 34.407299
v 42.499931 63.069270 43.685249
v 64.717643 53.155987 46.041500
v 86.935416 43.408657 41.517570
v 105.770683 35.275249 31.341738
v 118.356132 29.907150 17.380783
v 122.775443 28.034758 1.589977
v 118.356132 29.907146 -14.200830
v 105.770683 35.275245 -28.161781
v 86.935416 43.408649 -38.337620
v 64.717643 53.155987 -42.861557
v 42.499931 63.069270 -40.505314
v 23.664665 71.603333 -31.227373
v 11.079337 77.372082 -16.368536
v 6.659904 79.410435 1.589970
v 6.038261 73.036518 19.738588
v 18.690482 67.339741 34.746365
v 37.625907 58.912653 44.104877
v 59.961723 49.124434 46.466667
v 82.297538 39.500966 41.884377
v 101.232963 31.471607 31.606104
v 113.885246 26.030749 17.510307
v 118.328117 24.083805 1.589977
v 113.885246 26.030749 -14.330353
v 101.232963 31.471603 -28.426147
v 82.297660 39.500954 -38.704422
v 59.961723 49.124434 -43.286724
v 37.625907 58.912653 -40.924938
v 18.690482 67.339734 -31.566439
v 6.038261 73.036518 -16.558647
v 1.595329 75.049508 1.589970
v 1.272147 68.873047 19.924381
v 13.934745 63.199618 35.081493
v 32.885795 54.807358 44.526836
v 55.239982 45.060049 46.903210
v 77.594169 35.477285 42.269184
v 96.545219 27.326363 31.872906
v 109.207755 21.658746 17.636728
v 113.654350 19.745449 1.589978
v 109.207755 21.658738 -14.456776
v 96.545219 27.326358 -28.692951
v 77.594169 35.477277 -39.089230
v 55.239982 45.060042 -43.723267
v 32.885795 54.807358 -41.346897
v 13.934745 63.199610 -31.901567
v 1.272147 68.873047 -16.744442
v -3.174386 70.877823 1.589970
v -3.301766 64.876698 20.107220
v 9.323234 59.184044 35.414982
v 28.217704 50.763453 44.953785
v 50.505424 40.983339 47.353653
v 72.793021 31.368490 42.674072
v 91.687614 22.601222 32.115501
v 104.312492 16.986233 17.769039
v 108.745841 15.091742 1.589978
v 104.312492 16.986228 -14.589086
v 91.687614 22.601218 -28.935547
v 72.793021 31.368477 -39.494122
v 50.505424 40.983335 -44.173710
v 28.217826 50.763440 -41.773842
v 9.323234 59.184044 -32.235058
v -3.301766 64.876690 -16.927279
v -7.734994 66.888268 1.589970
v -7.745064 61.044379 20.288113
v 4.799003 55.294907 35.748623
v 23.572501 46.790125 45.387920
v 45.717338 36.912039 47.820312
v 67.862174 26.648105 43.028145
v 86.635673 17.646674 32.367802
v 99.179740 12.042023 17.907768
v 103.584586 10.151835 1.589978
v 99.179740 12.042023 -14.727815
v 86.635673 17.646664 -29.187847
v 67.862174 26.648095 -39.848194
v 45.717338 36.912039 -44.640369
v 23.572501 46.790118 -42.207981
v 4.799003 55.294897 -32.568695
v -7.745064 61.044379 -17.108171
v -12.149911 63.076010 1.589970
v -12.104806 57.374741 20.467821
v 0.317741 51.535012 36.083778
v 18.909599 42.896328 45.831066
v 40.840141 32.862133 48.305309
v 62.770744 21.541187 43.360374
v 81.362540 12.485360 32.631149
v 93.785209 6.849268 18.053574
v 98.147453 4.948969 1.589978
v 93.785209 6.849265 -14.873619
v 81.362540 12.485354 -29.451195
v 62.770744 21.541176 -40.180420
v 40.840141 32.862130 -45.125366
v 18.909599 42.896325 -42.651127
v 0.317863 51.535000 -32.903851
v -12.104806 57.374741 -17.287880
v -16.467110 59.438233 1.589970
v -16.416939 53.867789 20.646900
v -4.155160 47.907967 36.421505
v 14.196098 39.090966 46.284729
v 35.842765 28.102692 48.703781
v 57.489372 16.310842 43.704987
v 75.840507 7.136689 32.906929
v 88.102409 1.427349 18.207167
v 92.408134 -0.497566 1.589978
v 88.102409 1.427349 -15.027213
v 75.840507 7.136685 -29.726971
v 57.489372 16.310827 -40.525036
v 35.842765 28.102687 -45.523838
v 14.196098 39.090960 -43.104790
v -4.155160 47.907959 -33.241581
v -16.416939 53.867789 -17.466959
v -20.722787 55.973626 1.589970
v -20.709298 50.524308 20.825745
v -8.647591 44.417897 36.762604
v 9.404044 35.383036 46.750168
v 30.697440 22.995312 49.067184
v 51.990836 10.974408 44.063774
v 70.042533 1.618275 33.196487
v 82.104301 -4.206424 18.369286
v 86.339774 -6.170662 1.589978
v 82.104301 -4.206424 -15.189332
v 70.042533 1.618271 -30.016533
v 51.990836 10.974392 -40.883823
v 30.697440 22.995301 -45.887241
v 9.404044 35.383027 -43.570236
v -8.647591 44.417889 -33.582684
v -20.709298 50.524308 -17.645803
v -24.944894 52.681817 1.589970
v -25.003915 47.345459 21.004641
v -13.182137 41.069179 37.107677
v 4.510490 31.279149 47.161934
v 25.380302 17.873460 49.442726
v 46.250175 5.548851 44.438362
v 63.942680 -4.052749 33.501122
v 75.764579 -10.035316 18.540636
v 79.915885 -12.053821 1.589978
v 75.764579 -10.035316 -15.360682
v 63.942802 -4.052753 -30.321159
v 46.250175 5.548838 -41.258411
v 25.380302 17.873460 -46.262783
v 4.510490 31.279138 -43.981998
v -13.182137 41.069170 -33.927753
v -25.003915 47.345459 -17.824699
v -29.155221 49.562796 1.589970
v -29.318246 44.332230 21.183792
v -17.776864 37.866088 37.457161
v -0.504037 26.548931 47.489140
v 19.870597 12.752880 49.831860
v 40.245353 0.051615 44.830189
v 57.518180 -9.858554 33.821972
v 69.059562 -16.041816 18.721861
v 73.112357 -18.129753 1.589978
v 69.059562 -16.041824 -15.541906
v 57.518180 -9.858566 -30.642014
v 40.245353 0.051600 -41.650238
v 19.870597 12.752875 -46.651917
v -0.504037 26.548925 -44.309200
v -17.776864 37.866079 -34.277237
v -29.318246 44.332230 -18.003853
v -33.370980 46.616405 1.589970
v -33.666573 41.485063 21.363354
v -22.446969 34.812510 37.811371
v -5.655526 21.903772 47.825283
v 14.151298 7.649802 50.235802
v 33.958122 -5.498706 45.240444
v 50.749503 -15.779678 34.160007
v 61.969169 -22.206424 18.913500
v 65.909049 -24.379051 1.589978
v 61.969169 -22.206432 -15.733546
v 50.749503 -15.779682 -30.980053
v 33.958122 -5.498729 -42.060490
v 14.151298 7.649790 -47.055859
v -5.655526 21.903766 -44.645348
v -22.446847 34.812497 -34.631447
v -33.666573 41.485063 -18.183413
v -37.606454 43.841863 1.589970
v -38.061471 38.803507 21.543463
v -27.204964 30.751991 38.053146
v -10.957101 17.355903 48.171223
v 8.208610 2.581187 50.655525
v 27.374320 -11.081852 45.670048
v 43.622306 -21.794151 34.515953
v 54.478873 -28.506603 19.115950
v 58.291129 -30.779087 1.589978
v 54.478873 -28.506603 -15.935995
v 43.622367 -21.794151 -31.335995
v 27.374442 -11.081863 -42.490089
v 8.208610 2.581181 -47.475582
v -10.957101 17.355897 -44.991283
v -27.204964 30.751978 -34.873222
v -38.061471 38.803507 -18.363522
v -41.873788 41.237389 1.589970
v -42.514474 36.286017 21.724272
v -32.062203 26.803459 38.295723
v -16.419137 12.917262 48.527630
v 2.032951 -2.435188 51.091698
v 20.485099 -16.675541 46.119579
v 36.128043 -27.876926 34.890228
v 46.580436 -34.916011 19.329428
v 50.250785 -37.303165 1.589978
v 46.580436 -34.916011 -16.149473
v 36.128043 -27.876937 -31.710270
v 20.485099 -16.675556 -42.939629
v 2.032951 -2.435188 -47.911755
v -16.419137 12.917254 -45.347691
v -32.062203 26.803447 -35.115803
v -42.514474 36.286017 -18.544333
v -46.184884 38.800055 1.589970
v -47.037850 33.085063 21.859755
v -37.029610 23.011632 38.543804
v -22.051156 8.598355 48.895126
v -4.383004 -7.381919 51.544846
v 13.285209 -22.256694 46.589382
v 28.263664 -34.001079 35.282986
v 38.271903 -41.405620 19.553993
v 41.786369 -43.921604 1.589978
v 38.271903 -41.405635 -16.374037
v 28.263664 -34.001079 -32.103031
v 13.285270 -22.256702 -43.409428
v -4.383004 -7.381927 -48.364902
v -22.051156 8.598341 -45.715187
v -37.029610 23.011620 -35.363880
v -47.037850 33.085056 -18.679813
v -50.552315 36.525196 1.589970
v -51.641793 29.820527 21.984190
v -42.114815 19.381281 38.797764
v -27.856820 4.411799 49.273956
v -11.038277 -12.238025 52.014893
v 5.780143 -27.796901 47.079102
v 20.038200 -40.132633 35.693775
v 29.565177 -47.938152 19.789318
v 32.910575 -50.596035 1.589978
v 29.565177 -47.938152 -16.609364
v 20.038200 -40.132648 -32.513821
v 5.780265 -27.796913 -43.899143
v -11.038277 -12.238033 -48.834949
v -27.856759 4.411782 -46.094013
v -42.114815 19.381263 -35.617844
v -51.641793 29.820521 -18.804249
v -54.987191 33.569346 1.589970
v -56.339486 26.729558 22.111158
v -47.327706 15.913887 39.058105
v -33.840523 0.367155 49.664406
v -17.931405 -16.984989 52.501740
v -2.022286 -33.269352 47.588226
v 11.464896 -46.238285 36.121941
v 20.476676 -54.476169 20.034964
v 23.641166 -57.287647 1.589978
v 20.476676 -54.476177 -16.855009
v 11.464896 -46.238308 -32.941986
v -2.022225 -33.269374 -44.408264
v -17.931405 -16.984996 -49.321800
v -33.840523 0.367150 -46.484467
v -47.327706 15.913875 -35.878181
v -56.339486 26.729552 -18.931219
v -59.504037 30.608796 1.589970
v -61.138558 23.811248 22.240870
v -52.670296 12.614682 39.324921
v -39.996529 -3.521289 50.066093
v -25.046883 -21.598068 53.004288
v -10.097298 -38.639049 48.115128
v 2.576408 -52.274486 36.565845
v 11.044791 -60.970531 20.289892
v 14.018485 -63.945339 1.589978
v 11.044791 -60.970531 -17.109936
v 2.576530 -52.274486 -33.385883
v -10.097298 -38.639072 -44.935177
v -25.046883 -21.598072 -49.824348
v -39.996529 -3.521305 -46.886154
v -52.670296 12.614663 -36.145000
v -61.138558 23.811248 -19.060930
v -64.112252 27.821807 1.589970
v -66.064461 21.053909 22.374008
v -58.163888 9.476368 39.599281
v -46.339608 -7.254211 50.479988
v -32.391976 -26.070011 53.523056
v -18.444405 -43.890789 48.659794
v -6.620126 -58.219204 37.025135
v 1.280570 -67.394626 20.553801
v 4.054862 -70.540866 1.589979
v 1.280570 -67.394626 -17.373844
v -6.620126 -58.219226 -33.845177
v -18.444405 -43.890812 -45.479843
v -32.391976 -26.070015 -50.343117
v -46.339608 -7.254230 -47.300049
v -58.163888 9.476349 -36.419353
v -66.064461 21.053909 -19.194067
v -68.838876 25.195147 1.589970
v -71.126229 18.456585 22.510818
v -63.810494 6.503132 39.881279
v -52.861459 -10.819355 50.905548
v -39.946358 -30.378566 54.056602
v -27.031258 -48.991687 49.220104
v -16.082284 -64.030132 37.497688
v -8.766488 -73.699596 20.825354
v -6.197457 -77.023014 1.589979
v -8.766488 -73.699596 -17.645397
v -16.082284 -64.030162 -34.317730
v -27.031197 -48.991703 -46.040146
v -39.946358 -30.378582 -50.876663
v -52.861459 -10.819370 -47.725609
v -63.810372 6.503113 -36.701347
v -71.126229 18.456580 -19.330877
v -73.695260 22.726098 1.589970
v -76.333504 16.017546 22.651560
v -69.612801 3.697453 40.171055
v -59.554574 -14.207439 51.342285
v -47.690011 -34.505512 54.603531
v -35.825631 -53.913669 49.793949
v -25.767281 -69.670101 37.981369
v -19.046578 -79.841800 21.103203
v -16.686593 -83.345867 1.589979
v -19.046578 -79.841800 -17.923246
v -25.767281 -69.670116 -34.801414
v -35.825509 -53.913684 -46.613987
v -47.690011 -34.505527 -51.423592
v -59.554574 -14.207450 -48.162346
v -69.612801 3.697438 -36.991135
v -76.333504 16.017546 -19.471621
v -78.693490 20.411538 1.589970
v -81.694894 13.735772 22.796469
v -75.572701 1.061518 40.468704
v -66.410165 -17.410701 51.789623
v -55.602120 -38.435459 55.162346
v -44.794137 -58.632465 50.379162
v -35.631539 -75.106411 38.474007
v -29.509408 -85.782413 21.385994
v -27.359505 -89.468303 1.589979
v -29.509408 -85.782436 -18.206038
v -35.631539 -75.106411 -35.294052
v -44.794137 -58.632503 -47.199203
v -55.602120 -38.435466 -51.982407
v -66.410165 -17.410713 -48.609688
v -75.572701 1.061491 -37.288780
v -81.694894 13.735772 -19.616529
v -83.844735 18.249391 1.589970
v -87.227181 11.607291 22.945995
v -81.701485 -1.407028 40.774780
v -73.431771 -20.428348 52.247799
v -63.676827 -42.162731 55.732643
v -53.921944 -63.136364 50.974762
v -45.652169 -80.321186 38.974453
v -40.126473 -91.499004 21.672955
v -38.186105 -95.366237 1.589979
v -40.126473 -91.499019 -18.492998
v -45.652169 -80.321193 -35.794495
v -53.921944 -63.136394 -47.794815
v -63.676827 -42.162731 -52.552704
v -73.431771 -20.428363 -49.067863
v -81.701485 -1.407047 -37.594860
v -87.227181 11.607285 -19.766054
v -89.167489 16.235216 1.589970
v -92.930856 9.635233 23.100157
v -87.993600 -3.703392 41.089020
v -80.604317 -23.252254 52.715820
v -71.888253 -45.673946 56.312592
v -63.172005 -67.405269 51.578354
v -55.782784 -85.287525 39.480392
v -50.845528 -96.959606 21.962671
v -49.111825 -101.005718 1.589979
v -50.845528 -96.959606 -18.782715
v -55.782784 -85.287532 -36.300434
v -63.172005 -67.405292 -48.398392
v -71.888253 -45.673946 -53.132652
v -80.604317 -23.252266 -49.535881
v -87.993600 -3.703415 -37.909092
v -92.930856 9.635226 -19.920216
v -94.664620 14.371684 1.589970
v -98.807809 7.821701 23.258997
v -94.445931 -5.824886 41.411259
v -87.917916 -25.878055 53.193043
v -80.217599 -48.961521 56.900887
v -72.517159 -71.427028 52.188133
v -65.989205 -89.988430 39.990112
v -61.627328 -102.143261 22.254084
v -60.095528 -106.364421 1.589979
v -61.627328 -102.143261 -19.074125
v -65.989205 -89.988445 -36.810158
v -72.517159 -71.427036 -49.008186
v -80.217599 -48.961521 -53.720947
v -87.917916 -25.878070 -50.013107
v -94.445931 -5.824905 -38.231335
v -98.807809 7.821694 -20.079058
v -100.339486 12.660782 1.589970
v -104.856820 6.169541 23.422491
v -101.053536 -7.768676 41.741249
v -95.361459 -28.302227 53.678745
v -88.647103 -52.019954 57.496239
v -81.932748 -75.192958 52.802513
v -76.240670 -94.411487 40.502087
v -72.437264 -107.034725 22.546257
v -71.101693 -111.425945 1.589979
v -72.437264 -107.034740 -19.366297
v -76.240670 -94.411510 -37.322128
v -81.932748 -75.192981 -49.622566
v -88.647103 -52.019954 -54.316299
v -95.361397 -28.302234 -50.498802
v -101.053475 -7.768699 -38.561325
v -104.856820 6.169541 -20.242554
v -106.192452 11.105467 1.589970
v -111.074105 4.682005 23.590532
v -107.809335 -9.532028 42.078648
v -102.923470 -30.522060 54.172180
v -97.160104 -54.845684 58.097496
v -91.396737 -78.697536 53.420067
v -86.510873 -98.548717 41.014996
v -83.246224 -111.623912 22.838400
v -82.099801 -116.179409 1.589979
v -83.246224 -111.623928 -19.658443
v -86.510873 -98.548732 -37.835041
v -91.396737 -78.697567 -50.240105
v -97.160104 -54.845684 -54.917557
v -102.923470 -30.522083 -50.992241
v -107.809335 -9.532047 -38.898727
v -111.074105 4.682000 -20.410593
v -112.220406 9.709221 1.589970
v -117.448617 3.363264 23.762825
v -114.700265 -11.111343 42.422791
v -110.587167 -32.534397 54.672245
v -105.735482 -57.435077 58.703156
v -100.883736 -81.935772 54.039101
v -96.770699 -102.393230 41.527390
v -94.022347 -115.902248 23.129662
v -93.057320 -120.615535 1.589980
v -94.022347 -115.902248 -19.949703
v -96.770699 -102.393245 -38.347427
v -100.883736 -81.935817 -50.859154
v -105.735482 -57.435100 -55.523216
v -110.587167 -32.534404 -51.492310
v -114.700265 -11.111370 -39.242867
v -117.448617 3.363264 -20.582884
v -118.413644 8.476527 1.589970
v -123.982980 2.214310 23.939436
v -121.728402 -12.507076 42.773785
v -118.354195 -34.341419 55.179062
v -114.373910 -59.791927 59.313263
v -110.393624 -84.912418 54.659637
v -107.019295 -105.950130 42.039215
v -104.764718 -119.874904 23.420006
v -103.972909 -124.739498 1.589980
v -104.764718 -119.874904 -20.240047
v -107.019295 -105.950161 -38.859261
v -110.393624 -84.912456 -51.479683
v -114.373910 -59.791942 -56.133324
v -118.354195 -34.341442 -51.999123
v -121.728402 -12.507099 -39.593864
v -123.982980 2.214304 -20.759497
v -124.774667 7.408898 1.589970
v -130.661446 1.239365 24.119942
v -128.876473 -13.715808 43.130768
v -126.205086 -35.940548 55.691345
v -123.054147 -61.914058 59.926338
v -119.903085 -87.625164 55.280144
v -117.231820 -109.216549 42.549248
v -115.446847 -123.538356 23.708725
v -114.820077 -128.547527 1.589980
v -115.446847 -123.538372 -20.528767
v -117.231820 -109.216564 -39.369289
v -119.903085 -87.625187 -52.100189
v -123.054147 -61.914066 -56.746399
v -126.205086 -35.940570 -52.511406
v -128.876473 -13.715820 -39.950848
v -130.661446 1.239350 -20.940002
v -131.288094 6.510884 1.589970
v -137.473397 0.440680 24.304056
v -136.134164 -14.736366 43.493229
v -134.129952 -37.332088 56.208454
v -131.765633 -63.803112 60.541611
v -129.401498 -90.076686 55.899933
v -127.397103 -112.195690 43.056911
v -126.057870 -126.896068 23.995520
v -125.587594 -132.043117 1.589980
v -126.057870 -126.896068 -20.815561
v -127.397103 -112.195720 -39.876957
v -129.401498 -90.076725 -52.719978
v -131.765633 -63.803127 -57.361671
v -134.129952 -37.332103 -53.028519
v -136.134164 -14.736393 -40.313309
v -137.473397 0.440667 -21.124117
v -137.943612 5.785176 1.589970
v -144.403146 -0.179582 24.491354
v -143.485665 -15.567539 43.860374
v -142.112374 -38.516010 56.729321
v -140.492562 -65.460331 61.157974
v -138.872811 -92.269039 56.517952
v -137.499459 -114.890194 43.561443
v -136.582040 -129.950893 24.279968
v -136.259713 -135.229137 1.589980
v -136.581918 -129.950878 -21.100008
v -137.499459 -114.890209 -40.381485
v -138.872811 -92.269085 -53.337997
v -140.492562 -65.460331 -57.978035
v -142.112374 -38.516025 -53.549385
v -143.485665 -15.567562 -40.680454
v -144.403146 -0.179588 -21.311417
v -144.725350 5.234276 1.589970
v -151.454049 -0.621320 24.681927
v -150.935677 -16.210659 44.232437
v -150.159676 -39.495800 57.254421
v -149.244454 -66.891643 61.776100
v -148.329171 -94.210750 57.134995
v -147.553414 -117.310772 44.063553
v -147.034859 -132.714931 24.562489
v -146.852853 -138.118343 1.589980
v -147.034859 -132.714946 -21.382530
v -147.553414 -117.310787 -40.883591
v -148.329171 -94.210796 -53.955048
v -149.244454 -66.891643 -58.596161
v -150.159676 -39.495815 -54.074486
v -150.935677 -16.210682 -41.052517
v -151.454049 -0.621328 -21.501987
v -151.636178 4.858765 1.589970
v -158.605843 -0.882885 24.875229
v -158.464303 -16.664726 44.608429
v -158.252267 -40.271366 57.782475
v -158.002328 -68.097942 62.394653
v -157.752206 -95.903514 57.749863
v -157.540292 -119.459560 44.562313
v -157.398690 -135.190822 24.842606
v -157.348885 -140.713298 1.589980
v -157.398690 -135.190822 -21.662647
v -157.540292 -119.459591 -41.382351
v -157.752206 -95.903545 -54.569908
v -158.002328 -68.097965 -59.214714
v -158.252267 -40.271389 -54.602547
v -158.464303 -16.664745 -41.428505
v -158.605843 -0.882885 -21.695290
v -158.655587 4.660551 1.589970
v -165.842599 -0.964119 25.070822
v -166.056283 -16.930286 44.987583
v -166.375863 -40.844318 58.312553
v -166.753121 -69.082065 63.012695
v -167.130135 -97.351390 58.361794
v -167.449960 -121.341777 45.057213
v -167.663522 -137.384319 25.120045
v -167.738534 -143.020076 1.589980
v -167.663522 -137.384319 -21.940084
v -167.449960 -121.341808 -41.877254
v -167.130135 -97.351421 -55.181839
v -166.753121 -69.082073 -59.832756
v -166.375863 -40.844326 -55.132622
v -166.056283 -16.930309 -41.807659
v -165.842599 -0.964119 -21.890884
v -165.767525 4.640046 1.589970
v -173.173775 -0.865173 25.268972
v -173.723153 -17.008747 45.370480
v -174.545235 -41.218059 58.845615
v -175.514962 -69.849956 63.631531
v -176.484689 -98.563091 58.972191
v -177.306771 -122.968563 45.549477
v -177.856148 -139.308361 25.395531
v -178.049020 -145.052318 1.589980
v -177.856148 -139.308376 -22.215572
v -177.306771 -122.968593 -42.369514
v -176.484689 -98.563121 -55.792236
v -175.514962 -69.849971 -60.451591
v -174.545235 -41.218074 -55.665680
v -173.723153 -17.008770 -42.190556
v -173.173775 -0.865181 -22.089031
v -172.980904 4.797514 1.589970
v -180.583382 -0.586025 25.469238
v -181.449471 -16.900577 45.756340
v -182.745736 -41.393787 59.380718
v -184.274850 -70.403774 64.250229
v -185.803963 -99.541744 59.580292
v -187.100228 -124.343975 46.038578
v -187.966439 -140.967556 25.668793
v -188.270577 -146.814754 1.589980
v -187.966439 -140.967601 -22.488832
v -187.100228 -124.343990 -42.858620
v -185.803963 -99.541774 -56.400337
v -184.274850 -70.403774 -61.070290
v -182.745736 -41.393802 -56.200783
v -181.449471 -16.900600 -42.576420
v -180.583382 -0.586032 -22.289299
v -180.279183 5.133149 1.589970
vt 0.000000 0.000000
vt 0.036118 0.000000
vt 0.036118 0.020753
vt 0.000000 0.020753
vt 0.072235 0.000000
vt 0.072235 0.020753
vt 0.108353 0.000000
vt 0.108353 0.020753
vt 0.144471 0.000000
vt 0.144471 0.020753
vt 0.180589 0.000000
vt 0.180589 0.020753
vt 0.216706 0.000000
vt 0.216706 0.020753
vt 0.252824 0.000000
vt 0.252824 0.020753
vt 0.288942 0.000000
vt 0.288942 0.020753
vt 0.325060 0.000000
vt 0.325060 0.020753
vt 0.361178 0.000000
vt 0.361178 0.020753
vt 0.397295 0.000000
vt 0.397295 0.020753
vt 0.433413 0.000000
vt 0.433413 0.020753
vt 0.469531 0.000000
vt 0.469531 0.020753
vt 0.505648 0.000000
vt 0.505648 0.020753
vt 0.541766 0.000000
vt 0.541766 0.020753
vt 0.577884 0.000000
vt 0.577884 0.020753
vt 0.036118 0.033706
vt 0.000000 0.033706
vt 0.072235 0.033706
vt 0.108353 0.033706
vt 0.144471 0.033706
vt 0.180589 0.033706
vt 0.216706 0.033706
vt 0.252824 0.033706
vt 0.288942 0.033706
vt 0.325060 0.033706
vt 0.361178 0.033706
vt 0.397295 0.033706
vt 0.433413 0.033706
vt 0.469531 0.033706
vt 0.505648 0.033706
vt 0.541766 0.033706
vt 0.577884 0.033706
vt 0.036118 0.045905
vt 0.000000 0.045905
vt 0.072235 0.045905
vt 0.108353 0.045905
vt 0.144471 0.045905
vt 0.180589 0.045905
vt 0.216706 0.045905
vt 0.252824 0.045905
vt 0.288942 0.045905
vt 0.325060 0.045905
vt 0.361178 0.045905
vt 0.397295 0.045905
vt 0.433413 0.045905
vt 0.469531 0.045905
vt 0.505648 0.045905
vt 0.541766 0.045905
vt 0.577884 0.045905
vt 0.036118 0.057819
vt 0.000000 0.057819
vt 0.072235 0.057819
vt 0.108353 0.057819
vt 0.144471 0.057819
vt 0.180589 0.057819
vt 0.216706 0.057819
vt 0.252824 0.057819
vt 0.288942 0.057819
vt 0.325060 0.057819
vt 0.361178 0.057819
vt 0.397295 0.057819
vt 0.433413 0.057819
vt 0.469531 0.057819
vt 0.505648 0.057819
vt 0.541766 0.057819
vt 0.577884 0.057819
vt 0.036118 0.069569
vt 0.000000 0.069569
vt 0.072235 0.069569
vt 0.108353 0.069569
vt 0.144471 0.069569
vt 0.180589 0.069569
vt 0.216706 0.069569
vt 0.252824 0.069569
vt 0.288942 0.069569
vt 0.325060 0.069569
vt 0.361178 0.069569
vt 0.397295 0.069569
vt 0.433413 0.069569
vt 0.469531 0.069569
vt 0.505648 0.069569
vt 0.541766 0.069569
vt 0.577884 0.069569
vt 0.036118 0.081195
vt 0.000000 0.081195
vt 0.072235 0.081195
vt 0.108353 0.081195
vt 0.144471 0.081195
vt 0.180589 0.081195
vt 0.216706 0.081195
vt 0.252824 0.081195
vt 0.288942 0.081195
vt 0.325060 0.081195
vt 0.361178 0.081195
vt 0.397295 0.081195
vt 0.433413 0.081195
vt 0.469531 0.081195
vt 0.505648 0.081195
vt 0.541766 0.081195
vt 0.577884 0.081195
vt 0.036118 0.092715
vt 0.000000 0.092715
vt 0.072235 0.092715
vt 0.108353 0.092715
vt 0.144471 0.092715
vt 0.180589 0.092715
vt 0.216706 0.092715
vt 0.252824 0.092715
vt 0.288942 0.092715
vt 0.325060 0.092715
vt 0.361178 0.092715
vt 0.397295 0.092715
vt 0.433413 0.092715
vt 0.469531 0.092715
vt 0.505648 0.092715
vt 0.541766 0.092715
vt 0.577884 0.092715
vt 0.036118 0.104112
vt 0.000000 0.104112
vt 0.072235 0.104112
vt 0.108353 0.104112
vt 0.144471 0.104112
vt 0.180589 0.104112
vt 0.216706 0.104112
vt 0.252824 0.104112
vt 0.288942 0.104112
vt 0.325060 0.104112
vt 0.361178 0.104112
vt 0.397295 0.104112
vt 0.433413 0.104112
vt 0.469531 0.104112
vt 0.505648 0.104112
vt 0.541766 0.104112
vt 0.577884 0.104112
vt 0.036118 0.115378
vt 0.000000 0.115378
vt 0.072235 0.115378
vt 0.108353 0.115378
vt 0.144471 0.115378
vt 0.180589 0.115378
vt 0.216706 0.115378
vt 0.252824 0.115378
vt 0.288942 0.115378
vt 0.325060 0.115378
vt 0.361178 0.115378
vt 0.397295 0.115378
vt 0.433413 0.115378
vt 0.469531 0.115378
vt 0.505648 0.115378
vt 0.541766 0.115378
vt 0.577884 0.115378
vt 0.036118 0.126478
vt 0.000000 0.126478
vt 0.072235 0.126478
vt 0.108353 0.126478
vt 0.144471 0.126478
vt 0.180589 0.126478
vt 0.216706 0.126478
vt 0.252824 0.126478
vt 0.288942 0.126478
vt 0.325060 0.126478
vt 0.361178 0.126478
vt 0.397295 0.126478
vt 0.433413 0.126478
vt 0.469531 0.126478
vt 0.505648 0.126478
vt 0.541766 0.126478
vt 0.577884 0.126478
vt 0.036118 0.137360
vt 0.000000 0.137360
vt 0.072235 0.137360
vt 0.108353 0.137360
vt 0.144471 0.137360
vt 0.180589 0.137360
vt 0.216706 0.137360
vt 0.252824 0.137360
vt 0.288942 0.137360
vt 0.325060 0.137360
vt 0.361178 0.137360
vt 0.397295 0.137360
vt 0.433413 0.137360
vt 0.469531 0.137360
vt 0.505648 0.137360
vt 0.541766 0.137360
vt 0.577884 0.137360
vt 0.036118 0.147944
vt 0.000000 0.147944
vt 0.072235 0.147944
vt 0.108353 0.147944
vt 0.144471 0.147944
vt 0.180589 0.147944
vt 0.216706 0.147944
vt 0.252824 0.147944
vt 0.288942 0.147944
vt 0.325060 0.147944
vt 0.361178 0.147944
vt 0.397295 0.147944
vt 0.433413 0.147944
vt 0.469531 0.147944
vt 0.505648 0.147944
vt 0.541766 0.147944
vt 0.577884 0.147944
vt 0.036118 0.158095
vt 0.000000 0.158095
vt 0.072235 0.158095
vt 0.108353 0.158095
vt 0.144471 0.158095
vt 0.180589 0.158095
vt 0.216706 0.158095
vt 0.252824 0.158095
vt 0.288942 0.158095
vt 0.325060 0.158095
vt 0.361178 0.158095
vt 0.397295 0.158095
vt 0.433413 0.158095
vt 0.469531 0.158095
vt 0.505648 0.158095
vt 0.541766 0.158095
vt 0.577884 0.158095
vt 0.036118 0.167568
vt 0.000000 0.167568
vt 0.072235 0.167568
vt 0.108353 0.167568
vt 0.144471 0.167568
vt 0.180589 0.167568
vt 0.216706 0.167568
vt 0.252824 0.167568
vt 0.288942 0.167568
vt 0.325060 0.167568
vt 0.361178 0.167568
vt 0.397295 0.167568
vt 0.433413 0.167568
vt 0.469531 0.167568
vt 0.505648 0.167568
vt 0.541766 0.167568
vt 0.577884 0.167568
vt 0.036118 0.175987
vt 0.000000 0.175987
vt 0.072235 0.175987
vt 0.108353 0.175987
vt 0.144471 0.175987
vt 0.180589 0.175987
vt 0.216706 0.175987
vt 0.252824 0.175987
vt 0.288942 0.175987
vt 0.325060 0.175987
vt 0.361178 0.175987
vt 0.397295 0.175987
vt 0.433413 0.175987
vt 0.469531 0.175987
vt 0.505648 0.175987
vt 0.541766 0.175987
vt 0.577884 0.175987
vt 0.036118 0.183746
vt 0.000000 0.183746
vt 0.072235 0.183746
vt 0.108353 0.183746
vt 0.144471 0.183746
vt 0.180589 0.183746
vt 0.216706 0.183746
vt 0.252824 0.183746
vt 0.288942 0.183746
vt 0.325060 0.183746
vt 0.361178 0.183746
vt 0.397295 0.183746
vt 0.433413 0.183746
vt 0.469531 0.183746
vt 0.505648 0.183746
vt 0.541766 0.183746
vt 0.577884 0.183746
vt 0.036118 0.190868
vt 0.000000 0.190868
vt 0.072235 0.190868
vt 0.108353 0.190868
vt 0.144471 0.190868
vt 0.180589 0.190868
vt 0.216706 0.190868
vt 0.252824 0.190868
vt 0.288942 0.190868
vt 0.325060 0.190868
vt 0.361178 0.190868
vt 0.397295 0.190868
vt 0.433413 0.190868
vt 0.469531 0.190868
vt 0.505648 0.190868
vt 0.541766 0.190868
vt 0.577884 0.190868
vt 0.036118 0.197533
vt 0.000000 0.197533
vt 0.072235 0.197533
vt 0.108353 0.197533
vt 0.144471 0.197533
vt 0.180589 0.197533
vt 0.216706 0.197533
vt 0.252824 0.197533
vt 0.288942 0.197533
vt 0.325060 0.197533
vt 0.361178 0.197533
vt 0.397295 0.197533
vt 0.433413 0.197533
vt 0.469531 0.197533
vt 0.505648 0.197533
vt 0.541766 0.197533
vt 0.577884 0.197533
vt 0.036118 0.204136
vt 0.000000 0.204136
vt 0.072235 0.204136
vt 0.108353 0.204136
vt 0.144471 0.204136
vt 0.180589 0.204136
vt 0.216706 0.204136
vt 0.252824 0.204136
vt 0.288942 0.204136
vt 0.325060 0.204136
vt 0.361178 0.204136
vt 0.397295 0.204136
vt 0.433413 0.204136
vt 0.469531 0.204136
vt 0.505648 0.204136
vt 0.541766 0.204136
vt 0.577884 0.204136
vt 0.036118 0.211206
vt 0.000000 0.211206
vt 0.072235 0.211206
vt 0.108353 0.211206
vt 0.144471 0.211206
vt 0.180589 0.211206
vt 0.216706 0.211206
vt 0.252824 0.211206
vt 0.288942 0.211206
vt 0.325060 0.211206
vt 0.361178 0.211206
vt 0.397295 0.211206
vt 0.433413 0.211206
vt 0.469531 0.211206
vt 0.505648 0.211206
vt 0.541766 0.211206
vt 0.577884 0.211206
vt 0.036118 0.219214
vt 0.000000 0.219214
vt 0.072235 0.219214
vt 0.108353 0.219214
vt 0.144471 0.219214
vt 0.180589 0.219214
vt 0.216706 0.219214
vt 0.252824 0.219214
vt 0.288942 0.219214
vt 0.325060 0.219214
vt 0.361178 0.219214
vt 0.397295 0.219214
vt 0.433413 0.219214
vt 0.469531 0.219214
vt 0.505648 0.219214
vt 0.541766 0.219214
vt 0.577884 0.219214
vt 0.036118 0.228376
vt 0.000000 0.228376
vt 0.072235 0.228376
vt 0.108353 0.228376
vt 0.144471 0.228376
vt 0.180589 0.228376
vt 0.216706 0.228376
vt 0.252824 0.228376
vt 0.288942 0.228376
vt 0.325060 0.228376
vt 0.361178 0.228376
vt 0.397295 0.228376
vt 0.433413 0.228376
vt 0.469531 0.228376
vt 0.505648 0.228376
vt 0.541766 0.228376
vt 0.577884 0.228376
vt 0.036118 0.238648
vt 0.000000 0.238648
vt 0.072235 0.238648
vt 0.108353 0.238648
vt 0.144471 0.238648
vt 0.180589 0.238648
vt 0.216706 0.238648
vt 0.252824 0.238648
vt 0.288942 0.238648
vt 0.325060 0.238648
vt 0.361178 0.238648
vt 0.397295 0.238648
vt 0.433413 0.238648
vt 0.469531 0.238648
vt 0.505648 0.238648
vt 0.541766 0.238648
vt 0.577884 0.238648
vt 0.036118 0.249819
vt 0.000000 0.249819
vt 0.072235 0.249819
vt 0.108353 0.249819
vt 0.144471 0.249819
vt 0.180589 0.249819
vt 0.216706 0.249819
vt 0.252824 0.249819
vt 0.288942 0.249819
vt 0.325060 0.249819
vt 0.361178 0.249819
vt 0.397295 0.249819
vt 0.433413 0.249819
vt 0.469531 0.249819
vt 0.505648 0.249819
vt 0.541766 0.249819
vt 0.577884 0.249819
vt 0.036118 0.261629
vt 0.000000 0.261629
vt 0.072235 0.261629
vt 0.108353 0.261629
vt 0.144471 0.261629
vt 0.180589 0.261629
vt 0.216706 0.261629
vt 0.252824 0.261629
vt 0.288942 0.261629
vt 0.325060 0.261629
vt 0.361178 0.261629
vt 0.397295 0.261629
vt 0.433413 0.261629
vt 0.469531 0.261629
vt 0.505648 0.261629
vt 0.541766 0.261629
vt 0.577884 0.261629
vt 0.036118 0.273889
vt 0.000000 0.273889
vt 0.072235 0.273889
vt 0.108353 0.273889
vt 0.144471 0.273889
vt 0.180589 0.273889
vt 0.216706 0.273889
vt 0.252824 0.273889
vt 0.288942 0.273889
vt 0.325060 0.273889
vt 0.361178 0.273889
vt 0.397295 0.273889
vt 0.433413 0.273889
vt 0.469531 0.273889
vt 0.505648 0.273889
vt 0.541766 0.273889
vt 0.577884 0.273889
vt 0.036118 0.286418
vt 0.000000 0.286418
vt 0.072235 0.286418
vt 0.108353 0.286418
vt 0.144471 0.286418
vt 0.180589 0.286418
vt 0.216706 0.286418
vt 0.252824 0.286418
vt 0.288942 0.286418
vt 0.325060 0.286418
vt 0.361178 0.286418
vt 0.397295 0.286418
vt 0.433413 0.286418
vt 0.469531 0.286418
vt 0.505648 0.286418
vt 0.541766 0.286418
vt 0.577884 0.286418
vt 0.036118 0.299435
vt 0.000000 0.299435
vt 0.072235 0.299435
vt 0.108353 0.299435
vt 0.144471 0.299435
vt 0.180589 0.299435
vt 0.216706 0.299435
vt 0.252824 0.299435
vt 0.288942 0.299435
vt 0.325060 0.299435
vt 0.361178 0.299435
vt 0.397295 0.299435
vt 0.433413 0.299435
vt 0.469531 0.299435
vt 0.505648 0.299435
vt 0.541766 0.299435
vt 0.577884 0.299435
vt 0.036118 0.312942
vt 0.000000 0.312942
vt 0.072235 0.312942
vt 0.108353 0.312942
vt 0.144471 0.312942
vt 0.180589 0.312942
vt 0.216706 0.312942
vt 0.252824 0.312942
vt 0.288942 0.312942
vt 0.325060 0.312942
vt 0.361178 0.312942
vt 0.397295 0.312942
vt 0.433413 0.312942
vt 0.469531 0.312942
vt 0.505648 0.312942
vt 0.541766 0.312942
vt 0.577884 0.312942
vt 0.036118 0.326872
vt 0.000000 0.326872
vt 0.072235 0.326872
vt 0.108353 0.326872
vt 0.144471 0.326872
vt 0.180589 0.326872
vt 0.216706 0.326872
vt 0.252824 0.326872
vt 0.288942 0.326872
vt 0.325060 0.326872
vt 0.361178 0.326872
vt 0.397295 0.326872
vt 0.433413 0.326872
vt 0.469531 0.326872
vt 0.505648 0.326872
vt 0.541766 0.326872
vt 0.577884 0.326872
vt 0.036118 0.341204
vt 0.000000 0.341204
vt 0.072235 0.341204
vt 0.108353 0.341204
vt 0.144471 0.341204
vt 0.180589 0.341204
vt 0.216706 0.341204
vt 0.252824 0.341204
vt 0.288942 0.341204
vt 0.325060 0.341204
vt 0.361178 0.341204
vt 0.397295 0.341204
vt 0.433413 0.341204
vt 0.469531 0.341204
vt 0.505648 0.341204
vt 0.541766 0.341204
vt 0.577884 0.341204
vt 0.036118 0.355941
vt 0.000000 0.355941
vt 0.072235 0.355941
vt 0.108353 0.355941
vt 0.144471 0.355941
vt 0.180589 0.355941
vt 0.216706 0.355941
vt 0.252824 0.355941
vt 0.288942 0.355941
vt 0.325060 0.355941
vt 0.361178 0.355941
vt 0.397295 0.355941
vt 0.433413 0.355941
vt 0.469531 0.355941
vt 0.505648 0.355941
vt 0.541766 0.355941
vt 0.577884 0.355941
vt 0.036118 0.371099
vt 0.000000 0.371099
vt 0.072235 0.371099
vt 0.108353 0.371099
vt 0.144471 0.371099
vt 0.180589 0.371099
vt 0.216706 0.371099
vt 0.252824 0.371099
vt 0.288942 0.371099
vt 0.325060 0.371099
vt 0.361178 0.371099
vt 0.397295 0.371099
vt 0.433413 0.371099
vt 0.469531 0.371099
vt 0.505648 0.371099
vt 0.541766 0.371099
vt 0.577884 0.371099
vt 0.036118 0.386706
vt 0.000000 0.386706
vt 0.072235 0.386706
vt 0.108353 0.386706
vt 0.144471 0.386706
vt 0.180589 0.386706
vt 0.216706 0.386706
vt 0.252824 0.386706
vt 0.288942 0.386706
vt 0.325060 0.386706
vt 0.361178 0.386706
vt 0.397295 0.386706
vt 0.433413 0.386706
vt 0.469531 0.386706
vt 0.505648 0.386706
vt 0.541766 0.386706
vt 0.577884 0.386706
vt 0.036118 0.402793
vt 0.000000 0.402793
vt 0.072235 0.402793
vt 0.108353 0.402793
vt 0.144471 0.402793
vt 0.180589 0.402793
vt 0.216706 0.402793
vt 0.252824 0.402793
vt 0.288942 0.402793
vt 0.325060 0.402793
vt 0.361178 0.402793
vt 0.397295 0.402793
vt 0.433413 0.402793
vt 0.469531 0.402793
vt 0.505648 0.402793
vt 0.541766 0.402793
vt 0.577884 0.402793
vt 0.036118 0.419390
vt 0.000000 0.419390
vt 0.072235 0.419390
vt 0.108353 0.419390
vt 0.144471 0.419390
vt 0.180589 0.419390
vt 0.216706 0.419390
vt 0.252824 0.419390
vt 0.288942 0.419390
vt 0.325060 0.419390
vt 0.361178 0.419390
vt 0.397295 0.419390
vt 0.433413 0.419390
vt 0.469531 0.419390
vt 0.505648 0.419390
vt 0.541766 0.419390
vt 0.577884 0.419390
vt 0.036118 0.436515
vt 0.000000 0.436515
vt 0.072235 0.436515
vt 0.108353 0.436515
vt 0.144471 0.436515
vt 0.180589 0.436515
vt 0.216706 0.436515
vt 0.252824 0.436515
vt 0.288942 0.436515
vt 0.325060 0.436515
vt 0.361178 0.436515
vt 0.397295 0.436515
vt 0.433413 0.436515
vt 0.469531 0.436515
vt 0.505648 0.436515
vt 0.541766 0.436515
vt 0.577884 0.436515
vt 0.036118 0.454175
vt 0.000000 0.454175
vt 0.072235 0.454175
vt 0.108353 0.454175
vt 0.144471 0.454175
vt 0.180589 0.454175
vt 0.216706 0.454175
vt 0.252824 0.454175
vt 0.288942 0.454175
vt 0.325060 0.454175
vt 0.361178 0.454175
vt 0.397295 0.454175
vt 0.433413 0.454175
vt 0.469531 0.454175
vt 0.505648 0.454175
vt 0.541766 0.454175
vt 0.577884 0.454175
vt 0.036118 0.472344
vt 0.000000 0.472344
vt 0.072235 0.472344
vt 0.108353 0.472344
vt 0.144471 0.472344
vt 0.180589 0.472344
vt 0.216706 0.472344
vt 0.252824 0.472344
vt 0.288942 0.472344
vt 0.325060 0.472344
vt 0.361178 0.472344
vt 0.397295 0.472344
vt 0.433413 0.472344
vt 0.469531 0.472344
vt 0.505648 0.472344
vt 0.541766 0.472344
vt 0.577884 0.472344
vt 0.036118 0.490959
vt 0.000000 0.490959
vt 0.072235 0.490959
vt 0.108353 0.490959
vt 0.144471 0.490959
vt 0.180589 0.490959
vt 0.216706 0.490959
vt 0.252824 0.490959
vt 0.288942 0.490959
vt 0.325060 0.490959
vt 0.361178 0.490959
vt 0.397295 0.490959
vt 0.433413 0.490959
vt 0.469531 0.490959
vt 0.505648 0.490959
vt 0.541766 0.490959
vt 0.577884 0.490959
vt 0.036118 0.509915
vt 0.000000 0.509915
vt 0.072235 0.509915
vt 0.108353 0.509915
vt 0.144471 0.509915
vt 0.180589 0.509915
vt 0.216706 0.509915
vt 0.252824 0.509915
vt 0.288942 0.509915
vt 0.325060 0.509915
vt 0.361178 0.509915
vt 0.397295 0.509915
vt 0.433413 0.509915
vt 0.469531 0.509915
vt 0.505648 0.509915
vt 0.541766 0.509915
vt 0.577884 0.509915
vt 0.036118 0.529066
vt 0.000000 0.529066
vt 0.072235 0.529066
vt 0.108353 0.529066
vt 0.144471 0.529066
vt 0.180589 0.529066
vt 0.216706 0.529066
vt 0.252824 0.529066
vt 0.288942 0.529066
vt 0.325060 0.529066
vt 0.361178 0.529066
vt 0.397295 0.529066
vt 0.433413 0.529066
vt 0.469531 0.529066
vt 0.505648 0.529066
vt 0.541766 0.529066
vt 0.577884 0.529066
vt 0.036118 0.548243
vt 0.000000 0.548243
vt 0.072235 0.548243
vt 0.108353 0.548243
vt 0.144471 0.548243
vt 0.180589 0.548243
vt 0.216706 0.548243
vt 0.252824 0.548243
vt 0.288942 0.548243
vt 0.325060 0.548243
vt 0.361178 0.548243
vt 0.397295 0.548243
vt 0.433413 0.548243
vt 0.469531 0.548243
vt 0.505648 0.548243
vt 0.541766 0.548243
vt 0.577884 0.548243
vt 0.036118 0.567274
vt 0.000000 0.567274
vt 0.072235 0.567274
vt 0.108353 0.567274
vt 0.144471 0.567274
vt 0.180589 0.567274
vt 0.216706 0.567274
vt 0.252824 0.567274
vt 0.288942 0.567274
vt 0.325060 0.567274
vt 0.361178 0.567274
vt 0.397295 0.567274
vt 0.433413 0.567274
vt 0.469531 0.567274
vt 0.505648 0.567274
vt 0.541766 0.567274
vt 0.577884 0.567274
vt 0.036118 0.586000
vt 0.000000 0.586000
vt 0.072235 0.586000
vt 0.108353 0.586000
vt 0.144471 0.586000
vt 0.180589 0.586000
vt 0.216706 0.586000
vt 0.252824 0.586000
vt 0.288942 0.586000
vt 0.325060 0.586000
vt 0.361178 0.586000
vt 0.397295 0.586000
vt 0.433413 0.586000
vt 0.469531 0.586000
vt 0.505648 0.586000
vt 0.541766 0.586000
vt 0.577884 0.586000
vt 0.036118 0.604331
vt 0.000000 0.604331
vt 0.072235 0.604331
vt 0.108353 0.604331
vt 0.144471 0.604331
vt 0.180589 0.604331
vt 0.216706 0.604331
vt 0.252824 0.604331
vt 0.288942 0.604331
vt 0.325060 0.604331
vt 0.361178 0.604331
vt 0.397295 0.604331
vt 0.433413 0.604331
vt 0.469531 0.604331
vt 0.505648 0.604331
vt 0.541766 0.604331
vt 0.577884 0.604331
vt 0.036118 0.622115
vt 0.000000 0.622115
vt 0.072235 0.622115
vt 0.108353 0.622115
vt 0.144471 0.622115
vt 0.180589 0.622115
vt 0.216706 0.622115
vt 0.252824 0.622115
vt 0.288942 0.622115
vt 0.325060 0.622115
vt 0.361178 0.622115
vt 0.397295 0.622115
vt 0.433413 0.622115
vt 0.469531 0.622115
vt 0.505648 0.622115
vt 0.541766 0.622115
vt 0.577884 0.622115
vt 0.036118 0.638535
vt 0.000000 0.638535
vt 0.072235 0.638535
vt 0.108353 0.638535
vt 0.144471 0.638535
vt 0.180589 0.638535
vt 0.216706 0.638535
vt 0.252824 0.638535
vt 0.288942 0.638535
vt 0.325060 0.638535
vt 0.361178 0.638535
vt 0.397295 0.638535
vt 0.433413 0.638535
vt 0.469531 0.638535
vt 0.505648 0.638535
vt 0.541766 0.638535
vt 0.577884 0.638535
vt 0.036118 0.653578
vt 0.000000 0.653578
vt 0.072235 0.653578
vt 0.108353 0.653578
vt 0.144471 0.653578
vt 0.180589 0.653578
vt 0.216706 0.653578
vt 0.252824 0.653578
vt 0.288942 0.653578
vt 0.325060 0.653578
vt 0.361178 0.653578
vt 0.397295 0.653578
vt 0.433413 0.653578
vt 0.469531 0.653578
vt 0.505648 0.653578
vt 0.541766 0.653578
vt 0.577884 0.653578
vt 0.036118 0.667538
vt 0.000000 0.667538
vt 0.072235 0.667538
vt 0.108353 0.667538
vt 0.144471 0.667538
vt 0.180589 0.667538
vt 0.216706 0.667538
vt 0.252824 0.667538
vt 0.288942 0.667538
vt 0.325060 0.667538
vt 0.361178 0.667538
vt 0.397295 0.667538
vt 0.433413 0.667538
vt 0.469531 0.667538
vt 0.505648 0.667538
vt 0.541766 0.667538
vt 0.577884 0.667538
vt 0.036118 0.680635
vt 0.000000 0.680635
vt 0.072235 0.680635
vt 0.108353 0.680635
vt 0.144471 0.680635
vt 0.180589 0.680635
vt 0.216706 0.680635
vt 0.252824 0.680635
vt 0.288942 0.680635
vt 0.325060 0.680635
vt 0.361178 0.680635
vt 0.397295 0.680635
vt 0.433413 0.680635
vt 0.469531 0.680635
vt 0.505648 0.680635
vt 0.541766 0.680635
vt 0.577884 0.680635
vt 0.036118 0.693025
vt 0.000000 0.693025
vt 0.072235 0.693025
vt 0.108353 0.693025
vt 0.144471 0.693025
vt 0.180589 0.693025
vt 0.216706 0.693025
vt 0.252824 0.693025
vt 0.288942 0.693025
vt 0.325060 0.693025
vt 0.361178 0.693025
vt 0.397295 0.693025
vt 0.433413 0.693025
vt 0.469531 0.693025
vt 0.505648 0.693025
vt 0.541766 0.693025
vt 0.577884 0.693025
vt 0.036118 0.704826
vt 0.000000 0.704826
vt 0.072235 0.704826
vt 0.108353 0.704826
vt 0.144471 0.704826
vt 0.180589 0.704826
vt 0.216706 0.704826
vt 0.252824 0.704826
vt 0.288942 0.704826
vt 0.325060 0.704826
vt 0.361178 0.704826
vt 0.397295 0.704826
vt 0.433413 0.704826
vt 0.469531 0.704826
vt 0.505648 0.704826
vt 0.541766 0.704826
vt 0.577884 0.704826
vt 0.036118 0.716119
vt 0.000000 0.716119
vt 0.072235 0.716119
vt 0.108353 0.716119
vt 0.144471 0.716119
vt 0.180589 0.716119
vt 0.216706 0.716119
vt 0.252824 0.716119
vt 0.288942 0.716119
vt 0.325060 0.716119
vt 0.361178 0.716119
vt 0.397295 0.716119
vt 0.433413 0.716119
vt 0.469531 0.716119
vt 0.505648 0.716119
vt 0.541766 0.716119
vt 0.577884 0.716119
vt 0.036118 0.726968
vt 0.000000 0.726968
vt 0.072235 0.726968
vt 0.108353 0.726968
vt 0.144471 0.726968
vt 0.180589 0.726968
vt 0.216706 0.726968
vt 0.252824 0.726968
vt 0.288942 0.726968
vt 0.325060 0.726968
vt 0.361178 0.726968
vt 0.397295 0.726968
vt 0.433413 0.726968
vt 0.469531 0.726968
vt 0.505648 0.726968
vt 0.541766 0.726968
vt 0.577884 0.726968
vt 0.036118 0.737419
vt 0.000000 0.737419
vt 0.072235 0.737419
vt 0.108353 0.737419
vt 0.144471 0.737419
vt 0.180589 0.737419
vt 0.216706 0.737419
vt 0.252824 0.737419
vt 0.288942 0.737419
vt 0.325060 0.737419
vt 0.361178 0.737419
vt 0.397295 0.737419
vt 0.433413 0.737419
vt 0.469531 0.737419
vt 0.505648 0.737419
vt 0.541766 0.737419
vt 0.577884 0.737419
vt 0.036118 0.747507
vt 0.000000 0.747507
vt 0.072235 0.747507
vt 0.108353 0.747507
vt 0.144471 0.747507
vt 0.180589 0.747507
vt 0.216706 0.747507
vt 0.252824 0.747507
vt 0.288942 0.747507
vt 0.325060 0.747507
vt 0.361178 0.747507
vt 0.397295 0.747507
vt 0.433413 0.747507
vt 0.469531 0.747507
vt 0.505648 0.747507
vt 0.541766 0.747507
vt 0.577884 0.747507
vt 0.036118 0.757259
vt 0.000000 0.757259
vt 0.072235 0.757259
vt 0.108353 0.757259
vt 0.144471 0.757259
vt 0.180589 0.757259
vt 0.216706 0.757259
vt 0.252824 0.757259
vt 0.288942 0.757259
vt 0.325060 0.757259
vt 0.361178 0.757259
vt 0.397295 0.757259
vt 0.433413 0.757259
vt 0.469531 0.757259
vt 0.505648 0.757259
vt 0.541766 0.757259
vt 0.577884 0.757259
vt 0.036118 0.766702
vt 0.000000 0.766702
vt 0.072235 0.766702
vt 0.108353 0.766702
vt 0.144471 0.766702
vt 0.180589 0.766702
vt 0.216706 0.766702
vt 0.252824 0.766702
vt 0.288942 0.766702
vt 0.325060 0.766702
vt 0.361178 0.766702
vt 0.397295 0.766702
vt 0.433413 0.766702
vt 0.469531 0.766702
vt 0.505648 0.766702
vt 0.541766 0.766702
vt 0.577884 0.766702
vt 0.036118 0.775856
vt 0.000000 0.775856
vt 0.072235 0.775856
vt 0.108353 0.775856
vt 0.144471 0.775856
vt 0.180589 0.775856
vt 0.216706 0.775856
vt 0.252824 0.775856
vt 0.288942 0.775856
vt 0.325060 0.775856
vt 0.361178 0.775856
vt 0.397295 0.775856
vt 0.433413 0.775856
vt 0.469531 0.775856
vt 0.505648 0.775856
vt 0.541766 0.775856
vt 0.577884 0.775856
vt 0.036118 0.784743
vt 0.000000 0.784743
vt 0.072235 0.784743
vt 0.108353 0.784743
vt 0.144471 0.784743
vt 0.180589 0.784743
vt 0.216706 0.784743
vt 0.252824 0.784743
vt 0.288942 0.784743
vt 0.325060 0.784743
vt 0.361178 0.784743
vt 0.397295 0.784743
vt 0.433413 0.784743
vt 0.469531 0.784743
vt 0.505648 0.784743
vt 0.541766 0.784743
vt 0.577884 0.784743
vt 0.036118 0.793389
vt 0.000000 0.793389
vt 0.072235 0.793389
vt 0.108353 0.793389
vt 0.144471 0.793389
vt 0.180589 0.793389
vt 0.216706 0.793389
vt 0.252824 0.793389
vt 0.288942 0.793389
vt 0.325060 0.793389
vt 0.361178 0.793389
vt 0.397295 0.793389
vt 0.433413 0.793389
vt 0.469531 0.793389
vt 0.505648 0.793389
vt 0.541766 0.793389
vt 0.577884 0.793389
vt 0.036118 0.801817
vt 0.000000 0.801817
vt 0.072235 0.801817
vt 0.108353 0.801817
vt 0.144471 0.801817
vt 0.180589 0.801817
vt 0.216706 0.801817
vt 0.252824 0.801817
vt 0.288942 0.801817
vt 0.325060 0.801817
vt 0.361178 0.801817
vt 0.397295 0.801817
vt 0.433413 0.801817
vt 0.469531 0.801817
vt 0.505648 0.801817
vt 0.541766 0.801817
vt 0.577884 0.801817
vt 0.036118 0.810060
vt 0.000000 0.810060
vt 0.072235 0.810060
vt 0.108353 0.810060
vt 0.144471 0.810060
vt 0.180589 0.810060
vt 0.216706 0.810060
vt 0.252824 0.810060
vt 0.288942 0.810060
vt 0.325060 0.810060
vt 0.361178 0.810060
vt 0.397295 0.810060
vt 0.433413 0.810060
vt 0.469531 0.810060
vt 0.505648 0.810060
vt 0.541766 0.810060
vt 0.577884 0.810060
vt 0.036118 0.818147
vt 0.000000 0.818147
vt 0.072235 0.818147
vt 0.108353 0.818147
vt 0.144471 0.818147
vt 0.180589 0.818147
vt 0.216706 0.818147
vt 0.252824 0.818147
vt 0.288942 0.818147
vt 0.325060 0.818147
vt 0.361178 0.818147
vt 0.397295 0.818147
vt 0.433413 0.818147
vt 0.469531 0.818147
vt 0.505648 0.818147
vt 0.541766 0.818147
vt 0.577884 0.818147
vt 0.036118 0.826113
vt 0.000000 0.826113
vt 0.072235 0.826113
vt 0.108353 0.826113
vt 0.144471 0.826113
vt 0.180589 0.826113
vt 0.216706 0.826113
vt 0.252824 0.826113
vt 0.288942 0.826113
vt 0.325060 0.826113
vt 0.361178 0.826113
vt 0.397295 0.826113
vt 0.433413 0.826113
vt 0.469531 0.826113
vt 0.505648 0.826113
vt 0.541766 0.826113
vt 0.577884 0.826113
vt 0.036118 0.833987
vt 0.000000 0.833987
vt 0.072235 0.833987
vt 0.108353 0.833987
vt 0.144471 0.833987
vt 0.180589 0.833987
vt 0.216706 0.833987
vt 0.252824 0.833987
vt 0.288942 0.833987
vt 0.325060 0.833987
vt 0.361178 0.833987
vt 0.397295 0.833987
vt 0.433413 0.833987
vt 0.469531 0.833987
vt 0.505648 0.833987
vt 0.541766 0.833987
vt 0.577884 0.833987
vt 0.036118 0.841827
vt 0.000000 0.841827
vt 0.072235 0.841827
vt 0.108353 0.841827
vt 0.144471 0.841827
vt 0.180589 0.841827
vt 0.216706 0.841827
vt 0.252824 0.841827
vt 0.288942 0.841827
vt 0.325060 0.841827
vt 0.361178 0.841827
vt 0.397295 0.841827
vt 0.433413 0.841827
vt 0.469531 0.841827
vt 0.505648 0.841827
vt 0.541766 0.841827
vt 0.577884 0.841827
vt 0.036118 0.849661
vt 0.000000 0.849661
vt 0.072235 0.849661
vt 0.108353 0.849661
vt 0.144471 0.849661
vt 0.180589 0.849661
vt 0.216706 0.849661
vt 0.252824 0.849661
vt 0.288942 0.849661
vt 0.325060 0.849661
vt 0.361178 0.849661
vt 0.397295 0.849661
vt 0.433413 0.849661
vt 0.469531 0.849661
vt 0.505648 0.849661
vt 0.541766 0.849661
vt 0.577884 0.849661
vt 0.036118 0.857521
vt 0.000000 0.857521
vt 0.072235 0.857521
vt 0.108353 0.857521
vt 0.144471 0.857521
vt 0.180589 0.857521
vt 0.216706 0.857521
vt 0.252824 0.857521
vt 0.288942 0.857521
vt 0.325060 0.857521
vt 0.361178 0.857521
vt 0.397295 0.857521
vt 0.433413 0.857521
vt 0.469531 0.857521
vt 0.505648 0.857521
vt 0.541766 0.857521
vt 0.577884 0.857521
vt 0.036118 0.865435
vt 0.000000 0.865435
vt 0.072235 0.865435
vt 0.108353 0.865435
vt 0.144471 0.865435
vt 0.180589 0.865435
vt 0.216706 0.865435
vt 0.252824 0.865435
vt 0.288942 0.865435
vt 0.325060 0.865435
vt 0.361178 0.865435
vt 0.397295 0.865435
vt 0.433413 0.865435
vt 0.469531 0.865435
vt 0.505648 0.865435
vt 0.541766 0.865435
vt 0.577884 0.865435
vt 0.036118 0.873445
vt 0.000000 0.873445
vt 0.072235 0.873445
vt 0.108353 0.873445
vt 0.144471 0.873445
vt 0.180589 0.873445
vt 0.216706 0.873445
vt 0.252824 0.873445
vt 0.288942 0.873445
vt 0.325060 0.873445
vt 0.361178 0.873445
vt 0.397295 0.873445
vt 0.433413 0.873445
vt 0.469531 0.873445
vt 0.505648 0.873445
vt 0.541766 0.873445
vt 0.577884 0.873445
vt 0.036118 0.881565
vt 0.000000 0.881565
vt 0.072235 0.881565
vt 0.108353 0.881565
vt 0.144471 0.881565
vt 0.180589 0.881565
vt 0.216706 0.881565
vt 0.252824 0.881565
vt 0.288942 0.881565
vt 0.325060 0.881565
vt 0.361178 0.881565
vt 0.397295 0.881565
vt 0.433413 0.881565
vt 0.469531 0.881565
vt 0.505648 0.881565
vt 0.541766 0.881565
vt 0.577884 0.881565
vt 0.036118 0.889813
vt 0.000000 0.889813
vt 0.072235 0.889813
vt 0.108353 0.889813
vt 0.144471 0.889813
vt 0.180589 0.889813
vt 0.216706 0.889813
vt 0.252824 0.889813
vt 0.288942 0.889813
vt 0.325060 0.889813
vt 0.361178 0.889813
vt 0.397295 0.889813
vt 0.433413 0.889813
vt 0.469531 0.889813
vt 0.505648 0.889813
vt 0.541766 0.889813
vt 0.577884 0.889813
vt 0.036118 0.898202
vt 0.000000 0.898202
vt 0.072235 0.898202
vt 0.108353 0.898202
vt 0.144471 0.898202
vt 0.180589 0.898202
vt 0.216706 0.898202
vt 0.252824 0.898202
vt 0.288942 0.898202
vt 0.325060 0.898202
vt 0.361178 0.898202
vt 0.397295 0.898202
vt 0.433413 0.898202
vt 0.469531 0.898202
vt 0.505648 0.898202
vt 0.541766 0.898202
vt 0.577884 0.898202
vt 0.036118 0.906740
vt 0.000000 0.906740
vt 0.072235 0.906740
vt 0.108353 0.906740
vt 0.144471 0.906740
vt 0.180589 0.906740
vt 0.216706 0.906740
vt 0.252824 0.906740
vt 0.288942 0.906740
vt 0.325060 0.906740
vt 0.361178 0.906740
vt 0.397295 0.906740
vt 0.433413 0.906740
vt 0.469531 0.906740
vt 0.505648 0.906740
vt 0.541766 0.906740
vt 0.577884 0.906740
vt 0.036118 0.915423
vt 0.000000 0.915423
vt 0.072235 0.915423
vt 0.108353 0.915423
vt 0.144471 0.915423
vt 0.180589 0.915423
vt 0.216706 0.915423
vt 0.252824 0.915423
vt 0.288942 0.915423
vt 0.325060 0.915423
vt 0.361178 0.915423
vt 0.397295 0.915423
vt 0.433413 0.915423
vt 0.469531 0.915423
vt 0.505648 0.915423
vt 0.541766 0.915423
vt 0.577884 0.915423
vt 0.036118 0.924268
vt 0.000000 0.924268
vt 0.072235 0.924268
vt 0.108353 0.924268
vt 0.144471 0.924268
vt 0.180589 0.924268
vt 0.216706 0.924268
vt 0.252824 0.924268
vt 0.288942 0.924268
vt 0.325060 0.924268
vt 0.361178 0.924268
vt 0.397295 0.924268
vt 0.433413 0.924268
vt 0.469531 0.924268
vt 0.505648 0.924268
vt 0.541766 0.924268
vt 0.577884 0.924268
vt 0.036118 0.933264
vt 0.000000 0.933264
vt 0.072235 0.933264
vt 0.108353 0.933264
vt 0.144471 0.933264
vt 0.180589 0.933264
vt 0.216706 0.933264
vt 0.252824 0.933264
vt 0.288942 0.933264
vt 0.325060 0.933264
vt 0.361178 0.933264
vt 0.397295 0.933264
vt 0.433413 0.933264
vt 0.469531 0.933264
vt 0.505648 0.933264
vt 0.541766 0.933264
vt 0.577884 0.933264
vt 0.036118 0.942405
vt 0.000000 0.942405
vt 0.072235 0.942405
vt 0.108353 0.942405
vt 0.144471 0.942405
vt 0.180589 0.942405
vt 0.216706 0.942405
vt 0.252824 0.942405
vt 0.288942 0.942405
vt 0.325060 0.942405
vt 0.361178 0.942405
vt 0.397295 0.942405
vt 0.433413 0.942405
vt 0.469531 0.942405
vt 0.505648 0.942405
vt 0.541766 0.942405
vt 0.577884 0.942405
vt 0.036118 0.951681
vt 0.000000 0.951681
vt 0.072235 0.951681
vt 0.108353 0.951681
vt 0.144471 0.951681
vt 0.180589 0.951681
vt 0.216706 0.951681
vt 0.252824 0.951681
vt 0.288942 0.951681
vt 0.325060 0.951681
vt 0.361178 0.951681
vt 0.397295 0.951681
vt 0.433413 0.951681
vt 0.469531 0.951681
vt 0.505648 0.951681
vt 0.541766 0.951681
vt 0.577884 0.951681
vt 0.036118 0.961103
vt 0.000000 0.961103
vt 0.072235 0.961103
vt 0.108353 0.961103
vt 0.144471 0.961103
vt 0.180589 0.961103
vt 0.216706 0.961103
vt 0.252824 0.961103
vt 0.288942 0.961103
vt 0.325060 0.961103
vt 0.361178 0.961103
vt 0.397295 0.961103
vt 0.433413 0.961103
vt 0.469531 0.961103
vt 0.505648 0.961103
vt 0.541766 0.961103
vt 0.577884 0.961103
vt 0.036118 0.970651
vt 0.000000 0.970651
vt 0.072235 0.970651
vt 0.108353 0.970651
vt 0.144471 0.970651
vt 0.180589 0.970651
vt 0.216706 0.970651
vt 0.252824 0.970651
vt 0.288942 0.970651
vt 0.325060 0.970651
vt 0.361178 0.970651
vt 0.397295 0.970651
vt 0.433413 0.970651
vt 0.469531 0.970651
vt 0.505648 0.970651
vt 0.541766 0.970651
vt 0.577884 0.970651
vt 0.036118 0.980310
vt 0.000000 0.980310
vt 0.072235 0.980310
vt 0.108353 0.980310
vt 0.144471 0.980310
vt 0.180589 0.980310
vt 0.216706 0.980310
vt 0.252824 0.980310
vt 0.288942 0.980310
vt 0.325060 0.980310
vt 0.361178 0.980310
vt 0.397295 0.980310
vt 0.433413 0.980310
vt 0.469531 0.980310
vt 0.505648 0.980310
vt 0.541766 0.980310
vt 0.577884 0.980310
vt 0.036118 0.990099
vt 0.000000 0.990099
vt 0.072235 0.990099
vt 0.108353 0.990099
vt 0.144471 0.990099
vt 0.180589 0.990099
vt 0.216706 0.990099
vt 0.252824 0.990099
vt 0.288942 0.990099
vt 0.325060 0.990099
vt 0.361178 0.990099
vt 0.397295 0.990099
vt 0.433413 0.990099
vt 0.469531 0.990099
vt 0.505648 0.990099
vt 0.541766 0.990099
vt 0.577884 0.990099
vt 0.036118 1.000000
vt 0.000000 1.000000
vt 0.072235 1.000000
vt 0.108353 1.000000
vt 0.144471 1.000000
vt 0.180589 1.000000
vt 0.216706 1.000000
vt 0.252824 1.000000
vt 0.288942 1.000000
vt 0.325060 1.000000
vt 0.361178 1.000000
vt 0.397295 1.000000
vt 0.433413 1.000000
vt 0.469531 1.000000
vt 0.505648 1.000000
vt 0.541766 1.000000
vt 0.577884 1.000000
vn 0.127879 0.914377 0.384137
vn 0.119846 0.919567 0.374210
vn 0.112072 0.710796 0.694413
vn 0.117459 0.697259 0.707130
vn 0.100091 0.395056 0.913188
vn 0.102209 0.377120 0.920507
vn 0.085789 0.017138 0.996166
vn 0.085084 0.005279 0.996360
vn 0.071973 -0.367332 0.927301
vn 0.069946 -0.363598 0.928926
vn 0.061708 -0.698214 0.713225
vn 0.061357 -0.681032 0.729679
vn 0.056665 -0.920601 0.386372
vn 0.062639 -0.908279 0.413648
vn 0.055521 -0.998458 0.000001
vn 0.066905 -0.997759 -0.000001
vn 0.056663 -0.920603 -0.386368
vn 0.062637 -0.908280 -0.413647
vn 0.061707 -0.698218 -0.713221
vn 0.061354 -0.681037 -0.729674
vn 0.071973 -0.367332 -0.927301
vn 0.069946 -0.363601 -0.928925
vn 0.085789 0.017139 -0.996166
vn 0.085085 0.005283 -0.996360
vn 0.100091 0.395057 -0.913188
vn 0.102209 0.377121 -0.920507
vn 0.112072 0.710796 -0.694413
vn 0.117458 0.697261 -0.707129
vn 0.119846 0.919568 -0.374209
vn 0.127879 0.914377 -0.384137
vn 0.122511 0.992467 0.000001
vn 0.131573 0.991306 0.000001
vn 0.105317 0.917306 0.384003
vn 0.100977 0.700091 0.706878
vn 0.093925 0.378955 0.920636
vn 0.084697 0.002756 0.996403
vn 0.074382 -0.374886 0.924082
vn 0.064682 -0.699492 0.711707
vn 0.057654 -0.920116 0.387380
vn 0.055073 -0.998482 0.000001
vn 0.057653 -0.920116 -0.387380
vn 0.064682 -0.699495 -0.711705
vn 0.074382 -0.374889 -0.924081
vn 0.084697 0.002755 -0.996403
vn 0.093926 0.378953 -0.920637
vn 0.100978 0.700089 -0.706880
vn 0.105317 0.917306 -0.384003
vn 0.106772 0.994284 0.000000
vn 0.100766 0.917273 0.385302
vn 0.097471 0.698907 0.708539
vn 0.091977 0.376989 0.921640
vn 0.084577 0.000913 0.996417
vn 0.076090 -0.375942 0.923514
vn 0.067947 -0.699725 0.711174
vn 0.061966 -0.919932 0.387150
vn 0.059755 -0.998213 -0.000000
vn 0.061966 -0.919932 -0.387150
vn 0.067947 -0.699726 -0.711173
vn 0.076090 -0.375940 -0.923515
vn 0.084577 0.000913 -0.996417
vn 0.091977 0.376988 -0.921640
vn 0.097471 0.698908 -0.708538
vn 0.100766 0.917272 -0.385302
vn 0.101854 0.994799 0.000000
vn 0.097867 0.917412 0.385718
vn 0.095232 0.698631 0.709116
vn 0.090735 0.376311 0.922040
vn 0.084532 0.000089 0.996421
vn 0.077278 -0.376596 0.923149
vn 0.070224 -0.700009 0.710673
vn 0.065002 -0.919864 0.386813
vn 0.063064 -0.998010 -0.000001
vn 0.065002 -0.919865 -0.386811
vn 0.070224 -0.700009 -0.710673
vn 0.077278 -0.376597 -0.923148
vn 0.084532 0.000090 -0.996421
vn 0.090735 0.376312 -0.922039
vn 0.095232 0.698631 -0.709116
vn 0.097866 0.917412 -0.385717
vn 0.098723 0.995115 0.000000
vn 0.095911 0.917571 0.385829
vn 0.093710 0.698628 0.709322
vn 0.089882 0.376031 0.922237
vn 0.084508 -0.000459 0.996423
vn 0.078138 -0.377192 0.922833
vn 0.071888 -0.700371 0.710149
vn 0.067238 -0.919876 0.386404
vn 0.065509 -0.997852 -0.000000
vn 0.067238 -0.919875 -0.386406
vn 0.071888 -0.700371 -0.710150
vn 0.078138 -0.377191 -0.922833
vn 0.084508 -0.000459 -0.996423
vn 0.089882 0.376031 -0.922237
vn 0.093710 0.698629 -0.709321
vn 0.095911 0.917572 -0.385827
vn 0.096618 0.995322 0.000000
vn 0.094724 0.917710 0.385792
vn 0.092769 0.698722 0.709353
vn 0.089342 0.375894 0.922346
vn 0.084493 -0.000939 0.996424
vn 0.078716 -0.377840 0.922519
vn 0.073032 -0.700827 0.709583
vn 0.068799 -0.919955 0.385939
vn 0.067225 -0.997738 -0.000001
vn 0.068800 -0.919955 -0.385940
vn 0.073032 -0.700826 -0.709584
vn 0.078716 -0.377840 -0.922519
vn 0.084493 -0.000940 -0.996424
vn 0.089341 0.375892 -0.922347
vn 0.092768 0.698725 -0.709350
vn 0.094724 0.917711 -0.385789
vn 0.095348 0.995444 0.000000
vn 0.094290 0.917821 0.385635
vn 0.092397 0.698875 0.709250
vn 0.089105 0.375840 0.922391
vn 0.084482 -0.001382 0.996424
vn 0.079008 -0.378531 0.922210
vn 0.073652 -0.701372 0.708980
vn 0.069679 -0.920100 0.385436
vn 0.068205 -0.997671 -0.000001
vn 0.069679 -0.920101 -0.385433
vn 0.073652 -0.701374 -0.708978
vn 0.079008 -0.378534 -0.922209
vn 0.084482 -0.001385 -0.996424
vn 0.089105 0.375837 -0.922392
vn 0.092398 0.698872 -0.709253
vn 0.094291 0.917819 -0.385640
vn 0.094898 0.995487 -0.000000
vn 0.094682 0.917867 0.385429
vn 0.092650 0.699001 0.709093
vn 0.089200 0.375748 0.922419
vn 0.084470 -0.001927 0.996424
vn 0.078980 -0.379376 0.921865
vn 0.073686 -0.702061 0.708294
vn 0.069797 -0.920336 0.384851
vn 0.068361 -0.997661 -0.000000
vn 0.069797 -0.920338 -0.384847
vn 0.073685 -0.702064 -0.708292
vn 0.078979 -0.379377 -0.921865
vn 0.084470 -0.001927 -0.996424
vn 0.089200 0.375747 -0.922419
vn 0.092650 0.698997 -0.709098
vn 0.094682 0.917866 -0.385431
vn 0.095346 0.995444 0.000000
vn 0.096046 0.917838 0.385160
vn 0.093638 0.699099 0.708867
vn 0.089686 0.375639 0.922416
vn 0.084455 -0.002542 0.996424
vn 0.078566 -0.380346 0.921501
vn 0.073017 -0.702879 0.707552
vn 0.069005 -0.920662 0.384214
vn 0.067534 -0.997717 0.000000
vn 0.069005 -0.920661 -0.384215
vn 0.073017 -0.702877 -0.707554
vn 0.078566 -0.380343 -0.921502
vn 0.084455 -0.002541 -0.996424
vn 0.089685 0.375639 -0.922416
vn 0.093638 0.699099 -0.708867
vn 0.096046 0.917838 -0.385160
vn 0.096849 0.995299 0.000001
vn 0.098609 0.917694 0.384855
vn 0.095534 0.699103 0.708610
vn 0.090654 0.375416 0.922413
vn 0.084433 -0.003332 0.996424
vn 0.077666 -0.381535 0.921086
vn 0.071464 -0.703890 0.706705
vn 0.067066 -0.921108 0.383488
vn 0.065471 -0.997855 0.000000
vn 0.067067 -0.921105 -0.383494
vn 0.071465 -0.703886 -0.706709
vn 0.077666 -0.381534 -0.921086
vn 0.084433 -0.003332 -0.996424
vn 0.090654 0.375418 -0.922412
vn 0.095534 0.699105 -0.708608
vn 0.098609 0.917694 -0.384856
vn 0.099655 0.995022 0.000000
vn 0.102712 0.917377 0.384539
vn 0.098601 0.698936 0.708355
vn 0.092243 0.374985 0.922430
vn 0.084393 -0.004387 0.996423
vn 0.076121 -0.383020 0.920598
vn 0.068746 -0.705137 0.705730
vn 0.063618 -0.921696 0.382662
vn 0.061777 -0.998090 -0.000000
vn 0.063618 -0.921696 -0.382660
vn 0.068746 -0.705140 -0.705728
vn 0.076121 -0.383022 -0.920598
vn 0.084393 -0.004389 -0.996423
vn 0.092243 0.374984 -0.922431
vn 0.098602 0.698936 -0.708355
vn 0.102712 0.917377 -0.384538
vn 0.104131 0.994564 -0.000000
vn 0.108888 0.916776 0.384271
vn 0.103247 0.698445 0.708177
vn 0.094669 0.374171 0.922515
vn 0.084317 -0.005878 0.996422
vn 0.073677 -0.384918 0.920006
vn 0.064404 -0.706697 0.704579
vn 0.058069 -0.922461 0.381698
vn 0.055816 -0.998441 -0.000000
vn 0.058068 -0.922463 -0.381693
vn 0.064404 -0.706701 -0.704575
vn 0.073677 -0.384921 -0.920004
vn 0.084317 -0.005880 -0.996422
vn 0.094669 0.374170 -0.922515
vn 0.103247 0.698446 -0.708176
vn 0.108889 0.916776 -0.384271
vn 0.110854 0.993837 -0.000000
vn 0.117987 0.915679 0.384202
vn 0.110128 0.697310 0.708259
vn 0.098279 0.372598 0.922774
vn 0.084164 -0.008133 0.996419
vn 0.069888 -0.387463 0.919232
vn 0.057648 -0.708689 0.703162
vn 0.049395 -0.923447 0.380534
vn 0.046482 -0.998919 -0.000000
vn 0.049395 -0.923447 -0.380534
vn 0.057648 -0.708690 -0.703161
vn 0.069888 -0.387463 -0.919233
vn 0.084164 -0.008132 -0.996419
vn 0.098279 0.372601 -0.922773
vn 0.110127 0.697311 -0.708258
vn 0.117987 0.915679 -0.384202
vn 0.120737 0.992685 -0.000000
vn 0.131091 0.913801 0.384426
vn 0.120063 0.695291 0.708629
vn 0.103505 0.370284 0.923134
vn 0.083908 -0.010816 0.996415
vn 0.064258 -0.390160 0.918502
vn 0.047568 -0.710719 0.701866
vn 0.036405 -0.924482 0.379485
vn 0.032483 -0.999472 0.000000
vn 0.036405 -0.924481 -0.379485
vn 0.047568 -0.710718 -0.701867
vn 0.064258 -0.390160 -0.918502
vn 0.083909 -0.010817 -0.996415
vn 0.103506 0.370284 -0.923134
vn 0.120064 0.695289 -0.708631
vn 0.131092 0.913800 -0.384428
vn 0.134956 0.990852 0.000000
vn 0.148999 0.910778 0.385074
vn 0.133642 0.692000 0.709419
vn 0.110642 0.366910 0.923653
vn 0.083493 -0.014088 0.996409
vn 0.056351 -0.393010 0.917806
vn 0.033379 -0.712677 0.700698
vn 0.018065 -0.925402 0.378557
vn 0.012696 -0.999919 0.000000
vn 0.018065 -0.925401 -0.378558
vn 0.033379 -0.712678 -0.700697
vn 0.056351 -0.393013 -0.917805
vn 0.083493 -0.014090 -0.996409
vn 0.110642 0.366910 -0.923653
vn 0.133642 0.691997 -0.709422
vn 0.148999 0.910777 -0.385077
vn 0.154391 0.988010 0.000000
vn 0.170991 0.906569 0.385870
vn 0.150375 0.687746 0.710206
vn 0.119482 0.363227 0.924008
vn 0.082922 -0.016886 0.996413
vn 0.046249 -0.394919 0.917551
vn 0.015120 -0.713717 0.700271
vn -0.005670 -0.925703 0.378210
vn -0.012965 -0.999916 0.000000
vn -0.005670 -0.925703 -0.378209
vn 0.015119 -0.713717 -0.700271
vn 0.046249 -0.394919 -0.917551
vn 0.082922 -0.016886 -0.996413
vn 0.119481 0.363227 -0.924008
vn 0.150374 0.687748 -0.710204
vn 0.170990 0.906569 -0.385868
vn 0.178233 0.983988 0.000000
vn 0.197164 0.900761 0.386984
vn 0.170269 0.682084 0.711175
vn 0.129997 0.358884 0.924285
vn 0.082174 -0.019296 0.996431
vn 0.033902 -0.395656 0.917773
vn -0.007348 -0.713421 0.700697
vn -0.035045 -0.924919 0.378545
vn -0.044790 -0.998996 0.000000
vn -0.035045 -0.924920 -0.378544
vn -0.007348 -0.713420 -0.700698
vn 0.033902 -0.395655 -0.917773
vn 0.082174 -0.019297 -0.996431
vn 0.129997 0.358881 -0.924286
vn 0.170269 0.682084 -0.711175
vn 0.197162 0.900762 -0.386982
vn 0.206637 0.978418 0.000001
vn 0.226683 0.893473 0.387713
vn 0.192706 0.675607 0.711632
vn 0.141904 0.354647 0.924169
vn 0.081367 -0.020551 0.996472
vn 0.019793 -0.394513 0.918677
vn -0.033309 -0.711157 0.702244
vn -0.069241 -0.922495 0.379747
vn -0.081939 -0.996637 0.000000
vn -0.069241 -0.922496 -0.379747
vn -0.033309 -0.711156 -0.702244
vn 0.019793 -0.394513 -0.918677
vn 0.081367 -0.020552 -0.996472
vn 0.141904 0.354648 -0.924169
vn 0.192706 0.675608 -0.711631
vn 0.226684 0.893471 -0.387715
vn 0.238695 0.971095 0.000000
vn 0.257393 0.885321 0.387241
vn 0.216205 0.669349 0.710793
vn 0.154550 0.351536 0.923329
vn 0.080742 -0.019957 0.996535
vn 0.005034 -0.391084 0.920341
vn -0.060927 -0.706647 0.704938
vn -0.105959 -0.918150 0.381804
vn -0.121955 -0.992536 -0.000000
vn -0.105960 -0.918149 -0.381805
vn -0.060927 -0.706647 -0.704938
vn 0.005034 -0.391084 -0.920341
vn 0.080742 -0.019956 -0.996535
vn 0.154549 0.351538 -0.923329
vn 0.216206 0.669348 -0.710794
vn 0.257396 0.885318 -0.387245
vn 0.271954 0.962310 -0.000001
vn 0.286172 0.877151 0.385632
vn 0.238572 0.664011 0.708642
vn 0.166920 0.350049 0.921739
vn 0.080555 -0.017366 0.996599
vn -0.008853 -0.385595 0.922626
vn -0.087558 -0.700267 0.708491
vn -0.141762 -0.912192 0.384461
vn -0.161110 -0.986937 -0.000000
vn -0.141762 -0.912191 -0.384462
vn -0.087558 -0.700269 -0.708489
vn -0.008853 -0.385598 -0.922624
vn 0.080554 -0.017366 -0.996599
vn 0.166920 0.350048 -0.921740
vn 0.238573 0.664007 -0.708645
vn 0.286174 0.877149 -0.385634
vn 0.302928 0.953013 -0.000001
vn 0.310399 0.869720 0.383718
vn 0.257718 0.659690 0.705968
vn 0.177881 0.349880 0.919751
vn 0.080881 -0.013451 0.996633
vn -0.020482 -0.379046 0.925151
vn -0.110571 -0.693100 0.712311
vn -0.173090 -0.905576 0.387264
vn -0.195496 -0.980704 0.000000
vn -0.173090 -0.905576 -0.387263
vn -0.110571 -0.693101 -0.712310
vn -0.020482 -0.379049 -0.925150
vn 0.080881 -0.013452 -0.996633
vn 0.177881 0.349881 -0.919751
vn 0.257718 0.659690 -0.705968
vn 0.310399 0.869720 -0.383718
vn 0.328857 0.944380 -0.000000
vn 0.328997 0.863621 0.381993
vn 0.272585 0.656464 0.703386
vn 0.186680 0.350536 0.917755
vn 0.081586 -0.009203 0.996624
vn -0.029146 -0.372727 0.927483
vn -0.128339 -0.686466 0.715747
vn -0.197573 -0.899488 0.389726
vn -0.222458 -0.974942 0.000000
vn -0.197573 -0.899488 -0.389726
vn -0.128339 -0.686465 -0.715747
vn -0.029146 -0.372725 -0.927484
vn 0.081586 -0.009201 -0.996624
vn 0.186680 0.350537 -0.917755
vn 0.272584 0.656466 -0.703385
vn 0.328996 0.863622 -0.381992
vn 0.348710 0.937231 0.000000
vn 0.342147 0.859181 0.380452
vn 0.283188 0.654453 0.701067
vn 0.193135 0.351656 0.915990
vn 0.082418 -0.005442 0.996583
vn -0.034929 -0.367674 0.929299
vn -0.140601 -0.681367 0.718311
vn -0.214611 -0.894802 0.391499
vn -0.241252 -0.970462 0.000000
vn -0.214611 -0.894803 -0.391498
vn -0.140601 -0.681368 -0.718310
vn -0.034929 -0.367674 -0.929299
vn 0.082418 -0.005442 -0.996583
vn 0.193135 0.351654 -0.915990
vn 0.283187 0.654454 -0.701067
vn 0.342146 0.859182 -0.380451
vn 0.362727 0.931895 0.000000
vn 0.350712 0.856379 0.378968
vn 0.290181 0.653629 0.698974
vn 0.197504 0.353049 0.914521
vn 0.083178 -0.002547 0.996532
vn -0.038401 -0.364310 0.930486
vn -0.148140 -0.678161 0.719828
vn -0.225078 -0.891805 0.392459
vn -0.252778 -0.967524 -0.000000
vn -0.225078 -0.891805 -0.392459
vn -0.148140 -0.678161 -0.719827
vn -0.038401 -0.364310 -0.930486
vn 0.083178 -0.002547 -0.996532
vn 0.197504 0.353047 -0.914522
vn 0.290180 0.653629 -0.698974
vn 0.350711 0.856380 -0.378967
vn 0.371816 0.928306 0.000000
vn 0.355778 0.854956 0.377456
vn 0.294429 0.653829 0.697008
vn 0.200255 0.354652 0.913302
vn 0.083796 -0.000457 0.996483
vn -0.040212 -0.362477 0.931125
vn -0.152131 -0.676649 0.720419
vn -0.230513 -0.890307 0.392704
vn -0.258706 -0.965956 -0.000000
vn -0.230513 -0.890307 -0.392705
vn -0.152131 -0.676649 -0.720419
vn -0.040213 -0.362476 -0.931125
vn 0.083796 -0.000457 -0.996483
vn 0.200255 0.354652 -0.913302
vn 0.294429 0.653828 -0.697008
vn 0.355777 0.854956 -0.377456
vn 0.377131 0.926160 -0.000000
vn 0.358338 0.854536 0.375981
vn 0.296695 0.654711 0.695217
vn 0.201799 0.356288 0.912324
vn 0.084232 0.000892 0.996446
vn -0.040938 -0.361896 0.931319
vn -0.153684 -0.676459 0.720267
vn -0.232438 -0.889948 0.392385
vn -0.260714 -0.965416 0.000000
vn -0.232438 -0.889948 -0.392385
vn -0.153684 -0.676460 -0.720266
vn -0.040938 -0.361896 -0.931319
vn 0.084232 0.000892 -0.996446
vn 0.201799 0.356288 -0.912324
vn 0.296695 0.654711 -0.695216
vn 0.358339 0.854536 -0.375982
vn 0.379751 0.925089 -0.000000
vn 0.358776 0.855134 0.374200
vn 0.297372 0.656642 0.693102
vn 0.202513 0.358693 0.911223
vn 0.084754 0.002437 0.996399
vn -0.040537 -0.361689 0.931417
vn -0.153072 -0.676982 0.719905
vn -0.231415 -0.890430 0.391894
vn -0.259483 -0.965748 -0.000000
vn -0.231415 -0.890430 -0.391894
vn -0.153072 -0.676983 -0.719905
vn -0.040537 -0.361689 -0.931417
vn 0.084754 0.002437 -0.996399
vn 0.202513 0.358692 -0.911224
vn 0.297373 0.656642 -0.693102
vn 0.358775 0.855134 -0.374200
vn 0.380047 0.924967 -0.000000
vn 0.356424 0.856927 0.372342
vn 0.295897 0.659635 0.690888
vn 0.202075 0.361901 0.910051
vn 0.085414 0.004409 0.996336
vn -0.038572 -0.361503 0.931573
vn -0.149596 -0.677998 0.719681
vn -0.226636 -0.891818 0.391531
vn -0.254183 -0.967156 -0.000000
vn -0.226636 -0.891818 -0.391531
vn -0.149596 -0.677998 -0.719680
vn -0.038572 -0.361503 -0.931573
vn 0.085413 0.004408 -0.996336
vn 0.202074 0.361901 -0.910051
vn 0.295896 0.659636 -0.690887
vn 0.356424 0.856927 -0.372342
vn 0.377335 0.926077 0.000000
vn 0.350887 0.859971 0.370578
vn 0.291896 0.663559 0.688830
vn 0.200178 0.365545 0.909013
vn 0.086028 0.006271 0.996273
vn -0.035041 -0.361862 0.931573
vn -0.143036 -0.679851 0.719265
vn -0.217699 -0.894246 0.391063
vn -0.244339 -0.969690 0.000000
vn -0.217698 -0.894247 -0.391062
vn -0.143036 -0.679853 -0.719264
vn -0.035041 -0.361862 -0.931573
vn 0.086028 0.006273 -0.996273
vn 0.200178 0.365547 -0.909013
vn 0.291896 0.663560 -0.688829
vn 0.350887 0.859971 -0.370578
vn 0.371214 0.928547 -0.000000
vn 0.342241 0.864127 0.368992
vn 0.285409 0.668245 0.687015
vn 0.196832 0.369503 0.908144
vn 0.086573 0.008034 0.996213
vn -0.030040 -0.362616 0.931454
vn -0.133604 -0.682318 0.718744
vn -0.204929 -0.897478 0.390560
vn -0.230325 -0.973114 0.000001
vn -0.204928 -0.897479 -0.390559
vn -0.133605 -0.682317 -0.718744
vn -0.030041 -0.362615 -0.931455
vn 0.086573 0.008035 -0.996213
vn 0.196832 0.369503 -0.908143
vn 0.285410 0.668243 -0.687018
vn 0.342243 0.864126 -0.368994
vn 0.361779 0.932264 -0.000000
vn 0.330370 0.869293 0.367675
vn 0.276333 0.673557 0.685537
vn 0.191982 0.373708 0.907461
vn 0.087060 0.009814 0.996155
vn -0.023531 -0.363479 0.931305
vn -0.121306 -0.685081 0.718296
vn -0.188406 -0.901259 0.390175
vn -0.212260 -0.977213 0.000000
vn -0.188407 -0.901257 -0.390177
vn -0.121307 -0.685080 -0.718297
vn -0.023531 -0.363481 -0.931305
vn 0.087060 0.009813 -0.996155
vn 0.191981 0.373706 -0.907462
vn 0.276332 0.673557 -0.685537
vn 0.330369 0.869294 -0.367675
vn 0.348913 0.937155 -0.000000
vn 0.314963 0.875389 0.366733
vn 0.264414 0.679370 0.684501
vn 0.185484 0.378082 0.907001
vn 0.087482 0.011688 0.996098
vn -0.015419 -0.364225 0.931183
vn -0.106012 -0.687849 0.718070
vn -0.168012 -0.905338 0.390045
vn -0.190032 -0.981778 0.000000
vn -0.168013 -0.905337 -0.390048
vn -0.106012 -0.687850 -0.718070
vn -0.015419 -0.364225 -0.931184
vn 0.087482 0.011688 -0.996098
vn 0.185484 0.378079 -0.907002
vn 0.264414 0.679368 -0.684503
vn 0.314963 0.875389 -0.366733
vn 0.332295 0.943175 -0.000000
vn 0.295539 0.882323 0.366282
vn 0.249276 0.685527 0.684043
vn 0.177128 0.382507 0.906815
vn 0.087814 0.013706 0.996043
vn -0.005577 -0.364615 0.931142
vn -0.087509 -0.690312 0.718200
vn -0.143497 -0.909440 0.390292
vn -0.163379 -0.986563 0.000000
vn -0.143497 -0.909439 -0.390294
vn -0.087509 -0.690313 -0.718200
vn -0.005577 -0.364614 -0.931142
vn 0.087813 0.013707 -0.996043
vn 0.177127 0.382507 -0.906815
vn 0.249275 0.685527 -0.684043
vn 0.295539 0.882323 -0.366282
vn 0.311405 0.950277 -0.000000
vn 0.271447 0.889958 0.366457
vn 0.230425 0.691824 0.684313
vn 0.166642 0.386823 0.906972
vn 0.088012 0.015894 0.995993
vn 0.006133 -0.364398 0.931223
vn -0.065535 -0.692107 0.718813
vn -0.114531 -0.913213 0.391055
vn -0.131961 -0.991255 -0.000000
vn -0.114532 -0.913213 -0.391056
vn -0.065535 -0.692110 -0.718811
vn 0.006134 -0.364399 -0.931223
vn 0.088012 0.015895 -0.995993
vn 0.166642 0.386823 -0.906972
vn 0.230425 0.691825 -0.684312
vn 0.271447 0.889958 -0.366457
vn 0.285536 0.958368 0.000000
vn 0.241874 0.898059 0.367406
vn 0.207268 0.697966 0.685481
vn 0.153708 0.390802 0.907551
vn 0.088015 0.018256 0.995952
vn 0.019843 -0.363306 0.931459
vn -0.039821 -0.692794 0.720035
vn -0.080752 -0.916209 0.392479
vn -0.095372 -0.995442 -0.000000
vn -0.080752 -0.916209 -0.392478
vn -0.039821 -0.692795 -0.720035
vn 0.019844 -0.363306 -0.931459
vn 0.088015 0.018255 -0.995952
vn 0.153709 0.390801 -0.907551
vn 0.207268 0.697965 -0.685481
vn 0.241874 0.898059 -0.367407
vn 0.253790 0.967259 -0.000000
vn 0.205854 0.906232 0.369281
vn 0.179131 0.703526 0.687723
vn 0.137985 0.394132 0.908637
vn 0.087740 0.020758 0.995927
vn 0.035648 -0.361044 0.931867
vn -0.010131 -0.691841 0.721979
vn -0.041807 -0.917853 0.394713
vn -0.053211 -0.998583 -0.000000
vn -0.041807 -0.917853 -0.394713
vn -0.010132 -0.691842 -0.721978
vn 0.035647 -0.361044 -0.931867
vn 0.087739 0.020758 -0.995927
vn 0.137985 0.394132 -0.908636
vn 0.179130 0.703528 -0.687722
vn 0.205853 0.906232 -0.369281
vn 0.215086 0.976595 -0.000001
vn 0.144889 0.917456 0.370516
vn 0.136290 0.712072 0.688751
vn 0.117101 0.398641 0.909600
vn 0.087086 0.023318 0.995928
vn 0.053577 -0.357310 0.932448
vn 0.023681 -0.688643 0.724713
vn 0.002589 -0.917428 0.397893
vn -0.005124 -0.999987 -0.000001
vn 0.002590 -0.917428 -0.397893
vn 0.023682 -0.688645 -0.724712
vn 0.053577 -0.357311 -0.932448
vn 0.087086 0.023318 -0.995928
vn 0.117101 0.398640 -0.909601
vn 0.136290 0.712074 -0.688750
vn 0.144889 0.917456 -0.370515
vn 0.147252 0.989099 -0.000000
vn 0.051101 0.925214 0.375989
vn 0.058969 0.715715 0.695898
vn 0.068237 0.402323 0.912951
vn 0.072984 0.032624 0.996799
vn 0.070622 -0.346772 0.935287
vn 0.061599 -0.682551 0.728238
vn 0.052555 -0.914083 0.402107
vn 0.049097 -0.998794 -0.000000
vn 0.052556 -0.914084 -0.402106
vn 0.061599 -0.682553 -0.728235
vn 0.070622 -0.346775 -0.935286
vn 0.072984 0.032623 -0.996799
vn 0.068238 0.402322 -0.912952
vn 0.058969 0.715716 -0.695897
vn 0.051101 0.925214 -0.375989
vn 0.048206 0.998837 -0.000000
vn -0.014267 0.925167 0.379292
vn 0.003484 0.714225 0.699907
vn 0.028424 0.401320 0.915497
vn 0.054398 0.033311 0.997963
vn 0.077544 -0.337010 0.938302
vn 0.097160 -0.666989 0.738706
vn 0.107980 -0.906884 0.407310
vn 0.109457 -0.993992 0.000001
vn 0.107979 -0.906884 -0.407310
vn 0.097159 -0.666990 -0.738705
vn 0.077543 -0.337012 -0.938302
vn 0.054398 0.033311 -0.997964
vn 0.028424 0.401321 -0.915496
vn 0.003485 0.714226 -0.699906
vn -0.014266 0.925167 -0.379292
vn -0.020661 0.999787 0.000000
vn -0.060633 0.922206 0.381917
vn -0.031586 0.711077 0.702404
vn 0.008300 0.399262 0.916799
vn 0.048762 0.032910 0.998268
vn 0.082489 -0.332968 0.939323
vn 0.117462 -0.654703 0.746704
vn 0.157376 -0.892921 0.421812
vn 0.175607 -0.984460 0.000001
vn 0.157376 -0.892921 -0.421812
vn 0.117462 -0.654701 -0.746705
vn 0.082489 -0.332967 -0.939323
vn 0.048761 0.032909 -0.998268
vn 0.008300 0.399263 -0.916799
vn -0.031586 0.711078 -0.702404
vn -0.060633 0.922206 -0.381917
vn -0.071275 0.997457 0.000000
vn -0.111359 0.915663 0.386212
vn -0.069247 0.704173 0.706644
vn -0.011713 0.395963 0.918192
vn 0.047911 0.036250 0.998194
vn 0.097670 -0.326854 0.940014
vn 0.137775 -0.644575 0.752024
vn 0.189910 -0.879191 0.436986
vn 0.229214 -0.973376 -0.000000
vn 0.189911 -0.879191 -0.436986
vn 0.137776 -0.644575 -0.752025
vn 0.097670 -0.326854 -0.940014
vn 0.047911 0.036250 -0.998194
vn -0.011713 0.395964 -0.918192
vn -0.069247 0.704174 -0.706643
vn -0.111359 0.915663 -0.386212
vn -0.126963 0.991907 0.000000
vn -0.165875 0.904816 0.392166
vn -0.109051 0.692862 0.712776
vn -0.032516 0.389350 0.920516
vn 0.047130 0.039040 0.998126
vn 0.116081 -0.314660 0.942080
vn 0.168719 -0.632152 0.756253
vn 0.216784 -0.871025 0.440818
vn 0.249000 -0.968503 0.000000
vn 0.216784 -0.871024 -0.440819
vn 0.168719 -0.632152 -0.756253
vn 0.116081 -0.314663 -0.942079
vn 0.047130 0.039040 -0.998126
vn -0.032516 0.389350 -0.920516
vn -0.109052 0.692863 -0.712775
vn -0.165875 0.904816 -0.392165
vn -0.187245 0.982313 -0.000000
vn -0.223253 0.889080 0.399618
vn -0.150103 0.676927 0.720582
vn -0.053493 0.379427 0.923674
vn 0.046436 0.040870 0.998085
vn 0.134751 -0.300615 0.944178
vn 0.203886 -0.613591 0.762848
vn 0.253008 -0.859107 0.444885
vn 0.275167 -0.961396 0.000001
vn 0.253008 -0.859107 -0.444885
vn 0.203885 -0.613593 -0.762847
vn 0.134751 -0.300613 -0.944179
vn 0.046436 0.040869 -0.998085
vn -0.053493 0.379425 -0.923675
vn -0.150103 0.676926 -0.720584
vn -0.223253 0.889080 -0.399618
vn -0.251235 0.967926 -0.000000
vn -0.282239 0.868141 0.408255
vn -0.191338 0.656487 0.729667
vn -0.073990 0.366501 0.927471
vn 0.045947 0.041802 0.998069
vn 0.153121 -0.285183 0.946163
vn 0.240685 -0.589948 0.770735
vn 0.304536 -0.837795 0.453164
vn 0.330390 -0.943844 -0.000000
vn 0.304534 -0.837798 -0.453160
vn 0.240684 -0.589950 -0.770734
vn 0.153121 -0.285186 -0.946162
vn 0.045947 0.041801 -0.998069
vn -0.073990 0.366500 -0.927472
vn -0.191339 0.656485 -0.729669
vn -0.282239 0.868140 -0.408256
vn -0.317650 0.948208 0.000000
vn -0.341432 0.842002 0.417680
vn -0.231686 0.631966 0.739555
vn -0.093398 0.351076 0.931677
vn 0.045785 0.041938 0.998071
vn 0.170814 -0.268716 0.947953
vn 0.276491 -0.563333 0.778594
vn 0.357968 -0.810935 0.462864
vn 0.392399 -0.919795 -0.000000
vn 0.357968 -0.810935 -0.462864
vn 0.276491 -0.563336 -0.778592
vn 0.170815 -0.268719 -0.947952
vn 0.045785 0.041937 -0.998071
vn -0.093398 0.351075 -0.931678
vn -0.231686 0.631965 -0.739556
vn -0.341432 0.842002 -0.417681
vn -0.384981 0.922924 0.000000
vn -0.399241 0.811186 0.427299
vn -0.270130 0.604270 0.749592
vn -0.111268 0.333985 0.935988
vn 0.045992 0.041541 0.998078
vn 0.187525 -0.251627 0.949483
vn 0.310588 -0.534365 0.786123
vn 0.410249 -0.779925 0.472665
vn 0.454024 -0.890990 -0.000000
vn 0.410251 -0.779924 -0.472666
vn 0.310590 -0.534361 -0.786125
vn 0.187525 -0.251623 -0.949484
vn 0.045992 0.041542 -0.998078
vn -0.111268 0.333986 -0.935987
vn -0.270129 0.604272 -0.749590
vn -0.399240 0.811187 -0.427298
vn -0.451388 0.892328 0.000000
vn -0.452032 0.778148 0.436065
vn -0.304510 0.575606 0.758915
vn -0.126438 0.316113 0.940259
vn 0.047392 0.039386 0.998100
vn 0.204022 -0.237249 0.949783
vn 0.343469 -0.507405 0.790297
vn 0.460853 -0.747487 0.478412
vn 0.513795 -0.857913 -0.000001
vn 0.460855 -0.747483 -0.478415
vn 0.343471 -0.507400 -0.790299
vn 0.204022 -0.237251 -0.949783
vn 0.047392 0.039386 -0.998100
vn -0.126438 0.316114 -0.940258
vn -0.304509 0.575607 -0.758914
vn -0.452032 0.778148 -0.436065
vn -0.512440 0.858723 0.000000
vn -0.495473 0.746589 0.443972
vn -0.331711 0.548646 0.767435
vn -0.137228 0.299019 0.944328
vn 0.050048 0.036002 0.998098
vn 0.218226 -0.226133 0.949337
vn 0.369856 -0.484449 0.792790
vn 0.500755 -0.718363 0.482907
vn 0.561078 -0.827763 -0.000000
vn 0.500755 -0.718362 -0.482908
vn 0.369856 -0.484452 -0.792788
vn 0.218227 -0.226131 -0.949338
vn 0.050049 0.036003 -0.998098
vn -0.137228 0.299019 -0.944329
vn -0.331711 0.548644 -0.767436
vn -0.495473 0.746589 -0.443973
vn -0.563278 0.826268 0.000000
vn -0.527439 0.720963 0.449467
vn -0.351228 0.527601 0.773483
vn -0.144226 0.286022 0.947307
vn 0.053031 0.033416 0.998034
vn 0.229388 -0.217743 0.948667
vn 0.389437 -0.466592 0.794123
vn 0.529994 -0.694858 0.486085
vn 0.595899 -0.803060 0.000000
vn 0.529993 -0.694860 -0.486083
vn 0.389437 -0.466593 -0.794122
vn 0.229388 -0.217745 -0.948667
vn 0.053031 0.033417 -0.998034
vn -0.144226 0.286021 -0.947307
vn -0.351228 0.527602 -0.773483
vn -0.527439 0.720963 -0.449467
vn -0.600899 0.799325 -0.000000
vn -0.549685 0.702276 0.452388
vn -0.364799 0.513073 0.776967
vn -0.148696 0.277394 0.949180
vn 0.055919 0.031807 0.997929
vn 0.238155 -0.211964 0.947815
vn 0.403987 -0.454003 0.794151
vn 0.551017 -0.677427 0.487312
vn 0.620669 -0.784073 0.000000
vn 0.551017 -0.677427 -0.487311
vn 0.403986 -0.454007 -0.794149
vn 0.238154 -0.211967 -0.947815
vn 0.055920 0.031804 -0.997929
vn -0.148696 0.277395 -0.949180
vn -0.364798 0.513074 -0.776967
vn -0.549685 0.702276 -0.452388
vn -0.626933 0.779073 -0.000000
vn -0.564189 0.690144 0.453202
vn -0.373815 0.504370 0.778379
vn -0.151347 0.272476 0.950185
vn 0.058672 0.030853 0.997800
vn 0.245104 -0.208714 0.946764
vn 0.415782 -0.444936 0.793194
vn 0.570711 -0.660027 0.488522
vn 0.646054 -0.763292 0.000000
vn 0.570712 -0.660026 -0.488522
vn 0.415782 -0.444935 -0.793195
vn 0.245104 -0.208714 -0.946764
vn 0.058672 0.030854 -0.997800
vn -0.151346 0.272475 -0.950185
vn -0.373815 0.504371 -0.778378
vn -0.564189 0.690144 -0.453202
vn -0.643611 0.765352 -0.000001
vn -0.572439 0.683919 0.452292
vn -0.379239 0.500747 0.778094
vn -0.152627 0.270682 0.950493
vn 0.061283 0.030340 0.997659
vn 0.251371 -0.207259 0.945440
vn 0.426477 -0.435419 0.792797
vn 0.589674 -0.640816 0.491568
vn 0.672446 -0.740147 0.000000
vn 0.589674 -0.640817 -0.491567
vn 0.426478 -0.435419 -0.792797
vn 0.251371 -0.207261 -0.945439
vn 0.061283 0.030340 -0.997659
vn -0.152627 0.270682 -0.950493
vn -0.379239 0.500748 -0.778093
vn -0.572439 0.683920 -0.452291
vn -0.652676 0.757637 -0.000000
vn -0.575515 0.682871 0.449966
vn -0.381720 0.501503 0.776392
vn -0.152816 0.271536 0.950219
vn 0.063763 0.030118 0.997511
vn 0.257889 -0.206514 0.943846
vn 0.435794 -0.424581 0.793609
vn 0.603407 -0.625803 0.494237
vn 0.687251 -0.726420 -0.000000
vn 0.603407 -0.625803 -0.494237
vn 0.435793 -0.424585 -0.793607
vn 0.257888 -0.206517 -0.943846
vn 0.063763 0.030116 -0.997511
vn -0.152816 0.271535 -0.950219
vn -0.381721 0.501502 -0.776392
vn -0.575515 0.682872 -0.449965
vn -0.655442 0.755246 -0.000000
vn -0.574183 0.686290 0.446452
vn -0.381684 0.506034 0.773464
vn -0.152087 0.274664 0.949436
vn 0.067801 0.027270 0.997326
vn 0.261781 -0.203805 0.943363
vn 0.442516 -0.418247 0.793252
vn 0.610994 -0.619237 0.493185
vn 0.692783 -0.721146 -0.000000
vn 0.610996 -0.619235 -0.493186
vn 0.442516 -0.418248 -0.793252
vn 0.261782 -0.203805 -0.943363
vn 0.067801 0.027269 -0.997326
vn -0.152086 0.274661 -0.949437
vn -0.381683 0.506035 -0.773464
vn -0.574186 0.686288 -0.446453
vn -0.652882 0.757460 -0.000001
vn -0.568991 0.693505 0.441929
vn -0.379404 0.513814 0.769447
vn -0.150537 0.279764 0.948193
vn 0.072714 0.023226 0.997082
vn 0.265586 -0.205160 0.942005
vn 0.445740 -0.416256 0.792494
vn 0.614223 -0.620260 0.487860
vn 0.694416 -0.719574 0.000000
vn 0.614222 -0.620262 -0.487859
vn 0.445741 -0.416253 -0.792495
vn 0.265586 -0.205160 -0.942005
vn 0.072714 0.023224 -0.997082
vn -0.150537 0.279769 -0.948192
vn -0.379404 0.513815 -0.769445
vn -0.568993 0.693501 -0.441930
vn -0.645699 0.763592 -0.000000
vn -0.560336 0.703891 0.436534
vn -0.375064 0.524374 0.764434
vn -0.147558 0.276744 0.949547
vn 0.072977 0.019336 0.997146
vn 0.266962 -0.208324 0.940921
vn 0.448316 -0.420281 0.788909
vn 0.614885 -0.624261 0.481887
vn 0.692823 -0.721107 0.000000
vn 0.614885 -0.624260 -0.481888
vn 0.448316 -0.420280 -0.788909
vn 0.266962 -0.208324 -0.940921
vn 0.072977 0.019336 -0.997146
vn -0.147558 0.276745 -0.949547
vn -0.375063 0.524373 -0.764435
vn -0.560335 0.703891 -0.436535
vn -0.634437 0.772975 -0.000000
vn -0.548537 0.716848 0.430391
vn -0.368779 0.537276 0.758509
vn -0.141162 0.271014 0.952169
vn 0.074226 0.009112 0.997200
vn 0.266152 -0.212014 0.940326
vn 0.449731 -0.428087 0.783890
vn 0.613334 -0.630716 0.475414
vn 0.688524 -0.725214 0.000000
vn 0.613333 -0.630717 -0.475414
vn 0.449731 -0.428089 -0.783889
vn 0.266152 -0.212013 -0.940326
vn 0.074227 0.009113 -0.997200
vn -0.141162 0.271014 -0.952168
vn -0.368778 0.537278 -0.758508
vn -0.548535 0.716849 -0.430391
vn -0.619546 0.784960 -0.000000
vn -0.533836 0.731833 0.423603
vn -0.362958 0.543040 0.757211
vn -0.137931 0.265354 0.954234
vn 0.075563 0.002452 0.997138
vn 0.266440 -0.217729 0.938938
vn 0.449910 -0.437544 0.778548
vn 0.609841 -0.639159 0.468583
vn 0.681943 -0.731405 -0.000000
vn 0.609840 -0.639162 -0.468581
vn 0.449910 -0.437544 -0.778547
vn 0.266440 -0.217727 -0.938938
vn 0.075564 0.002452 -0.997138
vn -0.137931 0.265356 -0.954233
vn -0.362957 0.543041 -0.757211
vn -0.533835 0.731834 -0.423603
vn -0.601378 0.798965 0.000000
vn -0.516465 0.748320 0.416271
vn -0.356071 0.537741 0.764231
vn -0.140053 0.251765 0.957601
vn 0.073163 -0.002124 0.997318
vn 0.266908 -0.224758 0.937147
vn 0.448912 -0.448336 0.772964
vn 0.604617 -0.649176 0.461529
vn 0.673427 -0.739254 -0.000000
vn 0.604617 -0.649177 -0.461528
vn 0.448912 -0.448336 -0.772963
vn 0.266908 -0.224758 -0.937147
vn 0.073163 -0.002124 -0.997318
vn -0.140053 0.251764 -0.957601
vn -0.356071 0.537739 -0.764232
vn -0.516465 0.748320 -0.416271
vn -0.580258 0.814433 0.000000
vn -0.496663 0.765802 0.408501
vn -0.340743 0.536971 0.771723
vn -0.135271 0.241160 0.961012
vn 0.071212 -0.004906 0.997449
vn 0.266760 -0.232419 0.935318
vn 0.446772 -0.460171 0.767227
vn 0.597838 -0.660392 0.454392
vn 0.663259 -0.748390 0.000000
vn 0.597839 -0.660391 -0.454392
vn 0.446771 -0.460171 -0.767227
vn 0.266760 -0.232419 -0.935318
vn 0.071212 -0.004906 -0.997449
vn -0.135271 0.241160 -0.961012
vn -0.340744 0.536972 -0.771722
vn -0.496664 0.765801 -0.408501
vn -0.556523 0.830832 0.000000
vn -0.491208 0.764842 0.416811
vn -0.345109 0.525460 0.777683
vn -0.134496 0.238692 0.961737
vn 0.071983 -0.005754 0.997389
vn 0.265979 -0.240559 0.933481
vn 0.443505 -0.472762 0.761445
vn 0.589649 -0.672476 0.447314
vn 0.651678 -0.758496 0.000000
vn 0.589649 -0.672476 -0.447314
vn 0.443506 -0.472763 -0.761445
vn 0.265980 -0.240558 -0.933481
vn 0.071983 -0.005753 -0.997389
vn -0.134496 0.238691 -0.961737
vn -0.345109 0.525459 -0.777684
vn -0.491208 0.764842 -0.416812
vn -0.530515 0.847675 -0.000000
vn -0.477468 0.764403 0.433258
vn -0.344720 0.506110 0.790583
vn -0.137574 0.238413 0.961370
vn 0.072694 -0.006582 0.997333
vn 0.264538 -0.249020 0.931670
vn 0.439118 -0.485847 0.755731
vn 0.580170 -0.685141 0.440437
vn 0.638887 -0.769301 -0.000000
vn 0.580170 -0.685142 -0.440436
vn 0.439119 -0.485847 -0.755730
vn 0.264538 -0.249018 -0.931670
vn 0.072695 -0.006582 -0.997333
vn -0.137574 0.238413 -0.961370
vn -0.344720 0.506109 -0.790583
vn -0.477468 0.764403 -0.433259
vn -0.502566 0.864539 -0.000000
vn -0.475621 0.757431 0.447306
vn -0.336389 0.507368 0.793360
vn -0.132798 0.245678 0.960212
vn 0.073340 -0.007380 0.997280
vn 0.262412 -0.257639 0.929926
vn 0.433616 -0.499165 0.750208
vn 0.569505 -0.698139 0.433896
vn 0.625050 -0.780585 -0.000000
vn 0.569506 -0.698138 -0.433896
vn 0.433617 -0.499164 -0.750208
vn 0.262411 -0.257639 -0.929926
vn 0.073340 -0.007380 -0.997280
vn -0.132797 0.245679 -0.960212
vn -0.336389 0.507367 -0.793361
vn -0.475621 0.757431 -0.447307
vn -0.506992 0.861951 0.000000
vn -0.491390 0.739240 0.460500
vn -0.332949 0.511185 0.792361
vn -0.127092 0.253294 0.959004
vn 0.073901 -0.008122 0.997233
vn 0.259571 -0.266245 0.928298
vn 0.427006 -0.512468 0.745012
vn 0.557751 -0.711250 0.427828
vn 0.610301 -0.792170 -0.000000
vn 0.557751 -0.711250 -0.427828
vn 0.427006 -0.512470 -0.745010
vn 0.259571 -0.266246 -0.928297
vn 0.073901 -0.008122 -0.997233
vn -0.127093 0.253293 -0.959005
vn -0.332949 0.511185 -0.792360
vn -0.491390 0.739240 -0.460500
vn -0.544926 0.838484 0.000000
vn -0.487537 0.740967 0.461817
vn -0.320555 0.523431 0.789471
vn -0.120743 0.260869 0.957794
vn 0.074378 -0.008804 0.997191
vn 0.256010 -0.274692 0.926825
vn 0.419305 -0.525558 0.740252
vn 0.544985 -0.724310 0.422334
vn 0.594750 -0.803911 0.000000
vn 0.544986 -0.724310 -0.422334
vn 0.419305 -0.525558 -0.740251
vn 0.256010 -0.274692 -0.926824
vn 0.074378 -0.008804 -0.997191
vn -0.120743 0.260868 -0.957794
vn -0.320555 0.523430 -0.789472
vn -0.487537 0.740967 -0.461818
vn -0.555414 0.831574 0.000000
vn -0.464655 0.757166 0.459124
vn -0.304535 0.537428 0.786403
vn -0.113803 0.268276 0.956596
vn 0.074751 -0.009388 0.997158
vn 0.251717 -0.282807 0.925559
vn 0.410538 -0.538214 0.736060
vn 0.531291 -0.737154 0.417533
vn 0.578497 -0.815684 -0.000000
vn 0.531293 -0.737152 -0.417533
vn 0.410539 -0.538213 -0.736060
vn 0.251717 -0.282806 -0.925559
vn 0.074751 -0.009388 -0.997158
vn -0.113802 0.268277 -0.956596
vn -0.304535 0.537426 -0.786404
vn -0.464655 0.757166 -0.459125
vn -0.531139 0.847285 0.000000
vn -0.437981 0.774538 0.456358
vn -0.287482 0.550833 0.783542
vn -0.106295 0.275385 0.955440
vn 0.075043 -0.009899 0.997131
vn 0.246727 -0.290513 0.924515
vn 0.400754 -0.550328 0.732486
vn 0.516721 -0.749704 0.413453
vn 0.561577 -0.827425 -0.000000
vn 0.516720 -0.749705 -0.413452
vn 0.400753 -0.550329 -0.732485
vn 0.246727 -0.290512 -0.924516
vn 0.075043 -0.009899 -0.997131
vn -0.106295 0.275384 -0.955440
vn -0.287482 0.550830 -0.783543
vn -0.437982 0.774537 -0.456359
vn -0.500103 0.865966 0.000000
vn -0.410394 0.790942 0.453859
vn -0.269595 0.563469 0.780910
vn -0.098316 0.282120 0.954328
vn 0.075221 -0.010278 0.997114
vn 0.241041 -0.297633 0.923750
vn 0.389987 -0.561715 0.729648
vn 0.501336 -0.761845 0.410188
vn 0.544054 -0.839050 -0.000000
vn 0.501335 -0.761846 -0.410187
vn 0.389987 -0.561715 -0.729648
vn 0.241041 -0.297632 -0.923750
vn 0.075222 -0.010278 -0.997114
vn -0.098316 0.282119 -0.954329
vn -0.269597 0.563467 -0.780911
vn -0.410394 0.790942 -0.453858
vn -0.468178 0.883634 0.000000
vn -0.382130 0.806219 0.451650
vn -0.251024 0.575197 0.778547
vn -0.089914 0.288386 0.953283
vn 0.075309 -0.010543 0.997105
vn 0.234716 -0.304123 0.923265
vn 0.378308 -0.572313 0.727558
vn 0.485189 -0.773528 0.407733
vn 0.525956 -0.850512 -0.000000
vn 0.485189 -0.773529 -0.407732
vn 0.378309 -0.572312 -0.727558
vn 0.234717 -0.304123 -0.923264
vn 0.075309 -0.010543 -0.997105
vn -0.089914 0.288387 -0.953283
vn -0.251023 0.575197 -0.778547
vn -0.382129 0.806220 -0.451650
vn -0.435639 0.900122 -0.000000
vn -0.353456 0.820239 0.449751
vn -0.231948 0.585903 0.776478
vn -0.081170 0.294114 0.952317
vn 0.075311 -0.010694 0.997103
vn 0.227816 -0.309917 0.923066
vn 0.365803 -0.582044 0.726232
vn 0.468341 -0.784699 0.406083
vn 0.507317 -0.861760 0.000000
vn 0.468341 -0.784699 -0.406083
vn 0.365803 -0.582045 -0.726231
vn 0.227816 -0.309918 -0.923066
vn 0.075311 -0.010694 -0.997103
vn -0.081170 0.294115 -0.952317
vn -0.231948 0.585904 -0.776477
vn -0.353456 0.820239 -0.449753
vn -0.402785 0.915295 -0.000000
vn -0.324596 0.832931 0.448178
vn -0.212527 0.595522 0.774717
vn -0.072154 0.299257 0.951441
vn 0.075240 -0.010743 0.997108
vn 0.220407 -0.314997 0.923146
vn 0.352549 -0.590886 0.725646
vn 0.450837 -0.795333 0.405206
vn 0.488148 -0.872761 0.000000
vn 0.450837 -0.795333 -0.405206
vn 0.352549 -0.590887 -0.725645
vn 0.220407 -0.314997 -0.923146
vn 0.075240 -0.010743 -0.997108
vn -0.072154 0.299256 -0.951441
vn -0.212527 0.595521 -0.774717
vn -0.324596 0.832931 -0.448178
vn -0.369863 0.929086 -0.000000
vn -0.295773 0.844260 0.446927
vn -0.192929 0.604019 0.773266
vn -0.062951 0.303792 0.950656
vn 0.075103 -0.010686 0.997119
vn 0.212564 -0.319342 0.923492
vn 0.338642 -0.598812 0.725772
vn 0.432739 -0.805394 0.405065
vn 0.468484 -0.883472 0.000000
vn 0.432739 -0.805394 -0.405065
vn 0.338642 -0.598812 -0.725772
vn 0.212564 -0.319343 -0.923492
vn 0.075103 -0.010687 -0.997119
vn -0.062951 0.303792 -0.950656
vn -0.192929 0.604019 -0.773265
vn -0.295773 0.844260 -0.446926
vn -0.337119 0.941462 -0.000000
vn -0.267138 0.854243 0.445989
vn -0.173276 0.611397 0.772120
vn -0.053620 0.307713 0.949967
vn 0.074917 -0.010545 0.997134
vn 0.204366 -0.322981 0.924077
vn 0.324169 -0.605847 0.726543
vn 0.414088 -0.814879 0.405590
vn 0.448335 -0.893865 0.000000
vn 0.414088 -0.814879 -0.405590
vn 0.324169 -0.605847 -0.726542
vn 0.204366 -0.322982 -0.924076
vn 0.074917 -0.010546 -0.997134
vn -0.053620 0.307713 -0.949967
vn -0.173275 0.611398 -0.772119
vn -0.267138 0.854243 -0.445988
vn -0.304705 0.952447 -0.000000
vn -0.238852 0.862907 0.445356
vn -0.153698 0.617672 0.771270
vn -0.044234 0.311028 0.949371
vn 0.074692 -0.010334 0.997153
vn 0.195893 -0.325946 0.924870
vn 0.309229 -0.612011 0.727887
vn 0.394947 -0.823774 0.406710
vn 0.427731 -0.903906 -0.000000
vn 0.394947 -0.823774 -0.406710
vn 0.309229 -0.612011 -0.727887
vn 0.195894 -0.325947 -0.924870
vn 0.074692 -0.010334 -0.997153
vn -0.044234 0.311028 -0.949371
vn -0.153698 0.617675 -0.771268
vn -0.238851 0.862907 -0.445355
vn -0.272788 0.962074 -0.000000
vn -0.211016 0.870315 0.445000
vn -0.134297 0.622903 0.770685
vn -0.034850 0.313761 0.948862
vn 0.074440 -0.010066 0.997175
vn 0.187222 -0.328280 0.925840
vn 0.293916 -0.617344 0.729726
vn 0.375372 -0.832076 0.408345
vn 0.406699 -0.913562 -0.000000
vn 0.375373 -0.832075 -0.408346
vn 0.293916 -0.617343 -0.729726
vn 0.187222 -0.328281 -0.925840
vn 0.074440 -0.010067 -0.997175
vn -0.034850 0.313760 -0.948862
vn -0.134297 0.622904 -0.770685
vn -0.211016 0.870315 -0.444999
vn -0.241465 0.970410 -0.000000
vn -0.183721 0.876538 0.444891
vn -0.115158 0.627149 0.770339
vn -0.025521 0.315945 0.948434
vn 0.074172 -0.009761 0.997198
vn 0.178423 -0.330045 0.926950
vn 0.278319 -0.621896 0.731973
vn 0.355427 -0.839779 0.410419
vn 0.385282 -0.922799 0.000000
vn 0.355426 -0.839779 -0.410418
vn 0.278319 -0.621896 -0.731973
vn 0.178423 -0.330044 -0.926950
vn 0.074171 -0.009761 -0.997198
vn -0.025521 0.315944 -0.948434
vn -0.115157 0.627148 -0.770340
vn -0.183721 0.876538 -0.444892
vn -0.210821 0.977525 -0.000000
vn -0.157000 0.881663 0.444996
vn -0.096329 0.630487 0.770199
vn -0.016283 0.317630 0.948075
vn 0.073891 -0.009418 0.997222
vn 0.169545 -0.331287 0.928172
vn 0.262501 -0.625718 0.734555
vn 0.335145 -0.846892 0.412858
vn 0.363492 -0.931597 0.000000
vn 0.335144 -0.846893 -0.412857
vn 0.262501 -0.625717 -0.734555
vn 0.169545 -0.331286 -0.928172
vn 0.073891 -0.009418 -0.997222
vn -0.016283 0.317630 -0.948075
vn -0.096329 0.630488 -0.770199
vn -0.157000 0.881663 -0.444996
vn -0.180876 0.983506 -0.000000
vn -0.130905 0.885769 0.445283
vn -0.077871 0.632990 0.770233
vn -0.007174 0.318845 0.947780
vn 0.073612 -0.009070 0.997246
vn 0.160658 -0.332086 0.929466
vn 0.246553 -0.628875 0.737379
vn 0.314598 -0.853420 0.415575
vn 0.341383 -0.939924 0.000000
vn 0.314599 -0.853420 -0.415575
vn 0.246553 -0.628876 -0.737378
vn 0.160657 -0.332087 -0.929466
vn 0.073612 -0.009070 -0.997246
vn -0.007174 0.318845 -0.947780
vn -0.077871 0.632991 -0.770233
vn -0.130905 0.885769 -0.445282
vn -0.151673 0.988431 -0.000000
vn -0.105433 0.888944 0.445716
vn -0.059801 0.634745 0.770404
vn 0.001785 0.319654 0.947533
vn 0.073334 -0.008710 0.997269
vn 0.151789 -0.332487 0.930813
vn 0.230519 -0.631418 0.740387
vn 0.293820 -0.859370 0.418513
vn 0.318974 -0.947763 0.000000
vn 0.293820 -0.859370 -0.418512
vn 0.230519 -0.631418 -0.740387
vn 0.151789 -0.332487 -0.930813
vn 0.073334 -0.008710 -0.997269
vn 0.001786 0.319653 -0.947533
vn -0.059801 0.634744 -0.770405
vn -0.105434 0.888944 -0.445716
vn -0.123195 0.992383 -0.000000
vn -0.080609 0.891265 0.446261
vn -0.042153 0.635826 0.770680
vn 0.010571 0.320097 0.947326
vn 0.073063 -0.008354 0.997292
vn 0.142985 -0.332549 0.932184
vn 0.214470 -0.633404 0.743507
vn 0.272872 -0.864750 0.421601
vn 0.296317 -0.955090 0.000001
vn 0.272872 -0.864751 -0.421600
vn 0.214470 -0.633404 -0.743507
vn 0.142985 -0.332548 -0.932184
vn 0.073063 -0.008354 -0.997292
vn 0.010571 0.320096 -0.947326
vn -0.042153 0.635824 -0.770682
vn -0.080609 0.891265 -0.446261
vn -0.095456 0.995434 -0.000000
vn -0.056400 0.892816 0.446877
vn -0.024921 0.636321 0.771022
vn 0.019175 0.320233 0.947145
vn 0.072797 -0.007988 0.997315
vn 0.134261 -0.332303 0.933568
vn 0.198432 -0.634870 0.746702
vn 0.251778 -0.869571 0.424799
vn 0.273428 -0.961892 0.000000
vn 0.251778 -0.869571 -0.424799
vn 0.198432 -0.634872 -0.746701
vn 0.134262 -0.332303 -0.933568
vn 0.072797 -0.007988 -0.997315
vn 0.019175 0.320231 -0.947145
vn -0.024921 0.636320 -0.771022
vn -0.056400 0.892816 -0.446877
vn -0.068413 0.997657 -0.000000
vn -0.032821 0.893657 0.447549
vn -0.008123 0.636275 0.771419
vn 0.027587 0.320073 0.946991
vn 0.072545 -0.007651 0.997336
vn 0.125655 -0.331832 0.934932
vn 0.182467 -0.635898 0.749893
vn 0.230605 -0.873849 0.428030
vn 0.250371 -0.968150 -0.000000
vn 0.230606 -0.873848 -0.428031
vn 0.182467 -0.635899 -0.749892
vn 0.125655 -0.331834 -0.934932
vn 0.072545 -0.007652 -0.997336
vn 0.027588 0.320073 -0.946991
vn -0.008123 0.636275 -0.771419
vn -0.032821 0.893657 -0.447550
vn -0.042074 0.999115 -0.000000
vn -0.009840 0.893858 0.448241
vn 0.008253 0.635770 0.771834
vn 0.035805 0.319683 0.946848
vn 0.072303 -0.007324 0.997356
vn 0.117172 -0.331151 0.936274
vn 0.166593 -0.636509 0.753062
vn 0.209376 -0.877592 0.431271
vn 0.227164 -0.973857 0.000000
vn 0.209376 -0.877592 -0.431271
vn 0.166593 -0.636509 -0.753063
vn 0.117172 -0.331151 -0.936274
vn 0.072303 -0.007325 -0.997356
vn 0.035805 0.319683 -0.946848
vn 0.008253 0.635770 -0.771834
vn -0.009840 0.893858 -0.448242
vn -0.016399 0.999866 0.000000
vn 0.012574 0.893481 0.448925
vn 0.024225 0.634869 0.772240
vn 0.043833 0.319106 0.946705
vn 0.072070 -0.006992 0.997375
vn 0.108815 -0.330277 0.937591
vn 0.150824 -0.636734 0.756189
vn 0.188108 -0.880812 0.434494
vn 0.203828 -0.979007 0.000000
vn 0.188109 -0.880812 -0.434494
vn 0.150824 -0.636733 -0.756190
vn 0.108816 -0.330277 -0.937591
vn 0.072070 -0.006992 -0.997375
vn 0.043833 0.319106 -0.946705
vn 0.024224 0.634869 -0.772240
vn 0.012573 0.893481 -0.448925
vn 0.008650 0.999963 0.000000
vn 0.034420 0.892572 0.449590
vn 0.039789 0.633604 0.772634
vn 0.051670 0.318336 0.946569
vn 0.071853 -0.006698 0.997393
vn 0.100607 -0.329286 0.938855
vn 0.135202 -0.636646 0.759211
vn 0.166860 -0.883533 0.437638
vn 0.180422 -0.983589 0.000001
vn 0.166861 -0.883533 -0.437638
vn 0.135203 -0.636647 -0.759211
vn 0.100606 -0.329287 -0.938855
vn 0.071852 -0.006699 -0.997393
vn 0.051670 0.318337 -0.946569
vn 0.039789 0.633605 -0.772633
vn 0.034420 0.892571 -0.449591
vn 0.033075 0.999453 -0.000000
vn 0.045086 0.890309 0.453119
vn 0.047411 0.627858 0.776883
vn 0.055694 0.309635 0.949223
vn 0.072286 -0.017354 0.997233
vn 0.097517 -0.340680 0.935108
vn 0.128572 -0.646481 0.752019
vn 0.156982 -0.888772 0.430628
vn 0.169051 -0.985607 0.000001
vn 0.156984 -0.888772 -0.430628
vn 0.128573 -0.646480 -0.752019
vn 0.097517 -0.340682 -0.935107
vn 0.072286 -0.017355 -0.997233
vn 0.055694 0.309637 -0.949222
vn 0.047411 0.627860 -0.776881
vn 0.045086 0.890308 -0.453121
vn 0.045019 0.998986 -0.000000
s 1
g polySurface1 sweep3
usemtl aiStandardSurface1SG
f 1/1/1 17/4/2 18/3/3 2/2/4
f 2/2/4 18/3/3 19/6/5 3/5/6
f 3/5/6 19/6/5 20/8/7 4/7/8
f 4/7/8 20/8/7 21/10/9 5/9/10
f 5/9/10 21/10/9 22/12/11 6/11/12
f 6/11/12 22/12/11 23/14/13 7/13/14
f 7/13/14 23/14/13 24/16/15 8/15/16
f 8/15/16 24/16/15 25/18/17 9/17/18
f 9/17/18 25/18/17 26/20/19 10/19/20
f 10/19/20 26/20/19 27/22/21 11/21/22
f 11/21/22 27/22/21 28/24/23 12/23/24
f 12/23/24 28/24/23 29/26/25 13/25/26
f 13/25/26 29/26/25 30/28/27 14/27/28
f 14/27/28 30/28/27 31/30/29 15/29/30
f 15/29/30 31/30/29 32/32/31 16/31/32
f 16/31/32 32/32/31 17/34/2 1/33/1
f 17/4/2 33/36/33 34/35/34 18/3/3
f 18/3/3 34/35/34 35/37/35 19/6/5
f 19/6/5 35/37/35 36/38/36 20/8/7
f 20/8/7 36/38/36 37/39/37 21/10/9
f 21/10/9 37/39/37 38/40/38 22/12/11
f 22/12/11 38/40/38 39/41/39 23/14/13
f 23/14/13 39/41/39 40/42/40 24/16/15
f 24/16/15 40/42/40 41/43/41 25/18/17
f 25/18/17 41/43/41 42/44/42 26/20/19
f 26/20/19 42/44/42 43/45/43 27/22/21
f 27/22/21 43/45/43 44/46/44 28/24/23
f 28/24/23 44/46/44 45/47/45 29/26/25
f 29/26/25 45/47/45 46/48/46 30/28/27
f 30/28/27 46/48/46 47/49/47 31/30/29
f 31/30/29 47/49/47 48/50/48 32/32/31
f 32/32/31 48/50/48 33/51/33 17/34/2
f 33/36/33 49/53/49 50/52/50 34/35/34
f 34/35/34 50/52/50 51/54/51 35/37/35
f 35/37/35 51/54/51 52/55/52 36/38/36
f 36/38/36 52/55/52 53/56/53 37/39/37
f 37/39/37 53/56/53 54/57/54 38/40/38
f 38/40/38 54/57/54 55/58/55 39/41/39
f 39/41/39 55/58/55 56/59/56 40/42/40
f 40/42/40 56/59/56 57/60/57 41/43/41
f 41/43/41 57/60/57 58/61/58 42/44/42
f 42/44/42 58/61/58 59/62/59 43/45/43
f 43/45/43 59/62/59 60/63/60 44/46/44
f 44/46/44 60/63/60 61/64/61 45/47/45
f 45/47/45 61/64/61 62/65/62 46/48/46
f 46/48/46 62/65/62 63/66/63 47/49/47
f 47/49/47 63/66/63 64/67/64 48/50/48
f 48/50/48 64/67/64 49/68/49 33/51/33
f 49/53/49 65/70/65 66/69/66 50/52/50
f 50/52/50 66/69/66 67/71/67 51/54/51
f 51/54/51 67/71/67 68/72/68 52/55/52
f 52/55/52 68/72/68 69/73/69 53/56/53
f 53/56/53 69/73/69 70/74/70 54/57/54
f 54/57/54 70/74/70 71/75/71 55/58/55
f 55/58/55 71/75/71 72/76/72 56/59/56
f 56/59/56 72/76/72 73/77/73 57/60/57
f 57/60/57 73/77/73 74/78/74 58/61/58
f 58/61/58 74/78/74 75/79/75 59/62/59
f 59/62/59 75/79/75 76/80/76 60/63/60
f 60/63/60 76/80/76 77/81/77 61/64/61
f 61/64/61 77/81/77 78/82/78 62/65/62
f 62/65/62 78/82/78 79/83/79 63/66/63
f 63/66/63 79/83/79 80/84/80 64/67/64
f 64/67/64 80/84/80 65/85/65 49/68/49
f 65/70/65 81/87/81 82/86/82 66/69/66
f 66/69/66 82/86/82 83/88/83 67/71/67
f 67/71/67 83/88/83 84/89/84 68/72/68
f 68/72/68 84/89/84 85/90/85 69/73/69
f 69/73/69 85/90/85 86/91/86 70/74/70
f 70/74/70 86/91/86 87/92/87 71/75/71
f 71/75/71 87/92/87 88/93/88 72/76/72
f 72/76/72 88/93/88 89/94/89 73/77/73
f 73/77/73 89/94/89 90/95/90 74/78/74
f 74/78/74 90/95/90 91/96/91 75/79/75
f 75/79/75 91/96/91 92/97/92 76/80/76
f 76/80/76 92/97/92 93/98/93 77/81/77
f 77/81/77 93/98/93 94/99/94 78/82/78
f 78/82/78 94/99/94 95/100/95 79/83/79
f 79/83/79 95/100/95 96/101/96 80/84/80
f 80/84/80 96/101/96 81/102/81 65/85/65
f 81/87/81 97/104/97 98/103/98 82/86/82
f 82/86/82 98/103/98 99/105/99 83/88/83
f 83/88/83 99/105/99 100/106/100 84/89/84
f 84/89/84 100/106/100 101/107/101 85/90/85
f 85/90/85 101/107/101 102/108/102 86/91/86
f 86/91/86 102/108/102 103/109/103 87/92/87
f 87/92/87 103/109/103 104/110/104 88/93/88
f 88/93/88 104/110/104 105/111/105 89/94/89
f 89/94/89 105/111/105 106/112/106 90/95/90
f 90/95/90 106/112/106 107/113/107 91/96/91
f 91/96/91 107/113/107 108/114/108 92/97/92
f 92/97/92 108/114/108 109/115/109 93/98/93
f 93/98/93 109/115/109 110/116/110 94/99/94
f 94/99/94 110/116/110 111/117/111 95/100/95
f 95/100/95 111/117/111 112/118/112 96/101/96
f 96/101/96 112/118/112 97/119/97 81/102/81
f 97/104/97 113/121/113 114/120/114 98/103/98
f 98/103/98 114/120/114 115/122/115 99/105/99
f 99/105/99 115/122/115 116/123/116 100/106/100
f 100/106/100 116/123/116 117/124/117 101/107/101
f 101/107/101 117/124/117 118/125/118 102/108/102
f 102/108/102 118/125/118 119/126/119 103/109/103
f 103/109/103 119/126/119 120/127/120 104/110/104
f 104/110/104 120/127/120 121/128/121 105/111/105
f 105/111/105 121/128/121 122/129/122 106/112/106
f 106/112/106 122/129/122 123/130/123 107/113/107
f 107/113/107 123/130/123 124/131/124 108/114/108
f 108/114/108 124/131/124 125/132/125 109/115/109
f 109/115/109 125/132/125 126/133/126 110/116/110
f 110/116/110 126/133/126 127/134/127 111/117/111
f 111/117/111 127/134/127 128/135/128 112/118/112
f 112/118/112 128/135/128 113/136/113 97/119/97
f 113/121/113 129/138/129 130/137/130 114/120/114
f 114/120/114 130/137/130 131/139/131 115/122/115
f 115/122/115 131/139/131 132/140/132 116/123/116
f 116/123/116 132/140/132 133/141/133 117/124/117
f 117/124/117 133/141/133 134/142/134 118/125/118
f 118/125/118 134/142/134 135/143/135 119/126/119
f 119/126/119 135/143/135 136/144/136 120/127/120
f 120/127/120 136/144/136 137/145/137 121/128/121
f 121/128/121 137/145/137 138/146/138 122/129/122
f 122/129/122 138/146/138 139/147/139 123/130/123
f 123/130/123 139/147/139 140/148/140 124/131/124
f 124/131/124 140/148/140 141/149/141 125/132/125
f 125/132/125 141/149/141 142/150/142 126/133/126
f 126/133/126 142/150/142 143/151/143 127/134/127
f 127/134/127 143/151/143 144/152/144 128/135/128
f 128/135/128 144/152/144 129/153/129 113/136/113
f 129/138/129 145/155/145 146/154/146 130/137/130
f 130/137/130 146/154/146 147/156/147 131/139/131
f 131/139/131 147/156/147 148/157/148 132/140/132
f 132/140/132 148/157/148 149/158/149 133/141/133
f 133/141/133 149/158/149 150/159/150 134/142/134
f 134/142/134 150/159/150 151/160/151 135/143/135
f 135/143/135 151/160/151 152/161/152 136/144/136
f 136/144/136 152/161/152 153/162/153 137/145/137
f 137/145/137 153/162/153 154/163/154 138/146/138
f 138/146/138 154/163/154 155/164/155 139/147/139
f 139/147/139 155/164/155 156/165/156 140/148/140
f 140/148/140 156/165/156 157/166/157 141/149/141
f 141/149/141 157/166/157 158/167/158 142/150/142
f 142/150/142 158/167/158 159/168/159 143/151/143
f 143/151/143 159/168/159 160/169/160 144/152/144
f 144/152/144 160/169/160 145/170/145 129/153/129
f 145/155/145 161/172/161 162/171/162 146/154/146
f 146/154/146 162/171/162 163/173/163 147/156/147
f 147/156/147 163/173/163 164/174/164 148/157/148
f 148/157/148 164/174/164 165/175/165 149/158/149
f 149/158/149 165/175/165 166/176/166 150/159/150
f 150/159/150 166/176/166 167/177/167 151/160/151
f 151/160/151 167/177/167 168/178/168 152/161/152
f 152/161/152 168/178/168 169/179/169 153/162/153
f 153/162/153 169/179/169 170/180/170 154/163/154
f 154/163/154 170/180/170 171/181/171 155/164/155
f 155/164/155 171/181/171 172/182/172 156/165/156
f 156/165/156 172/182/172 173/183/173 157/166/157
f 157/166/157 173/183/173 174/184/174 158/167/158
f 158/167/158 174/184/174 175/185/175 159/168/159
f 159/168/159 175/185/175 176/186/176 160/169/160
f 160/169/160 176/186/176 161/187/161 145/170/145
f 161/172/161 177/189/177 178/188/178 162/171/162
f 162/171/162 178/188/178 179/190/179 163/173/163
f 163/173/163 179/190/179 180/191/180 164/174/164
f 164/174/164 180/191/180 181/192/181 165/175/165
f 165/175/165 181/192/181 182/193/182 166/176/166
f 166/176/166 182/193/182 183/194/183 167/177/167
f 167/177/167 183/194/183 184/195/184 168/178/168
f 168/178/168 184/195/184 185/196/185 169/179/169
f 169/179/169 185/196/185 186/197/186 170/180/170
f 170/180/170 186/197/186 187/198/187 171/181/171
f 171/181/171 187/198/187 188/199/188 172/182/172
f 172/182/172 188/199/188 189/200/189 173/183/173
f 173/183/173 189/200/189 190/201/190 174/184/174
f 174/184/174 190/201/190 191/202/191 175/185/175
f 175/185/175 191/202/191 192/203/192 176/186/176
f 176/186/176 192/203/192 177/204/177 161/187/161
f 177/189/177 193/206/193 194/205/194 178/188/178
f 178/188/178 194/205/194 195/207/195 179/190/179
f 179/190/179 195/207/195 196/208/196 180/191/180
f 180/191/180 196/208/196 197/209/197 181/192/181
f 181/192/181 197/209/197 198/210/198 182/193/182
f 182/193/182 198/210/198 199/211/199 183/194/183
f 183/194/183 199/211/199 200/212/200 184/195/184
f 184/195/184 200/212/200 201/213/201 185/196/185
f 185/196/185 201/213/201 202/214/202 186/197/186
f 186/197/186 202/214/202 203/215/203 187/198/187
f 187/198/187 203/215/203 204/216/204 188/199/188
f 188/199/188 204/216/204 205/217/205 189/200/189
f 189/200/189 205/217/205 206/218/206 190/201/190
f 190/201/190 206/218/206 207/219/207 191/202/191
f 191/202/191 207/219/207 208/220/208 192/203/192
f 192/203/192 208/220/208 193/221/193 177/204/177
f 193/206/193 209/223/209 210/222/210 194/205/194
f 194/205/194 210/222/210 211/224/211 195/207/195
f 195/207/195 211/224/211 212/225/212 196/208/196
f 196/208/196 212/225/212 213/226/213 197/209/197
f 197/209/197 213/226/213 214/227/214 198/210/198
f 198/210/198 214/227/214 215/228/215 199/211/199
f 199/211/199 215/228/215 216/229/216 200/212/200
f 200/212/200 216/229/216 217/230/217 201/213/201
f 201/213/201 217/230/217 218/231/218 202/214/202
f 202/214/202 218/231/218 219/232/219 203/215/203
f 203/215/203 219/232/219 220/233/220 204/216/204
f 204/216/204 220/233/220 221/234/221 205/217/205
f 205/217/205 221/234/221 222/235/222 206/218/206
f 206/218/206 222/235/222 223/236/223 207/219/207
f 207/219/207 223/236/223 224/237/224 208/220/208
f 208/220/208 224/237/224 209/238/209 193/221/193
f 209/223/209 225/240/225 226/239/226 210/222/210
f 210/222/210 226/239/226 227/241/227 211/224/211
f 211/224/211 227/241/227 228/242/228 212/225/212
f 212/225/212 228/242/228 229/243/229 213/226/213
f 213/226/213 229/243/229 230/244/230 214/227/214
f 214/227/214 230/244/230 231/245/231 215/228/215
f 215/228/215 231/245/231 232/246/232 216/229/216
f 216/229/216 232/246/232 233/247/233 217/230/217
f 217/230/217 233/247/233 234/248/234 218/231/218
f 218/231/218 234/248/234 235/249/235 219/232/219
f 219/232/219 235/249/235 236/250/236 220/233/220
f 220/233/220 236/250/236 237/251/237 221/234/221
f 221/234/221 237/251/237 238/252/238 222/235/222
f 222/235/222 238/252/238 239/253/239 223/236/223
f 223/236/223 239/253/239 240/254/240 224/237/224
f 224/237/224 240/254/240 225/255/225 209/238/209
f 225/240/225 241/257/241 242/256/242 226/239/226
f 226/239/226 242/256/242 243/258/243 227/241/227
f 227/241/227 243/258/243 244/259/244 228/242/228
f 228/242/228 244/259/244 245/260/245 229/243/229
f 229/243/229 245/260/245 246/261/246 230/244/230
f 230/244/230 246/261/246 247/262/247 231/245/231
f 231/245/231 247/262/247 248/263/248 232/246/232
f 232/246/232 248/263/248 249/264/249 233/247/233
f 233/247/233 249/264/249 250/265/250 234/248/234
f 234/248/234 250/265/250 251/266/251 235/249/235
f 235/249/235 251/266/251 252/267/252 236/250/236
f 236/250/236 252/267/252 253/268/253 237/251/237
f 237/251/237 253/268/253 254/269/254 238/252/238
f 238/252/238 254/269/254 255/270/255 239/253/239
f 239/253/239 255/270/255 256/271/256 240/254/240
f 240/254/240 256/271/256 241/272/241 225/255/225
f 241/257/241 257/274/257 258/273/258 242/256/242
f 242/256/242 258/273/258 259/275/259 243/258/243
f 243/258/243 259/275/259 260/276/260 244/259/244
f 244/259/244 260/276/260 261/277/261 245/260/245
f 245/260/245 261/277/261 262/278/262 246/261/246
f 246/261/246 262/278/262 263/279/263 247/262/247
f 247/262/247 263/279/263 264/280/264 248/263/248
f 248/263/248 264/280/264 265/281/265 249/264/249
f 249/264/249 265/281/265 266/282/266 250/265/250
f 250/265/250 266/282/266 267/283/267 251/266/251
f 251/266/251 267/283/267 268/284/268 252/267/252
f 252/267/252 268/284/268 269/285/269 253/268/253
f 253/268/253 269/285/269 270/286/270 254/269/254
f 254/269/254 270/286/270 271/287/271 255/270/255
f 255/270/255 271/287/271 272/288/272 256/271/256
f 256/271/256 272/288/272 257/289/257 241/272/241
f 257/274/257 273/291/273 274/290/274 258/273/258
f 258/273/258 274/290/274 275/292/275 259/275/259
f 259/275/259 275/292/275 276/293/276 260/276/260
f 260/276/260 276/293/276 277/294/277 261/277/261
f 261/277/261 277/294/277 278/295/278 262/278/262
f 262/278/262 278/295/278 279/296/279 263/279/263
f 263/279/263 279/296/279 280/297/280 264/280/264
f 264/280/264 280/297/280 281/298/281 265/281/265
f 265/281/265 281/298/281 282/299/282 266/282/266
f 266/282/266 282/299/282 283/300/283 267/283/267
f 267/283/267 283/300/283 284/301/284 268/284/268
f 268/284/268 284/301/284 285/302/285 269/285/269
f 269/285/269 285/302/285 286/303/286 270/286/270
f 270/286/270 286/303/286 287/304/287 271/287/271
f 271/287/271 287/304/287 288/305/288 272/288/272
f 272/288/272 288/305/288 273/306/273 257/289/257
f 273/291/273 289/308/289 290/307/290 274/290/274
f 274/290/274 290/307/290 291/309/291 275/292/275
f 275/292/275 291/309/291 292/310/292 276/293/276
f 276/293/276 292/310/292 293/311/293 277/294/277
f 277/294/277 293/311/293 294/312/294 278/295/278
f 278/295/278 294/312/294 295/313/295 279/296/279
f 279/296/279 295/313/295 296/314/296 280/297/280
f 280/297/280 296/314/296 297/315/297 281/298/281
f 281/298/281 297/315/297 298/316/298 282/299/282
f 282/299/282 298/316/298 299/317/299 283/300/283
f 283/300/283 299/317/299 300/318/300 284/301/284
f 284/301/284 300/318/300 301/319/301 285/302/285
f 285/302/285 301/319/301 302/320/302 286/303/286
f 286/303/286 302/320/302 303/321/303 287/304/287
f 287/304/287 303/321/303 304/322/304 288/305/288
f 288/305/288 304/322/304 289/323/289 273/306/273
f 289/308/289 305/325/305 306/324/306 290/307/290
f 290/307/290 306/324/306 307/326/307 291/309/291
f 291/309/291 307/326/307 308/327/308 292/310/292
f 292/310/292 308/327/308 309/328/309 293/311/293
f 293/311/293 309/328/309 310/329/310 294/312/294
f 294/312/294 310/329/310 311/330/311 295/313/295
f 295/313/295 311/330/311 312/331/312 296/314/296
f 296/314/296 312/331/312 313/332/313 297/315/297
f 297/315/297 313/332/313 314/333/314 298/316/298
f 298/316/298 314/333/314 315/334/315 299/317/299
f 299/317/299 315/334/315 316/335/316 300/318/300
f 300/318/300 316/335/316 317/336/317 301/319/301
f 301/319/301 317/336/317 318/337/318 302/320/302
f 302/320/302 318/337/318 319/338/319 303/321/303
f 303/321/303 319/338/319 320/339/320 304/322/304
f 304/322/304 320/339/320 305/340/305 289/323/289
f 305/325/305 321/342/321 322/341/322 306/324/306
f 306/324/306 322/341/322 323/343/323 307/326/307
f 307/326/307 323/343/323 324/344/324 308/327/308
f 308/327/308 324/344/324 325/345/325 309/328/309
f 309/328/309 325/345/325 326/346/326 310/329/310
f 310/329/310 326/346/326 327/347/327 311/330/311
f 311/330/311 327/347/327 328/348/328 312/331/312
f 312/331/312 328/348/328 329/349/329 313/332/313
f 313/332/313 329/349/329 330/350/330 314/333/314
f 314/333/314 330/350/330 331/351/331 315/334/315
f 315/334/315 331/351/331 332/352/332 316/335/316
f 316/335/316 332/352/332 333/353/333 317/336/317
f 317/336/317 333/353/333 334/354/334 318/337/318
f 318/337/318 334/354/334 335/355/335 319/338/319
f 319/338/319 335/355/335 336/356/336 320/339/320
f 320/339/320 336/356/336 321/357/321 305/340/305
f 321/342/321 337/359/337 338/358/338 322/341/322
f 322/341/322 338/358/338 339/360/339 323/343/323
f 323/343/323 339/360/339 340/361/340 324/344/324
f 324/344/324 340/361/340 341/362/341 325/345/325
f 325/345/325 341/362/341 342/363/342 326/346/326
f 326/346/326 342/363/342 343/364/343 327/347/327
f 327/347/327 343/364/343 344/365/344 328/348/328
f 328/348/328 344/365/344 345/366/345 329/349/329
f 329/349/329 345/366/345 346/367/346 330/350/330
f 330/350/330 346/367/346 347/368/347 331/351/331
f 331/351/331 347/368/347 348/369/348 332/352/332
f 332/352/332 348/369/348 349/370/349 333/353/333
f 333/353/333 349/370/349 350/371/350 334/354/334
f 334/354/334 350/371/350 351/372/351 335/355/335
f 335/355/335 351/372/351 352/373/352 336/356/336
f 336/356/336 352/373/352 337/374/337 321/357/321
f 337/359/337 353/376/353 354/375/354 338/358/338
f 338/358/338 354/375/354 355/377/355 339/360/339
f 339/360/339 355/377/355 356/378/356 340/361/340
f 340/361/340 356/378/356 357/379/357 341/362/341
f 341/362/341 357/379/357 358/380/358 342/363/342
f 342/363/342 358/380/358 359/381/359 343/364/343
f 343/364/343 359/381/359 360/382/360 344/365/344
f 344/365/344 360/382/360 361/383/361 345/366/345
f 345/366/345 361/383/361 362/384/362 346/367/346
f 346/367/346 362/384/362 363/385/363 347/368/347
f 347/368/347 363/385/363 364/386/364 348/369/348
f 348/369/348 364/386/364 365/387/365 349/370/349
f 349/370/349 365/387/365 366/388/366 350/371/350
f 350/371/350 366/388/366 367/389/367 351/372/351
f 351/372/351 367/389/367 368/390/368 352/373/352
f 352/373/352 368/390/368 353/391/353 337/374/337
f 353/376/353 369/393/369 370/392/370 354/375/354
f 354/375/354 370/392/370 371/394/371 355/377/355
f 355/377/355 371/394/371 372/395/372 356/378/356
f 356/378/356 372/395/372 373/396/373 357/379/357
f 357/379/357 373/396/373 374/397/374 358/380/358
f 358/380/358 374/397/374 375/398/375 359/381/359
f 359/381/359 375/398/375 376/399/376 360/382/360
f 360/382/360 376/399/376 377/400/377 361/383/361
f 361/383/361 377/400/377 378/401/378 362/384/362
f 362/384/362 378/401/378 379/402/379 363/385/363
f 363/385/363 379/402/379 380/403/380 364/386/364
f 364/386/364 380/403/380 381/404/381 365/387/365
f 365/387/365 381/404/381 382/405/382 366/388/366
f 366/388/366 382/405/382 383/406/383 367/389/367
f 367/389/367 383/406/383 384/407/384 368/390/368
f 368/390/368 384/407/384 369/408/369 353/391/353
f 369/393/369 385/410/385 386/409/386 370/392/370
f 370/392/370 386/409/386 387/411/387 371/394/371
f 371/394/371 387/411/387 388/412/388 372/395/372
f 372/395/372 388/412/388 389/413/389 373/396/373
f 373/396/373 389/413/389 390/414/390 374/397/374
f 374/397/374 390/414/390 391/415/391 375/398/375
f 375/398/375 391/415/391 392/416/392 376/399/376
f 376/399/376 392/416/392 393/417/393 377/400/377
f 377/400/377 393/417/393 394/418/394 378/401/378
f 378/401/378 394/418/394 395/419/395 379/402/379
f 379/402/379 395/419/395 396/420/396 380/403/380
f 380/403/380 396/420/396 397/421/397 381/404/381
f 381/404/381 397/421/397 398/422/398 382/405/382
f 382/405/382 398/422/398 399/423/399 383/406/383
f 383/406/383 399/423/399 400/424/400 384/407/384
f 384/407/384 400/424/400 385/425/385 369/408/369
f 385/410/385 401/427/401 402/426/402 386/409/386
f 386/409/386 402/426/402 403/428/403 387/411/387
f 387/411/387 403/428/403 404/429/404 388/412/388
f 388/412/388 404/429/404 405/430/405 389/413/389
f 389/413/389 405/430/405 406/431/406 390/414/390
f 390/414/390 406/431/406 407/432/407 391/415/391
f 391/415/391 407/432/407 408/433/408 392/416/392
f 392/416/392 408/433/408 409/434/409 393/417/393
f 393/417/393 409/434/409 410/435/410 394/418/394
f 394/418/394 410/435/410 411/436/411 395/419/395
f 395/419/395 411/436/411 412/437/412 396/420/396
f 396/420/396 412/437/412 413/438/413 397/421/397
f 397/421/397 413/438/413 414/439/414 398/422/398
f 398/422/398 414/439/414 415/440/415 399/423/399
f 399/423/399 415/440/415 416/441/416 400/424/400
f 400/424/400 416/441/416 401/442/401 385/425/385
f 401/427/401 417/444/417 418/443/418 402/426/402
f 402/426/402 418/443/418 419/445/419 403/428/403
f 403/428/403 419/445/419 420/446/420 404/429/404
f 404/429/404 420/446/420 421/447/421 405/430/405
f 405/430/405 421/447/421 422/448/422 406/431/406
f 406/431/406 422/448/422 423/449/423 407/432/407
f 407/432/407 423/449/423 424/450/424 408/433/408
f 408/433/408 424/450/424 425/451/425 409/434/409
f 409/434/409 425/451/425 426/452/426 410/435/410
f 410/435/410 426/452/426 427/453/427 411/436/411
f 411/436/411 427/453/427 428/454/428 412/437/412
f 412/437/412 428/454/428 429/455/429 413/438/413
f 413/438/413 429/455/429 430/456/430 414/439/414
f 414/439/414 430/456/430 431/457/431 415/440/415
f 415/440/415 431/457/431 432/458/432 416/441/416
f 416/441/416 432/458/432 417/459/417 401/442/401
f 417/444/417 433/461/433 434/460/434 418/443/418
f 418/443/418 434/460/434 435/462/435 419/445/419
f 419/445/419 435/462/435 436/463/436 420/446/420
f 420/446/420 436/463/436 437/464/437 421/447/421
f 421/447/421 437/464/437 438/465/438 422/448/422
f 422/448/422 438/465/438 439/466/439 423/449/423
f 423/449/423 439/466/439 440/467/440 424/450/424
f 424/450/424 440/467/440 441/468/441 425/451/425
f 425/451/425 441/468/441 442/469/442 426/452/426
f 426/452/426 442/469/442 443/470/443 427/453/427
f 427/453/427 443/470/443 444/471/444 428/454/428
f 428/454/428 444/471/444 445/472/445 429/455/429
f 429/455/429 445/472/445 446/473/446 430/456/430
f 430/456/430 446/473/446 447/474/447 431/457/431
f 431/457/431 447/474/447 448/475/448 432/458/432
f 432/458/432 448/475/448 433/476/433 417/459/417
f 433/461/433 449/478/449 450/477/450 434/460/434
f 434/460/434 450/477/450 451/479/451 435/462/435
f 435/462/435 451/479/451 452/480/452 436/463/436
f 436/463/436 452/480/452 453/481/453 437/464/437
f 437/464/437 453/481/453 454/482/454 438/465/438
f 438/465/438 454/482/454 455/483/455 439/466/439
f 439/466/439 455/483/455 456/484/456 440/467/440
f 440/467/440 456/484/456 457/485/457 441/468/441
f 441/468/441 457/485/457 458/486/458 442/469/442
f 442/469/442 458/486/458 459/487/459 443/470/443
f 443/470/443 459/487/459 460/488/460 444/471/444
f 444/471/444 460/488/460 461/489/461 445/472/445
f 445/472/445 461/489/461 462/490/462 446/473/446
f 446/473/446 462/490/462 463/491/463 447/474/447
f 447/474/447 463/491/463 464/492/464 448/475/448
f 448/475/448 464/492/464 449/493/449 433/476/433
f 449/478/449 465/495/465 466/494/466 450/477/450
f 450/477/450 466/494/466 467/496/467 451/479/451
f 451/479/451 467/496/467 468/497/468 452/480/452
f 452/480/452 468/497/468 469/498/469 453/481/453
f 453/481/453 469/498/469 470/499/470 454/482/454
f 454/482/454 470/499/470 471/500/471 455/483/455
f 455/483/455 471/500/471 472/501/472 456/484/456
f 456/484/456 472/501/472 473/502/473 457/485/457
f 457/485/457 473/502/473 474/503/474 458/486/458
f 458/486/458 474/503/474 475/504/475 459/487/459
f 459/487/459 475/504/475 476/505/476 460/488/460
f 460/488/460 476/505/476 477/506/477 461/489/461
f 461/489/461 477/506/477 478/507/478 462/490/462
f 462/490/462 478/507/478 479/508/479 463/491/463
f 463/491/463 479/508/479 480/509/480 464/492/464
f 464/492/464 480/509/480 465/510/465 449/493/449
f 465/495/465 481/512/481 482/511/482 466/494/466
f 466/494/466 482/511/482 483/513/483 467/496/467
f 467/496/467 483/513/483 484/514/484 468/497/468
f 468/497/468 484/514/484 485/515/485 469/498/469
f 469/498/469 485/515/485 486/516/486 470/499/470
f 470/499/470 486/516/486 487/517/487 471/500/471
f 471/500/471 487/517/487 488/518/488 472/501/472
f 472/501/472 488/518/488 489/519/489 473/502/473
f 473/502/473 489/519/489 490/520/490 474/503/474
f 474/503/474 490/520/490 491/521/491 475/504/475
f 475/504/475 491/521/491 492/522/492 476/505/476
f 476/505/476 492/522/492 493/523/493 477/506/477
f 477/506/477 493/523/493 494/524/494 478/507/478
f 478/507/478 494/524/494 495/525/495 479/508/479
f 479/508/479 495/525/495 496/526/496 480/509/480
f 480/509/480 496/526/496 481/527/481 465/510/465
f 481/512/481 497/529/497 498/528/498 482/511/482
f 482/511/482 498/528/498 499/530/499 483/513/483
f 483/513/483 499/530/499 500/531/500 484/514/484
f 484/514/484 500/531/500 501/532/501 485/515/485
f 485/515/485 501/532/501 502/533/502 486/516/486
f 486/516/486 502/533/502 503/534/503 487/517/487
f 487/517/487 503/534/503 504/535/504 488/518/488
f 488/518/488 504/535/504 505/536/505 489/519/489
f 489/519/489 505/536/505 506/537/506 490/520/490
f 490/520/490 506/537/506 507/538/507 491/521/491
f 491/521/491 507/538/507 508/539/508 492/522/492
f 492/522/492 508/539/508 509/540/509 493/523/493
f 493/523/493 509/540/509 510/541/510 494/524/494
f 494/524/494 510/541/510 511/542/511 495/525/495
f 495/525/495 511/542/511 512/543/512 496/526/496
f 496/526/496 512/543/512 497/544/497 481/527/481
f 497/529/497 513/546/513 514/545/514 498/528/498
f 498/528/498 514/545/514 515/547/515 499/530/499
f 499/530/499 515/547/515 516/548/516 500/531/500
f 500/531/500 516/548/516 517/549/517 501/532/501
f 501/532/501 517/549/517 518/550/518 502/533/502
f 502/533/502 518/550/518 519/551/519 503/534/503
f 503/534/503 519/551/519 520/552/520 504/535/504
f 504/535/504 520/552/520 521/553/521 505/536/505
f 505/536/505 521/553/521 522/554/522 506/537/506
f 506/537/506 522/554/522 523/555/523 507/538/507
f 507/538/507 523/555/523 524/556/524 508/539/508
f 508/539/508 524/556/524 525/557/525 509/540/509
f 509/540/509 525/557/525 526/558/526 510/541/510
f 510/541/510 526/558/526 527/559/527 511/542/511
f 511/542/511 527/559/527 528/560/528 512/543/512
f 512/543/512 528/560/528 513/561/513 497/544/497
f 513/546/513 529/563/529 530/562/530 514/545/514
f 514/545/514 530/562/530 531/564/531 515/547/515
f 515/547/515 531/564/531 532/565/532 516/548/516
f 516/548/516 532/565/532 533/566/533 517/549/517
f 517/549/517 533/566/533 534/567/534 518/550/518
f 518/550/518 534/567/534 535/568/535 519/551/519
f 519/551/519 535/568/535 536/569/536 520/552/520
f 520/552/520 536/569/536 537/570/537 521/553/521
f 521/553/521 537/570/537 538/571/538 522/554/522
f 522/554/522 538/571/538 539/572/539 523/555/523
f 523/555/523 539/572/539 540/573/540 524/556/524
f 524/556/524 540/573/540 541/574/541 525/557/525
f 525/557/525 541/574/541 542/575/542 526/558/526
f 526/558/526 542/575/542 543/576/543 527/559/527
f 527/559/527 543/576/543 544/577/544 528/560/528
f 528/560/528 544/577/544 529/578/529 513/561/513
f 529/563/529 545/580/545 546/579/546 530/562/530
f 530/562/530 546/579/546 547/581/547 531/564/531
f 531/564/531 547/581/547 548/582/548 532/565/532
f 532/565/532 548/582/548 549/583/549 533/566/533
f 533/566/533 549/583/549 550/584/550 534/567/534
f 534/567/534 550/584/550 551/585/551 535/568/535
f 535/568/535 551/585/551 552/586/552 536/569/536
f 536/569/536 552/586/552 553/587/553 537/570/537
f 537/570/537 553/587/553 554/588/554 538/571/538
f 538/571/538 554/588/554 555/589/555 539/572/539
f 539/572/539 555/589/555 556/590/556 540/573/540
f 540/573/540 556/590/556 557/591/557 541/574/541
f 541/574/541 557/591/557 558/592/558 542/575/542
f 542/575/542 558/592/558 559/593/559 543/576/543
f 543/576/543 559/593/559 560/594/560 544/577/544
f 544/577/544 560/594/560 545/595/545 529/578/529
f 545/580/545 561/597/561 562/596/562 546/579/546
f 546/579/546 562/596/562 563/598/563 547/581/547
f 547/581/547 563/598/563 564/599/564 548/582/548
f 548/582/548 564/599/564 565/600/565 549/583/549
f 549/583/549 565/600/565 566/601/566 550/584/550
f 550/584/550 566/601/566 567/602/567 551/585/551
f 551/585/551 567/602/567 568/603/568 552/586/552
f 552/586/552 568/603/568 569/604/569 553/587/553
f 553/587/553 569/604/569 570/605/570 554/588/554
f 554/588/554 570/605/570 571/606/571 555/589/555
f 555/589/555 571/606/571 572/607/572 556/590/556
f 556/590/556 572/607/572 573/608/573 557/591/557
f 557/591/557 573/608/573 574/609/574 558/592/558
f 558/592/558 574/609/574 575/610/575 559/593/559
f 559/593/559 575/610/575 576/611/576 560/594/560
f 560/594/560 576/611/576 561/612/561 545/595/545
f 561/597/561 577/614/577 578/613/578 562/596/562
f 562/596/562 578/613/578 579/615/579 563/598/563
f 563/598/563 579/615/579 580/616/580 564/599/564
f 564/599/564 580/616/580 581/617/581 565/600/565
f 565/600/565 581/617/581 582/618/582 566/601/566
f 566/601/566 582/618/582 583/619/583 567/602/567
f 567/602/567 583/619/583 584/620/584 568/603/568
f 568/603/568 584/620/584 585/621/585 569/604/569
f 569/604/569 585/621/585 586/622/586 570/605/570
f 570/605/570 586/622/586 587/623/587 571/606/571
f 571/606/571 587/623/587 588/624/588 572/607/572
f 572/607/572 588/624/588 589/625/589 573/608/573
f 573/608/573 589/625/589 590/626/590 574/609/574
f 574/609/574 590/626/590 591/627/591 575/610/575
f 575/610/575 591/627/591 592/628/592 576/611/576
f 576/611/576 592/628/592 577/629/577 561/612/561
f 577/614/577 593/631/593 594/630/594 578/613/578
f 578/613/578 594/630/594 595/632/595 579/615/579
f 579/615/579 595/632/595 596/633/596 580/616/580
f 580/616/580 596/633/596 597/634/597 581/617/581
f 581/617/581 597/634/597 598/635/598 582/618/582
f 582/618/582 598/635/598 599/636/599 583/619/583
f 583/619/583 599/636/599 600/637/600 584/620/584
f 584/620/584 600/637/600 601/638/601 585/621/585
f 585/621/585 601/638/601 602/639/602 586/622/586
f 586/622/586 602/639/602 603/640/603 587/623/587
f 587/623/587 603/640/603 604/641/604 588/624/588
f 588/624/588 604/641/604 605/642/605 589/625/589
f 589/625/589 605/642/605 606/643/606 590/626/590
f 590/626/590 606/643/606 607/644/607 591/627/591
f 591/627/591 607/644/607 608/645/608 592/628/592
f 592/628/592 608/645/608 593/646/593 577/629/577
f 593/631/593 609/648/609 610/647/610 594/630/594
f 594/630/594 610/647/610 611/649/611 595/632/595
f 595/632/595 611/649/611 612/650/612 596/633/596
f 596/633/596 612/650/612 613/651/613 597/634/597
f 597/634/597 613/651/613 614/652/614 598/635/598
f 598/635/598 614/652/614 615/653/615 599/636/599
f 599/636/599 615/653/615 616/654/616 600/637/600
f 600/637/600 616/654/616 617/655/617 601/638/601
f 601/638/601 617/655/617 618/656/618 602/639/602
f 602/639/602 618/656/618 619/657/619 603/640/603
f 603/640/603 619/657/619 620/658/620 604/641/604
f 604/641/604 620/658/620 621/659/621 605/642/605
f 605/642/605 621/659/621 622/660/622 606/643/606
f 606/643/606 622/660/622 623/661/623 607/644/607
f 607/644/607 623/661/623 624/662/624 608/645/608
f 608/645/608 624/662/624 609/663/609 593/646/593
f 609/648/609 625/665/625 626/664/626 610/647/610
f 610/647/610 626/664/626 627/666/627 611/649/611
f 611/649/611 627/666/627 628/667/628 612/650/612
f 612/650/612 628/667/628 629/668/629 613/651/613
f 613/651/613 629/668/629 630/669/630 614/652/614
f 614/652/614 630/669/630 631/670/631 615/653/615
f 615/653/615 631/670/631 632/671/632 616/654/616
f 616/654/616 632/671/632 633/672/633 617/655/617
f 617/655/617 633/672/633 634/673/634 618/656/618
f 618/656/618 634/673/634 635/674/635 619/657/619
f 619/657/619 635/674/635 636/675/636 620/658/620
f 620/658/620 636/675/636 637/676/637 621/659/621
f 621/659/621 637/676/637 638/677/638 622/660/622
f 622/660/622 638/677/638 639/678/639 623/661/623
f 623/661/623 639/678/639 640/679/640 624/662/624
f 624/662/624 640/679/640 625/680/625 609/663/609
f 625/665/625 641/682/641 642/681/642 626/664/626
f 626/664/626 642/681/642 643/683/643 627/666/627
f 627/666/627 643/683/643 644/684/644 628/667/628
f 628/667/628 644/684/644 645/685/645 629/668/629
f 629/668/629 645/685/645 646/686/646 630/669/630
f 630/669/630 646/686/646 647/687/647 631/670/631
f 631/670/631 647/687/647 648/688/648 632/671/632
f 632/671/632 648/688/648 649/689/649 633/672/633
f 633/672/633 649/689/649 650/690/650 634/673/634
f 634/673/634 650/690/650 651/691/651 635/674/635
f 635/674/635 651/691/651 652/692/652 636/675/636
f 636/675/636 652/692/652 653/693/653 637/676/637
f 637/676/637 653/693/653 654/694/654 638/677/638
f 638/677/638 654/694/654 655/695/655 639/678/639
f 639/678/639 655/695/655 656/696/656 640/679/640
f 640/679/640 656/696/656 641/697/641 625/680/625
f 641/682/641 657/699/657 658/698/658 642/681/642
f 642/681/642 658/698/658 659/700/659 643/683/643
f 643/683/643 659/700/659 660/701/660 644/684/644
f 644/684/644 660/701/660 661/702/661 645/685/645
f 645/685/645 661/702/661 662/703/662 646/686/646
f 646/686/646 662/703/662 663/704/663 647/687/647
f 647/687/647 663/704/663 664/705/664 648/688/648
f 648/688/648 664/705/664 665/706/665 649/689/649
f 649/689/649 665/706/665 666/707/666 650/690/650
f 650/690/650 666/707/666 667/708/667 651/691/651
f 651/691/651 667/708/667 668/709/668 652/692/652
f 652/692/652 668/709/668 669/710/669 653/693/653
f 653/693/653 669/710/669 670/711/670 654/694/654
f 654/694/654 670/711/670 671/712/671 655/695/655
f 655/695/655 671/712/671 672/713/672 656/696/656
f 656/696/656 672/713/672 657/714/657 641/697/641
f 657/699/657 673/716/673 674/715/674 658/698/658
f 658/698/658 674/715/674 675/717/675 659/700/659
f 659/700/659 675/717/675 676/718/676 660/701/660
f 660/701/660 676/718/676 677/719/677 661/702/661
f 661/702/661 677/719/677 678/720/678 662/703/662
f 662/703/662 678/720/678 679/721/679 663/704/663
f 663/704/663 679/721/679 680/722/680 664/705/664
f 664/705/664 680/722/680 681/723/681 665/706/665
f 665/706/665 681/723/681 682/724/682 666/707/666
f 666/707/666 682/724/682 683/725/683 667/708/667
f 667/708/667 683/725/683 684/726/684 668/709/668
f 668/709/668 684/726/684 685/727/685 669/710/669
f 669/710/669 685/727/685 686/728/686 670/711/670
f 670/711/670 686/728/686 687/729/687 671/712/671
f 671/712/671 687/729/687 688/730/688 672/713/672
f 672/713/672 688/730/688 673/731/673 657/714/657
f 673/716/673 689/733/689 690/732/690 674/715/674
f 674/715/674 690/732/690 691/734/691 675/717/675
f 675/717/675 691/734/691 692/735/692 676/718/676
f 676/718/676 692/735/692 693/736/693 677/719/677
f 677/719/677 693/736/693 694/737/694 678/720/678
f 678/720/678 694/737/694 695/738/695 679/721/679
f 679/721/679 695/738/695 696/739/696 680/722/680
f 680/722/680 696/739/696 697/740/697 681/723/681
f 681/723/681 697/740/697 698/741/698 682/724/682
f 682/724/682 698/741/698 699/742/699 683/725/683
f 683/725/683 699/742/699 700/743/700 684/726/684
f 684/726/684 700/743/700 701/744/701 685/727/685
f 685/727/685 701/744/701 702/745/702 686/728/686
f 686/728/686 702/745/702 703/746/703 687/729/687
f 687/729/687 703/746/703 704/747/704 688/730/688
f 688/730/688 704/747/704 689/748/689 673/731/673
f 689/733/689 705/750/705 706/749/706 690/732/690
f 690/732/690 706/749/706 707/751/707 691/734/691
f 691/734/691 707/751/707 708/752/708 692/735/692
f 692/735/692 708/752/708 709/753/709 693/736/693
f 693/736/693 709/753/709 710/754/710 694/737/694
f 694/737/694 710/754/710 711/755/711 695/738/695
f 695/738/695 711/755/711 712/756/712 696/739/696
f 696/739/696 712/756/712 713/757/713 697/740/697
f 697/740/697 713/757/713 714/758/714 698/741/698
f 698/741/698 714/758/714 715/759/715 699/742/699
f 699/742/699 715/759/715 716/760/716 700/743/700
f 700/743/700 716/760/716 717/761/717 701/744/701
f 701/744/701 717/761/717 718/762/718 702/745/702
f 702/745/702 718/762/718 719/763/719 703/746/703
f 703/746/703 719/763/719 720/764/720 704/747/704
f 704/747/704 720/764/720 705/765/705 689/748/689
f 705/750/705 721/767/721 722/766/722 706/749/706
f 706/749/706 722/766/722 723/768/723 707/751/707
f 707/751/707 723/768/723 724/769/724 708/752/708
f 708/752/708 724/769/724 725/770/725 709/753/709
f 709/753/709 725/770/725 726/771/726 710/754/710
f 710/754/710 726/771/726 727/772/727 711/755/711
f 711/755/711 727/772/727 728/773/728 712/756/712
f 712/756/712 728/773/728 729/774/729 713/757/713
f 713/757/713 729/774/729 730/775/730 714/758/714
f 714/758/714 730/775/730 731/776/731 715/759/715
f 715/759/715 731/776/731 732/777/732 716/760/716
f 716/760/716 732/777/732 733/778/733 717/761/717
f 717/761/717 733/778/733 734/779/734 718/762/718
f 718/762/718 734/779/734 735/780/735 719/763/719
f 719/763/719 735/780/735 736/781/736 720/764/720
f 720/764/720 736/781/736 721/782/721 705/765/705
f 721/767/721 737/784/737 738/783/738 722/766/722
f 722/766/722 738/783/738 739/785/739 723/768/723
f 723/768/723 739/785/739 740/786/740 724/769/724
f 724/769/724 740/786/740 741/787/741 725/770/725
f 725/770/725 741/787/741 742/788/742 726/771/726
f 726/771/726 742/788/742 743/789/743 727/772/727
f 727/772/727 743/789/743 744/790/744 728/773/728
f 728/773/728 744/790/744 745/791/745 729/774/729
f 729/774/729 745/791/745 746/792/746 730/775/730
f 730/775/730 746/792/746 747/793/747 731/776/731
f 731/776/731 747/793/747 748/794/748 732/777/732
f 732/777/732 748/794/748 749/795/749 733/778/733
f 733/778/733 749/795/749 750/796/750 734/779/734
f 734/779/734 750/796/750 751/797/751 735/780/735
f 735/780/735 751/797/751 752/798/752 736/781/736
f 736/781/736 752/798/752 737/799/737 721/782/721
f 737/784/737 753/801/753 754/800/754 738/783/738
f 738/783/738 754/800/754 755/802/755 739/785/739
f 739/785/739 755/802/755 756/803/756 740/786/740
f 740/786/740 756/803/756 757/804/757 741/787/741
f 741/787/741 757/804/757 758/805/758 742/788/742
f 742/788/742 758/805/758 759/806/759 743/789/743
f 743/789/743 759/806/759 760/807/760 744/790/744
f 744/790/744 760/807/760 761/808/761 745/791/745
f 745/791/745 761/808/761 762/809/762 746/792/746
f 746/792/746 762/809/762 763/810/763 747/793/747
f 747/793/747 763/810/763 764/811/764 748/794/748
f 748/794/748 764/811/764 765/812/765 749/795/749
f 749/795/749 765/812/765 766/813/766 750/796/750
f 750/796/750 766/813/766 767/814/767 751/797/751
f 751/797/751 767/814/767 768/815/768 752/798/752
f 752/798/752 768/815/768 753/816/753 737/799/737
f 753/801/753 769/818/769 770/817/770 754/800/754
f 754/800/754 770/817/770 771/819/771 755/802/755
f 755/802/755 771/819/771 772/820/772 756/803/756
f 756/803/756 772/820/772 773/821/773 757/804/757
f 757/804/757 773/821/773 774/822/774 758/805/758
f 758/805/758 774/822/774 775/823/775 759/806/759
f 759/806/759 775/823/775 776/824/776 760/807/760
f 760/807/760 776/824/776 777/825/777 761/808/761
f 761/808/761 777/825/777 778/826/778 762/809/762
f 762/809/762 778/826/778 779/827/779 763/810/763
f 763/810/763 779/827/779 780/828/780 764/811/764
f 764/811/764 780/828/780 781/829/781 765/812/765
f 765/812/765 781/829/781 782/830/782 766/813/766
f 766/813/766 782/830/782 783/831/783 767/814/767
f 767/814/767 783/831/783 784/832/784 768/815/768
f 768/815/768 784/832/784 769/833/769 753/816/753
f 769/818/769 785/835/785 786/834/786 770/817/770
f 770/817/770 786/834/786 787/836/787 771/819/771
f 771/819/771 787/836/787 788/837/788 772/820/772
f 772/820/772 788/837/788 789/838/789 773/821/773
f 773/821/773 789/838/789 790/839/790 774/822/774
f 774/822/774 790/839/790 791/840/791 775/823/775
f 775/823/775 791/840/791 792/841/792 776/824/776
f 776/824/776 792/841/792 793/842/793 777/825/777
f 777/825/777 793/842/793 794/843/794 778/826/778
f 778/826/778 794/843/794 795/844/795 779/827/779
f 779/827/779 795/844/795 796/845/796 780/828/780
f 780/828/780 796/845/796 797/846/797 781/829/781
f 781/829/781 797/846/797 798/847/798 782/830/782
f 782/830/782 798/847/798 799/848/799 783/831/783
f 783/831/783 799/848/799 800/849/800 784/832/784
f 784/832/784 800/849/800 785/850/785 769/833/769
f 785/835/785 801/852/801 802/851/802 786/834/786
f 786/834/786 802/851/802 803/853/803 787/836/787
f 787/836/787 803/853/803 804/854/804 788/837/788
f 788/837/788 804/854/804 805/855/805 789/838/789
f 789/838/789 805/855/805 806/856/806 790/839/790
f 790/839/790 806/856/806 807/857/807 791/840/791
f 791/840/791 807/857/807 808/858/808 792/841/792
f 792/841/792 808/858/808 809/859/809 793/842/793
f 793/842/793 809/859/809 810/860/810 794/843/794
f 794/843/794 810/860/810 811/861/811 795/844/795
f 795/844/795 811/861/811 812/862/812 796/845/796
f 796/845/796 812/862/812 813/863/813 797/846/797
f 797/846/797 813/863/813 814/864/814 798/847/798
f 798/847/798 814/864/814 815/865/815 799/848/799
f 799/848/799 815/865/815 816/866/816 800/849/800
f 800/849/800 816/866/816 801/867/801 785/850/785
f 801/852/801 817/869/817 818/868/818 802/851/802
f 802/851/802 818/868/818 819/870/819 803/853/803
f 803/853/803 819/870/819 820/871/820 804/854/804
f 804/854/804 820/871/820 821/872/821 805/855/805
f 805/855/805 821/872/821 822/873/822 806/856/806
f 806/856/806 822/873/822 823/874/823 807/857/807
f 807/857/807 823/874/823 824/875/824 808/858/808
f 808/858/808 824/875/824 825/876/825 809/859/809
f 809/859/809 825/876/825 826/877/826 810/860/810
f 810/860/810 826/877/826 827/878/827 811/861/811
f 811/861/811 827/878/827 828/879/828 812/862/812
f 812/862/812 828/879/828 829/880/829 813/863/813
f 813/863/813 829/880/829 830/881/830 814/864/814
f 814/864/814 830/881/830 831/882/831 815/865/815
f 815/865/815 831/882/831 832/883/832 816/866/816
f 816/866/816 832/883/832 817/884/817 801/867/801
f 817/869/817 833/886/833 834/885/834 818/868/818
f 818/868/818 834/885/834 835/887/835 819/870/819
f 819/870/819 835/887/835 836/888/836 820/871/820
f 820/871/820 836/888/836 837/889/837 821/872/821
f 821/872/821 837/889/837 838/890/838 822/873/822
f 822/873/822 838/890/838 839/891/839 823/874/823
f 823/874/823 839/891/839 840/892/840 824/875/824
f 824/875/824 840/892/840 841/893/841 825/876/825
f 825/876/825 841/893/841 842/894/842 826/877/826
f 826/877/826 842/894/842 843/895/843 827/878/827
f 827/878/827 843/895/843 844/896/844 828/879/828
f 828/879/828 844/896/844 845/897/845 829/880/829
f 829/880/829 845/897/845 846/898/846 830/881/830
f 830/881/830 846/898/846 847/899/847 831/882/831
f 831/882/831 847/899/847 848/900/848 832/883/832
f 832/883/832 848/900/848 833/901/833 817/884/817
f 833/886/833 849/903/849 850/902/850 834/885/834
f 834/885/834 850/902/850 851/904/851 835/887/835
f 835/887/835 851/904/851 852/905/852 836/888/836
f 836/888/836 852/905/852 853/906/853 837/889/837
f 837/889/837 853/906/853 854/907/854 838/890/838
f 838/890/838 854/907/854 855/908/855 839/891/839
f 839/891/839 855/908/855 856/909/856 840/892/840
f 840/892/840 856/909/856 857/910/857 841/893/841
f 841/893/841 857/910/857 858/911/858 842/894/842
f 842/894/842 858/911/858 859/912/859 843/895/843
f 843/895/843 859/912/859 860/913/860 844/896/844
f 844/896/844 860/913/860 861/914/861 845/897/845
f 845/897/845 861/914/861 862/915/862 846/898/846
f 846/898/846 862/915/862 863/916/863 847/899/847
f 847/899/847 863/916/863 864/917/864 848/900/848
f 848/900/848 864/917/864 849/918/849 833/901/833
f 849/903/849 865/920/865 866/919/866 850/902/850
f 850/902/850 866/919/866 867/921/867 851/904/851
f 851/904/851 867/921/867 868/922/868 852/905/852
f 852/905/852 868/922/868 869/923/869 853/906/853
f 853/906/853 869/923/869 870/924/870 854/907/854
f 854/907/854 870/924/870 871/925/871 855/908/855
f 855/908/855 871/925/871 872/926/872 856/909/856
f 856/909/856 872/926/872 873/927/873 857/910/857
f 857/910/857 873/927/873 874/928/874 858/911/858
f 858/911/858 874/928/874 875/929/875 859/912/859
f 859/912/859 875/929/875 876/930/876 860/913/860
f 860/913/860 876/930/876 877/931/877 861/914/861
f 861/914/861 877/931/877 878/932/878 862/915/862
f 862/915/862 878/932/878 879/933/879 863/916/863
f 863/916/863 879/933/879 880/934/880 864/917/864
f 864/917/864 880/934/880 865/935/865 849/918/849
f 865/920/865 881/937/881 882/936/882 866/919/866
f 866/919/866 882/936/882 883/938/883 867/921/867
f 867/921/867 883/938/883 884/939/884 868/922/868
f 868/922/868 884/939/884 885/940/885 869/923/869
f 869/923/869 885/940/885 886/941/886 870/924/870
f 870/924/870 886/941/886 887/942/887 871/925/871
f 871/925/871 887/942/887 888/943/888 872/926/872
f 872/926/872 888/943/888 889/944/889 873/927/873
f 873/927/873 889/944/889 890/945/890 874/928/874
f 874/928/874 890/945/890 891/946/891 875/929/875
f 875/929/875 891/946/891 892/947/892 876/930/876
f 876/930/876 892/947/892 893/948/893 877/931/877
f 877/931/877 893/948/893 894/949/894 878/932/878
f 878/932/878 894/949/894 895/950/895 879/933/879
f 879/933/879 895/950/895 896/951/896 880/934/880
f 880/934/880 896/951/896 881/952/881 865/935/865
f 881/937/881 897/954/897 898/953/898 882/936/882
f 882/936/882 898/953/898 899/955/899 883/938/883
f 883/938/883 899/955/899 900/956/900 884/939/884
f 884/939/884 900/956/900 901/957/901 885/940/885
f 885/940/885 901/957/901 902/958/902 886/941/886
f 886/941/886 902/958/902 903/959/903 887/942/887
f 887/942/887 903/959/903 904/960/904 888/943/888
f 888/943/888 904/960/904 905/961/905 889/944/889
f 889/944/889 905/961/905 906/962/906 890/945/890
f 890/945/890 906/962/906 907/963/907 891/946/891
f 891/946/891 907/963/907 908/964/908 892/947/892
f 892/947/892 908/964/908 909/965/909 893/948/893
f 893/948/893 909/965/909 910/966/910 894/949/894
f 894/949/894 910/966/910 911/967/911 895/950/895
f 895/950/895 911/967/911 912/968/912 896/951/896
f 896/951/896 912/968/912 897/969/897 881/952/881
f 897/954/897 913/971/913 914/970/914 898/953/898
f 898/953/898 914/970/914 915/972/915 899/955/899
f 899/955/899 915/972/915 916/973/916 900/956/900
f 900/956/900 916/973/916 917/974/917 901/957/901
f 901/957/901 917/974/917 918/975/918 902/958/902
f 902/958/902 918/975/918 919/976/919 903/959/903
f 903/959/903 919/976/919 920/977/920 904/960/904
f 904/960/904 920/977/920 921/978/921 905/961/905
f 905/961/905 921/978/921 922/979/922 906/962/906
f 906/962/906 922/979/922 923/980/923 907/963/907
f 907/963/907 923/980/923 924/981/924 908/964/908
f 908/964/908 924/981/924 925/982/925 909/965/909
f 909/965/909 925/982/925 926/983/926 910/966/910
f 910/966/910 926/983/926 927/984/927 911/967/911
f 911/967/911 927/984/927 928/985/928 912/968/912
f 912/968/912 928/985/928 913/986/913 897/969/897
f 913/971/913 929/988/929 930/987/930 914/970/914
f 914/970/914 930/987/930 931/989/931 915/972/915
f 915/972/915 931/989/931 932/990/932 916/973/916
f 916/973/916 932/990/932 933/991/933 917/974/917
f 917/974/917 933/991/933 934/992/934 918/975/918
f 918/975/918 934/992/934 935/993/935 919/976/919
f 919/976/919 935/993/935 936/994/936 920/977/920
f 920/977/920 936/994/936 937/995/937 921/978/921
f 921/978/921 937/995/937 938/996/938 922/979/922
f 922/979/922 938/996/938 939/997/939 923/980/923
f 923/980/923 939/997/939 940/998/940 924/981/924
f 924/981/924 940/998/940 941/999/941 925/982/925
f 925/982/925 941/999/941 942/1000/942 926/983/926
f 926/983/926 942/1000/942 943/1001/943 927/984/927
f 927/984/927 943/1001/943 944/1002/944 928/985/928
f 928/985/928 944/1002/944 929/1003/929 913/986/913
f 929/988/929 945/1005/945 946/1004/946 930/987/930
f 930/987/930 946/1004/946 947/1006/947 931/989/931
f 931/989/931 947/1006/947 948/1007/948 932/990/932
f 932/990/932 948/1007/948 949/1008/949 933/991/933
f 933/991/933 949/1008/949 950/1009/950 934/992/934
f 934/992/934 950/1009/950 951/1010/951 935/993/935
f 935/993/935 951/1010/951 952/1011/952 936/994/936
f 936/994/936 952/1011/952 953/1012/953 937/995/937
f 937/995/937 953/1012/953 954/1013/954 938/996/938
f 938/996/938 954/1013/954 955/1014/955 939/997/939
f 939/997/939 955/1014/955 956/1015/956 940/998/940
f 940/998/940 956/1015/956 957/1016/957 941/999/941
f 941/999/941 957/1016/957 958/1017/958 942/1000/942
f 942/1000/942 958/1017/958 959/1018/959 943/1001/943
f 943/1001/943 959/1018/959 960/1019/960 944/1002/944
f 944/1002/944 960/1019/960 945/1020/945 929/1003/929
f 945/1005/945 961/1022/961 962/1021/962 946/1004/946
f 946/1004/946 962/1021/962 963/1023/963 947/1006/947
f 947/1006/947 963/1023/963 964/1024/964 948/1007/948
f 948/1007/948 964/1024/964 965/1025/965 949/1008/949
f 949/1008/949 965/1025/965 966/1026/966 950/1009/950
f 950/1009/950 966/1026/966 967/1027/967 951/1010/951
f 951/1010/951 967/1027/967 968/1028/968 952/1011/952
f 952/1011/952 968/1028/968 969/1029/969 953/1012/953
f 953/1012/953 969/1029/969 970/1030/970 954/1013/954
f 954/1013/954 970/1030/970 971/1031/971 955/1014/955
f 955/1014/955 971/1031/971 972/1032/972 956/1015/956
f 956/1015/956 972/1032/972 973/1033/973 957/1016/957
f 957/1016/957 973/1033/973 974/1034/974 958/1017/958
f 958/1017/958 974/1034/974 975/1035/975 959/1018/959
f 959/1018/959 975/1035/975 976/1036/976 960/1019/960
f 960/1019/960 976/1036/976 961/1037/961 945/1020/945
f 961/1022/961 977/1039/977 978/1038/978 962/1021/962
f 962/1021/962 978/1038/978 979/1040/979 963/1023/963
f 963/1023/963 979/1040/979 980/1041/980 964/1024/964
f 964/1024/964 980/1041/980 981/1042/981 965/1025/965
f 965/1025/965 981/1042/981 982/1043/982 966/1026/966
f 966/1026/966 982/1043/982 983/1044/983 967/1027/967
f 967/1027/967 983/1044/983 984/1045/984 968/1028/968
f 968/1028/968 984/1045/984 985/1046/985 969/1029/969
f 969/1029/969 985/1046/985 986/1047/986 970/1030/970
f 970/1030/970 986/1047/986 987/1048/987 971/1031/971
f 971/1031/971 987/1048/987 988/1049/988 972/1032/972
f 972/1032/972 988/1049/988 989/1050/989 973/1033/973
f 973/1033/973 989/1050/989 990/1051/990 974/1034/974
f 974/1034/974 990/1051/990 991/1052/991 975/1035/975
f 975/1035/975 991/1052/991 992/1053/992 976/1036/976
f 976/1036/976 992/1053/992 977/1054/977 961/1037/961
f 977/1039/977 993/1056/993 994/1055/994 978/1038/978
f 978/1038/978 994/1055/994 995/1057/995 979/1040/979
f 979/1040/979 995/1057/995 996/1058/996 980/1041/980
f 980/1041/980 996/1058/996 997/1059/997 981/1042/981
f 981/1042/981 997/1059/997 998/1060/998 982/1043/982
f 982/1043/982 998/1060/998 999/1061/999 983/1044/983
f 983/1044/983 999/1061/999 1000/1062/1000 984/1045/984
f 984/1045/984 1000/1062/1000 1001/1063/1001 985/1046/985
f 985/1046/985 1001/1063/1001 1002/1064/1002 986/1047/986
f 986/1047/986 1002/1064/1002 1003/1065/1003 987/1048/987
f 987/1048/987 1003/1065/1003 1004/1066/1004 988/1049/988
f 988/1049/988 1004/1066/1004 1005/1067/1005 989/1050/989
f 989/1050/989 1005/1067/1005 1006/1068/1006 990/1051/990
f 990/1051/990 1006/1068/1006 1007/1069/1007 991/1052/991
f 991/1052/991 1007/1069/1007 1008/1070/1008 992/1053/992
f 992/1053/992 1008/1070/1008 993/1071/993 977/1054/977
f 993/1056/993 1009/1073/1009 1010/1072/1010 994/1055/994
f 994/1055/994 1010/1072/1010 1011/1074/1011 995/1057/995
f 995/1057/995 1011/1074/1011 1012/1075/1012 996/1058/996
f 996/1058/996 1012/1075/1012 1013/1076/1013 997/1059/997
f 997/1059/997 1013/1076/1013 1014/1077/1014 998/1060/998
f 998/1060/998 1014/1077/1014 1015/1078/1015 999/1061/999
f 999/1061/999 1015/1078/1015 1016/1079/1016 1000/1062/1000
f 1000/1062/1000 1016/1079/1016 1017/1080/1017 1001/1063/1001
f 1001/1063/1001 1017/1080/1017 1018/1081/1018 1002/1064/1002
f 1002/1064/1002 1018/1081/1018 1019/1082/1019 1003/1065/1003
f 1003/1065/1003 1019/1082/1019 1020/1083/1020 1004/1066/1004
f 1004/1066/1004 1020/1083/1020 1021/1084/1021 1005/1067/1005
f 1005/1067/1005 1021/1084/1021 1022/1085/1022 1006/1068/1006
f 1006/1068/1006 1022/1085/1022 1023/1086/1023 1007/1069/1007
f 1007/1069/1007 1023/1086/1023 1024/1087/1024 1008/1070/1008
f 1008/1070/1008 1024/1087/1024 1009/1088/1009 993/1071/993
f 1009/1073/1009 1025/1090/1025 1026/1089/1026 1010/1072/1010
f 1010/1072/1010 1026/1089/1026 1027/1091/1027 1011/1074/1011
f 1011/1074/1011 1027/1091/1027 1028/1092/1028 1012/1075/1012
f 1012/1075/1012 1028/1092/1028 1029/1093/1029 1013/1076/1013
f 1013/1076/1013 1029/1093/1029 1030/1094/1030 1014/1077/1014
f 1014/1077/1014 1030/1094/1030 1031/1095/1031 1015/1078/1015
f 1015/1078/1015 1031/1095/1031 1032/1096/1032 1016/1079/1016
f 1016/1079/1016 1032/1096/1032 1033/1097/1033 1017/1080/1017
f 1017/1080/1017 1033/1097/1033 1034/1098/1034 1018/1081/1018
f 1018/1081/1018 1034/1098/1034 1035/1099/1035 1019/1082/1019
f 1019/1082/1019 1035/1099/1035 1036/1100/1036 1020/1083/1020
f 1020/1083/1020 1036/1100/1036 1037/1101/1037 1021/1084/1021
f 1021/1084/1021 1037/1101/1037 1038/1102/1038 1022/1085/1022
f 1022/1085/1022 1038/1102/1038 1039/1103/1039 1023/1086/1023
f 1023/1086/1023 1039/1103/1039 1040/1104/1040 1024/1087/1024
f 1024/1087/1024 1040/1104/1040 1025/1105/1025 1009/1088/1009
f 1025/1090/1025 1041/1107/1041 1042/1106/1042 1026/1089/1026
f 1026/1089/1026 1042/1106/1042 1043/1108/1043 1027/1091/1027
f 1027/1091/1027 1043/1108/1043 1044/1109/1044 1028/1092/1028
f 1028/1092/1028 1044/1109/1044 1045/1110/1045 1029/1093/1029
f 1029/1093/1029 1045/1110/1045 1046/1111/1046 1030/1094/1030
f 1030/1094/1030 1046/1111/1046 1047/1112/1047 1031/1095/1031
f 1031/1095/1031 1047/1112/1047 1048/1113/1048 1032/1096/1032
f 1032/1096/1032 1048/1113/1048 1049/1114/1049 1033/1097/1033
f 1033/1097/1033 1049/1114/1049 1050/1115/1050 1034/1098/1034
f 1034/1098/1034 1050/1115/1050 1051/1116/1051 1035/1099/1035
f 1035/1099/1035 1051/1116/1051 1052/1117/1052 1036/1100/1036
f 1036/1100/1036 1052/1117/1052 1053/1118/1053 1037/1101/1037
f 1037/1101/1037 1053/1118/1053 1054/1119/1054 1038/1102/1038
f 1038/1102/1038 1054/1119/1054 1055/1120/1055 1039/1103/1039
f 1039/1103/1039 1055/1120/1055 1056/1121/1056 1040/1104/1040
f 1040/1104/1040 1056/1121/1056 1041/1122/1041 1025/1105/1025
f 1041/1107/1041 1057/1124/1057 1058/1123/1058 1042/1106/1042
f 1042/1106/1042 1058/1123/1058 1059/1125/1059 1043/1108/1043
f 1043/1108/1043 1059/1125/1059 1060/1126/1060 1044/1109/1044
f 1044/1109/1044 1060/1126/1060 1061/1127/1061 1045/1110/1045
f 1045/1110/1045 1061/1127/1061 1062/1128/1062 1046/1111/1046
f 1046/1111/1046 1062/1128/1062 1063/1129/1063 1047/1112/1047
f 1047/1112/1047 1063/1129/1063 1064/1130/1064 1048/1113/1048
f 1048/1113/1048 1064/1130/1064 1065/1131/1065 1049/1114/1049
f 1049/1114/1049 1065/1131/1065 1066/1132/1066 1050/1115/1050
f 1050/1115/1050 1066/1132/1066 1067/1133/1067 1051/1116/1051
f 1051/1116/1051 1067/1133/1067 1068/1134/1068 1052/1117/1052
f 1052/1117/1052 1068/1134/1068 1069/1135/1069 1053/1118/1053
f 1053/1118/1053 1069/1135/1069 1070/1136/1070 1054/1119/1054
f 1054/1119/1054 1070/1136/1070 1071/1137/1071 1055/1120/1055
f 1055/1120/1055 1071/1137/1071 1072/1138/1072 1056/1121/1056
f 1056/1121/1056 1072/1138/1072 1057/1139/1057 1041/1122/1041
f 1057/1124/1057 1073/1141/1073 1074/1140/1074 1058/1123/1058
f 1058/1123/1058 1074/1140/1074 1075/1142/1075 1059/1125/1059
f 1059/1125/1059 1075/1142/1075 1076/1143/1076 1060/1126/1060
f 1060/1126/1060 1076/1143/1076 1077/1144/1077 1061/1127/1061
f 1061/1127/1061 1077/1144/1077 1078/1145/1078 1062/1128/1062
f 1062/1128/1062 1078/1145/1078 1079/1146/1079 1063/1129/1063
f 1063/1129/1063 1079/1146/1079 1080/1147/1080 1064/1130/1064
f 1064/1130/1064 1080/1147/1080 1081/1148/1081 1065/1131/1065
f 1065/1131/1065 1081/1148/1081 1082/1149/1082 1066/1132/1066
f 1066/1132/1066 1082/1149/1082 1083/1150/1083 1067/1133/1067
f 1067/1133/1067 1083/1150/1083 1084/1151/1084 1068/1134/1068
f 1068/1134/1068 1084/1151/1084 1085/1152/1085 1069/1135/1069
f 1069/1135/1069 1085/1152/1085 1086/1153/1086 1070/1136/1070
f 1070/1136/1070 1086/1153/1086 1087/1154/1087 1071/1137/1071
f 1071/1137/1071 1087/1154/1087 1088/1155/1088 1072/1138/1072
f 1072/1138/1072 1088/1155/1088 1073/1156/1073 1057/1139/1057
f 1073/1141/1073 1089/1158/1089 1090/1157/1090 1074/1140/1074
f 1074/1140/1074 1090/1157/1090 1091/1159/1091 1075/1142/1075
f 1075/1142/1075 1091/1159/1091 1092/1160/1092 1076/1143/1076
f 1076/1143/1076 1092/1160/1092 1093/1161/1093 1077/1144/1077
f 1077/1144/1077 1093/1161/1093 1094/1162/1094 1078/1145/1078
f 1078/1145/1078 1094/1162/1094 1095/1163/1095 1079/1146/1079
f 1079/1146/1079 1095/1163/1095 1096/1164/1096 1080/1147/1080
f 1080/1147/1080 1096/1164/1096 1097/1165/1097 1081/1148/1081
f 1081/1148/1081 1097/1165/1097 1098/1166/1098 1082/1149/1082
f 1082/1149/1082 1098/1166/1098 1099/1167/1099 1083/1150/1083
f 1083/1150/1083 1099/1167/1099 1100/1168/1100 1084/1151/1084
f 1084/1151/1084 1100/1168/1100 1101/1169/1101 1085/1152/1085
f 1085/1152/1085 1101/1169/1101 1102/1170/1102 1086/1153/1086
f 1086/1153/1086 1102/1170/1102 1103/1171/1103 1087/1154/1087
f 1087/1154/1087 1103/1171/1103 1104/1172/1104 1088/1155/1088
f 1088/1155/1088 1104/1172/1104 1089/1173/1089 1073/1156/1073
f 1089/1158/1089 1105/1175/1105 1106/1174/1106 1090/1157/1090
f 1090/1157/1090 1106/1174/1106 1107/1176/1107 1091/1159/1091
f 1091/1159/1091 1107/1176/1107 1108/1177/1108 1092/1160/1092
f 1092/1160/1092 1108/1177/1108 1109/1178/1109 1093/1161/1093
f 1093/1161/1093 1109/1178/1109 1110/1179/1110 1094/1162/1094
f 1094/1162/1094 1110/1179/1110 1111/1180/1111 1095/1163/1095
f 1095/1163/1095 1111/1180/1111 1112/1181/1112 1096/1164/1096
f 1096/1164/1096 1112/1181/1112 1113/1182/1113 1097/1165/1097
f 1097/1165/1097 1113/1182/1113 1114/1183/1114 1098/1166/1098
f 1098/1166/1098 1114/1183/1114 1115/1184/1115 1099/1167/1099
f 1099/1167/1099 1115/1184/1115 1116/1185/1116 1100/1168/1100
f 1100/1168/1100 1116/1185/1116 1117/1186/1117 1101/1169/1101
f 1101/1169/1101 1117/1186/1117 1118/1187/1118 1102/1170/1102
f 1102/1170/1102 1118/1187/1118 1119/1188/1119 1103/1171/1103
f 1103/1171/1103 1119/1188/1119 1120/1189/1120 1104/1172/1104
f 1104/1172/1104 1120/1189/1120 1105/1190/1105 1089/1173/1089
f 1105/1175/1105 1121/1192/1121 1122/1191/1122 1106/1174/1106
f 1106/1174/1106 1122/1191/1122 1123/1193/1123 1107/1176/1107
f 1107/1176/1107 1123/1193/1123 1124/1194/1124 1108/1177/1108
f 1108/1177/1108 1124/1194/1124 1125/1195/1125 1109/1178/1109
f 1109/1178/1109 1125/1195/1125 1126/1196/1126 1110/1179/1110
f 1110/1179/1110 1126/1196/1126 1127/1197/1127 1111/1180/1111
f 1111/1180/1111 1127/1197/1127 1128/1198/1128 1112/1181/1112
f 1112/1181/1112 1128/1198/1128 1129/1199/1129 1113/1182/1113
f 1113/1182/1113 1129/1199/1129 1130/1200/1130 1114/1183/1114
f 1114/1183/1114 1130/1200/1130 1131/1201/1131 1115/1184/1115
f 1115/1184/1115 1131/1201/1131 1132/1202/1132 1116/1185/1116
f 1116/1185/1116 1132/1202/1132 1133/1203/1133 1117/1186/1117
f 1117/1186/1117 1133/1203/1133 1134/1204/1134 1118/1187/1118
f 1118/1187/1118 1134/1204/1134 1135/1205/1135 1119/1188/1119
f 1119/1188/1119 1135/1205/1135 1136/1206/1136 1120/1189/1120
f 1120/1189/1120 1136/1206/1136 1121/1207/1121 1105/1190/1105
f 1121/1192/1121 1137/1209/1137 1138/1208/1138 1122/1191/1122
f 1122/1191/1122 1138/1208/1138 1139/1210/1139 1123/1193/1123
f 1123/1193/1123 1139/1210/1139 1140/1211/1140 1124/1194/1124
f 1124/1194/1124 1140/1211/1140 1141/1212/1141 1125/1195/1125
f 1125/1195/1125 1141/1212/1141 1142/1213/1142 1126/1196/1126
f 1126/1196/1126 1142/1213/1142 1143/1214/1143 1127/1197/1127
f 1127/1197/1127 1143/1214/1143 1144/1215/1144 1128/1198/1128
f 1128/1198/1128 1144/1215/1144 1145/1216/1145 1129/1199/1129
f 1129/1199/1129 1145/1216/1145 1146/1217/1146 1130/1200/1130
f 1130/1200/1130 1146/1217/1146 1147/1218/1147 1131/1201/1131
f 1131/1201/1131 1147/1218/1147 1148/1219/1148 1132/1202/1132
f 1132/1202/1132 1148/1219/1148 1149/1220/1149 1133/1203/1133
f 1133/1203/1133 1149/1220/1149 1150/1221/1150 1134/1204/1134
f 1134/1204/1134 1150/1221/1150 1151/1222/1151 1135/1205/1135
f 1135/1205/1135 1151/1222/1151 1152/1223/1152 1136/1206/1136
f 1136/1206/1136 1152/1223/1152 1137/1224/1137 1121/1207/1121
f 1137/1209/1137 1153/1226/1153 1154/1225/1154 1138/1208/1138
f 1138/1208/1138 1154/1225/1154 1155/1227/1155 1139/1210/1139
f 1139/1210/1139 1155/1227/1155 1156/1228/1156 1140/1211/1140
f 1140/1211/1140 1156/1228/1156 1157/1229/1157 1141/1212/1141
f 1141/1212/1141 1157/1229/1157 1158/1230/1158 1142/1213/1142
f 1142/1213/1142 1158/1230/1158 1159/1231/1159 1143/1214/1143
f 1143/1214/1143 1159/1231/1159 1160/1232/1160 1144/1215/1144
f 1144/1215/1144 1160/1232/1160 1161/1233/1161 1145/1216/1145
f 1145/1216/1145 1161/1233/1161 1162/1234/1162 1146/1217/1146
f 1146/1217/1146 1162/1234/1162 1163/1235/1163 1147/1218/1147
f 1147/1218/1147 1163/1235/1163 1164/1236/1164 1148/1219/1148
f 1148/1219/1148 1164/1236/1164 1165/1237/1165 1149/1220/1149
f 1149/1220/1149 1165/1237/1165 1166/1238/1166 1150/1221/1150
f 1150/1221/1150 1166/1238/1166 1167/1239/1167 1151/1222/1151
f 1151/1222/1151 1167/1239/1167 1168/1240/1168 1152/1223/1152
f 1152/1223/1152 1168/1240/1168 1153/1241/1153 1137/1224/1137
f 1153/1226/1153 1169/1243/1169 1170/1242/1170 1154/1225/1154
f 1154/1225/1154 1170/1242/1170 1171/1244/1171 1155/1227/1155
f 1155/1227/1155 1171/1244/1171 1172/1245/1172 1156/1228/1156
f 1156/1228/1156 1172/1245/1172 1173/1246/1173 1157/1229/1157
f 1157/1229/1157 1173/1246/1173 1174/1247/1174 1158/1230/1158
f 1158/1230/1158 1174/1247/1174 1175/1248/1175 1159/1231/1159
f 1159/1231/1159 1175/1248/1175 1176/1249/1176 1160/1232/1160
f 1160/1232/1160 1176/1249/1176 1177/1250/1177 1161/1233/1161
f 1161/1233/1161 1177/1250/1177 1178/1251/1178 1162/1234/1162
f 1162/1234/1162 1178/1251/1178 1179/1252/1179 1163/1235/1163
f 1163/1235/1163 1179/1252/1179 1180/1253/1180 1164/1236/1164
f 1164/1236/1164 1180/1253/1180 1181/1254/1181 1165/1237/1165
f 1165/1237/1165 1181/1254/1181 1182/1255/1182 1166/1238/1166
f 1166/1238/1166 1182/1255/1182 1183/1256/1183 1167/1239/1167
f 1167/1239/1167 1183/1256/1183 1184/1257/1184 1168/1240/1168
f 1168/1240/1168 1184/1257/1184 1169/1258/1169 1153/1241/1153
f 1169/1243/1169 1185/1260/1185 1186/1259/1186 1170/1242/1170
f 1170/1242/1170 1186/1259/1186 1187/1261/1187 1171/1244/1171
f 1171/1244/1171 1187/1261/1187 1188/1262/1188 1172/1245/1172
f 1172/1245/1172 1188/1262/1188 1189/1263/1189 1173/1246/1173
f 1173/1246/1173 1189/1263/1189 1190/1264/1190 1174/1247/1174
f 1174/1247/1174 1190/1264/1190 1191/1265/1191 1175/1248/1175
f 1175/1248/1175 1191/1265/1191 1192/1266/1192 1176/1249/1176
f 1176/1249/1176 1192/1266/1192 1193/1267/1193 1177/1250/1177
f 1177/1250/1177 1193/1267/1193 1194/1268/1194 1178/1251/1178
f 1178/1251/1178 1194/1268/1194 1195/1269/1195 1179/1252/1179
f 1179/1252/1179 1195/1269/1195 1196/1270/1196 1180/1253/1180
f 1180/1253/1180 1196/1270/1196 1197/1271/1197 1181/1254/1181
f 1181/1254/1181 1197/1271/1197 1198/1272/1198 1182/1255/1182
f 1182/1255/1182 1198/1272/1198 1199/1273/1199 1183/1256/1183
f 1183/1256/1183 1199/1273/1199 1200/1274/1200 1184/1257/1184
f 1184/1257/1184 1200/1274/1200 1185/1275/1185 1169/1258/1169
f 1185/1260/1185 1201/1277/1201 1202/1276/1202 1186/1259/1186
f 1186/1259/1186 1202/1276/1202 1203/1278/1203 1187/1261/1187
f 1187/1261/1187 1203/1278/1203 1204/1279/1204 1188/1262/1188
f 1188/1262/1188 1204/1279/1204 1205/1280/1205 1189/1263/1189
f 1189/1263/1189 1205/1280/1205 1206/1281/1206 1190/1264/1190
f 1190/1264/1190 1206/1281/1206 1207/1282/1207 1191/1265/1191
f 1191/1265/1191 1207/1282/1207 1208/1283/1208 1192/1266/1192
f 1192/1266/1192 1208/1283/1208 1209/1284/1209 1193/1267/1193
f 1193/1267/1193 1209/1284/1209 1210/1285/1210 1194/1268/1194
f 1194/1268/1194 1210/1285/1210 1211/1286/1211 1195/1269/1195
f 1195/1269/1195 1211/1286/1211 1212/1287/1212 1196/1270/1196
f 1196/1270/1196 1212/1287/1212 1213/1288/1213 1197/1271/1197
f 1197/1271/1197 1213/1288/1213 1214/1289/1214 1198/1272/1198
f 1198/1272/1198 1214/1289/1214 1215/1290/1215 1199/1273/1199
f 1199/1273/1199 1215/1290/1215 1216/1291/1216 1200/1274/1200
f 1200/1274/1200 1216/1291/1216 1201/1292/1201 1185/1275/1185
f 1201/1277/1201 1217/1294/1217 1218/1293/1218 1202/1276/1202
f 1202/1276/1202 1218/1293/1218 1219/1295/1219 1203/1278/1203
f 1203/1278/1203 1219/1295/1219 1220/1296/1220 1204/1279/1204
f 1204/1279/1204 1220/1296/1220 1221/1297/1221 1205/1280/1205
f 1205/1280/1205 1221/1297/1221 1222/1298/1222 1206/1281/1206
f 1206/1281/1206 1222/1298/1222 1223/1299/1223 1207/1282/1207
f 1207/1282/1207 1223/1299/1223 1224/1300/1224 1208/1283/1208
f 1208/1283/1208 1224/1300/1224 1225/1301/1225 1209/1284/1209
f 1209/1284/1209 1225/1301/1225 1226/1302/1226 1210/1285/1210
f 1210/1285/1210 1226/1302/1226 1227/1303/1227 1211/1286/1211
f 1211/1286/1211 1227/1303/1227 1228/1304/1228 1212/1287/1212
f 1212/1287/1212 1228/1304/1228 1229/1305/1229 1213/1288/1213
f 1213/1288/1213 1229/1305/1229 1230/1306/1230 1214/1289/1214
f 1214/1289/1214 1230/1306/1230 1231/1307/1231 1215/1290/1215
f 1215/1290/1215 1231/1307/1231 1232/1308/1232 1216/1291/1216
f 1216/1291/1216 1232/1308/1232 1217/1309/1217 1201/1292/1201
f 1217/1294/1217 1233/1311/1233 1234/1310/1234 1218/1293/1218
f 1218/1293/1218 1234/1310/1234 1235/1312/1235 1219/1295/1219
f 1219/1295/1219 1235/1312/1235 1236/1313/1236 1220/1296/1220
f 1220/1296/1220 1236/1313/1236 1237/1314/1237 1221/1297/1221
f 1221/1297/1221 1237/1314/1237 1238/1315/1238 1222/1298/1222
f 1222/1298/1222 1238/1315/1238 1239/1316/1239 1223/1299/1223
f 1223/1299/1223 1239/1316/1239 1240/1317/1240 1224/1300/1224
f 1224/1300/1224 1240/1317/1240 1241/1318/1241 1225/1301/1225
f 1225/1301/1225 1241/1318/1241 1242/1319/1242 1226/1302/1226
f 1226/1302/1226 1242/1319/1242 1243/1320/1243 1227/1303/1227
f 1227/1303/1227 1243/1320/1243 1244/1321/1244 1228/1304/1228
f 1228/1304/1228 1244/1321/1244 1245/1322/1245 1229/1305/1229
f 1229/1305/1229 1245/1322/1245 1246/1323/1246 1230/1306/1230
f 1230/1306/1230 1246/1323/1246 1247/1324/1247 1231/1307/1231
f 1231/1307/1231 1247/1324/1247 1248/1325/1248 1232/1308/1232
f 1232/1308/1232 1248/1325/1248 1233/1326/1233 1217/1309/1217
f 1233/1311/1233 1249/1328/1249 1250/1327/1250 1234/1310/1234
f 1234/1310/1234 1250/1327/1250 1251/1329/1251 1235/1312/1235
f 1235/1312/1235 1251/1329/1251 1252/1330/1252 1236/1313/1236
f 1236/1313/1236 1252/1330/1252 1253/1331/1253 1237/1314/1237
f 1237/1314/1237 1253/1331/1253 1254/1332/1254 1238/1315/1238
f 1238/1315/1238 1254/1332/1254 1255/1333/1255 1239/1316/1239
f 1239/1316/1239 1255/1333/1255 1256/1334/1256 1240/1317/1240
f 1240/1317/1240 1256/1334/1256 1257/1335/1257 1241/1318/1241
f 1241/1318/1241 1257/1335/1257 1258/1336/1258 1242/1319/1242
f 1242/1319/1242 1258/1336/1258 1259/1337/1259 1243/1320/1243
f 1243/1320/1243 1259/1337/1259 1260/1338/1260 1244/1321/1244
f 1244/1321/1244 1260/1338/1260 1261/1339/1261 1245/1322/1245
f 1245/1322/1245 1261/1339/1261 1262/1340/1262 1246/1323/1246
f 1246/1323/1246 1262/1340/1262 1263/1341/1263 1247/1324/1247
f 1247/1324/1247 1263/1341/1263 1264/1342/1264 1248/1325/1248
f 1248/1325/1248 1264/1342/1264 1249/1343/1249 1233/1326/1233
f 1249/1328/1249 1265/1345/1265 1266/1344/1266 1250/1327/1250
f 1250/1327/1250 1266/1344/1266 1267/1346/1267 1251/1329/1251
f 1251/1329/1251 1267/1346/1267 1268/1347/1268 1252/1330/1252
f 1252/1330/1252 1268/1347/1268 1269/1348/1269 1253/1331/1253
f 1253/1331/1253 1269/1348/1269 1270/1349/1270 1254/1332/1254
f 1254/1332/1254 1270/1349/1270 1271/1350/1271 1255/1333/1255
f 1255/1333/1255 1271/1350/1271 1272/1351/1272 1256/1334/1256
f 1256/1334/1256 1272/1351/1272 1273/1352/1273 1257/1335/1257
f 1257/1335/1257 1273/1352/1273 1274/1353/1274 1258/1336/1258
f 1258/1336/1258 1274/1353/1274 1275/1354/1275 1259/1337/1259
f 1259/1337/1259 1275/1354/1275 1276/1355/1276 1260/1338/1260
f 1260/1338/1260 1276/1355/1276 1277/1356/1277 1261/1339/1261
f 1261/1339/1261 1277/1356/1277 1278/1357/1278 1262/1340/1262
f 1262/1340/1262 1278/1357/1278 1279/1358/1279 1263/1341/1263
f 1263/1341/1263 1279/1358/1279 1280/1359/1280 1264/1342/1264
f 1264/1342/1264 1280/1359/1280 1265/1360/1265 1249/1343/1249
f 1265/1345/1265 1281/1362/1281 1282/1361/1282 1266/1344/1266
f 1266/1344/1266 1282/1361/1282 1283/1363/1283 1267/1346/1267
f 1267/1346/1267 1283/1363/1283 1284/1364/1284 1268/1347/1268
f 1268/1347/1268 1284/1364/1284 1285/1365/1285 1269/1348/1269
f 1269/1348/1269 1285/1365/1285 1286/1366/1286 1270/1349/1270
f 1270/1349/1270 1286/1366/1286 1287/1367/1287 1271/1350/1271
f 1271/1350/1271 1287/1367/1287 1288/1368/1288 1272/1351/1272
f 1272/1351/1272 1288/1368/1288 1289/1369/1289 1273/1352/1273
f 1273/1352/1273 1289/1369/1289 1290/1370/1290 1274/1353/1274
f 1274/1353/1274 1290/1370/1290 1291/1371/1291 1275/1354/1275
f 1275/1354/1275 1291/1371/1291 1292/1372/1292 1276/1355/1276
f 1276/1355/1276 1292/1372/1292 1293/1373/1293 1277/1356/1277
f 1277/1356/1277 1293/1373/1293 1294/1374/1294 1278/1357/1278
f 1278/1357/1278 1294/1374/1294 1295/1375/1295 1279/1358/1279
f 1279/1358/1279 1295/1375/1295 1296/1376/1296 1280/1359/1280
f 1280/1359/1280 1296/1376/1296 1281/1377/1281 1265/1360/1265
f 1281/1362/1281 1297/1379/1297 1298/1378/1298 1282/1361/1282
f 1282/1361/1282 1298/1378/1298 1299/1380/1299 1283/1363/1283
f 1283/1363/1283 1299/1380/1299 1300/1381/1300 1284/1364/1284
f 1284/1364/1284 1300/1381/1300 1301/1382/1301 1285/1365/1285
f 1285/1365/1285 1301/1382/1301 1302/1383/1302 1286/1366/1286
f 1286/1366/1286 1302/1383/1302 1303/1384/1303 1287/1367/1287
f 1287/1367/1287 1303/1384/1303 1304/1385/1304 1288/1368/1288
f 1288/1368/1288 1304/1385/1304 1305/1386/1305 1289/1369/1289
f 1289/1369/1289 1305/1386/1305 1306/1387/1306 1290/1370/1290
f 1290/1370/1290 1306/1387/1306 1307/1388/1307 1291/1371/1291
f 1291/1371/1291 1307/1388/1307 1308/1389/1308 1292/1372/1292
f 1292/1372/1292 1308/1389/1308 1309/1390/1309 1293/1373/1293
f 1293/1373/1293 1309/1390/1309 1310/1391/1310 1294/1374/1294
f 1294/1374/1294 1310/1391/1310 1311/1392/1311 1295/1375/1295
f 1295/1375/1295 1311/1392/1311 1312/1393/1312 1296/1376/1296
f 1296/1376/1296 1312/1393/1312 1297/1394/1297 1281/1377/1281
f 1297/1379/1297 1313/1396/1313 1314/1395/1314 1298/1378/1298
f 1298/1378/1298 1314/1395/1314 1315/1397/1315 1299/1380/1299
f 1299/1380/1299 1315/1397/1315 1316/1398/1316 1300/1381/1300
f 1300/1381/1300 1316/1398/1316 1317/1399/1317 1301/1382/1301
f 1301/1382/1301 1317/1399/1317 1318/1400/1318 1302/1383/1302
f 1302/1383/1302 1318/1400/1318 1319/1401/1319 1303/1384/1303
f 1303/1384/1303 1319/1401/1319 1320/1402/1320 1304/1385/1304
f 1304/1385/1304 1320/1402/1320 1321/1403/1321 1305/1386/1305
f 1305/1386/1305 1321/1403/1321 1322/1404/1322 1306/1387/1306
f 1306/1387/1306 1322/1404/1322 1323/1405/1323 1307/1388/1307
f 1307/1388/1307 1323/1405/1323 1324/1406/1324 1308/1389/1308
f 1308/1389/1308 1324/1406/1324 1325/1407/1325 1309/1390/1309
f 1309/1390/1309 1325/1407/1325 1326/1408/1326 1310/1391/1310
f 1310/1391/1310 1326/1408/1326 1327/1409/1327 1311/1392/1311
f 1311/1392/1311 1327/1409/1327 1328/1410/1328 1312/1393/1312
f 1312/1393/1312 1328/1410/1328 1313/1411/1313 1297/1394/1297
f 1313/1396/1313 1329/1413/1329 1330/1412/1330 1314/1395/1314
f 1314/1395/1314 1330/1412/1330 1331/1414/1331 1315/1397/1315
f 1315/1397/1315 1331/1414/1331 1332/1415/1332 1316/1398/1316
f 1316/1398/1316 1332/1415/1332 1333/1416/1333 1317/1399/1317
f 1317/1399/1317 1333/1416/1333 1334/1417/1334 1318/1400/1318
f 1318/1400/1318 1334/1417/1334 1335/1418/1335 1319/1401/1319
f 1319/1401/1319 1335/1418/1335 1336/1419/1336 1320/1402/1320
f 1320/1402/1320 1336/1419/1336 1337/1420/1337 1321/1403/1321
f 1321/1403/1321 1337/1420/1337 1338/1421/1338 1322/1404/1322
f 1322/1404/1322 1338/1421/1338 1339/1422/1339 1323/1405/1323
f 1323/1405/1323 1339/1422/1339 1340/1423/1340 1324/1406/1324
f 1324/1406/1324 1340/1423/1340 1341/1424/1341 1325/1407/1325
f 1325/1407/1325 1341/1424/1341 1342/1425/1342 1326/1408/1326
f 1326/1408/1326 1342/1425/1342 1343/1426/1343 1327/1409/1327
f 1327/1409/1327 1343/1426/1343 1344/1427/1344 1328/1410/1328
f 1328/1410/1328 1344/1427/1344 1329/1428/1329 1313/1411/1313
f 1329/1413/1329 1345/1430/1345 1346/1429/1346 1330/1412/1330
f 1330/1412/1330 1346/1429/1346 1347/1431/1347 1331/1414/1331
f 1331/1414/1331 1347/1431/1347 1348/1432/1348 1332/1415/1332
f 1332/1415/1332 1348/1432/1348 1349/1433/1349 1333/1416/1333
f 1333/1416/1333 1349/1433/1349 1350/1434/1350 1334/1417/1334
f 1334/1417/1334 1350/1434/1350 1351/1435/1351 1335/1418/1335
f 1335/1418/1335 1351/1435/1351 1352/1436/1352 1336/1419/1336
f 1336/1419/1336 1352/1436/1352 1353/1437/1353 1337/1420/1337
f 1337/1420/1337 1353/1437/1353 1354/1438/1354 1338/1421/1338
f 1338/1421/1338 1354/1438/1354 1355/1439/1355 1339/1422/1339
f 1339/1422/1339 1355/1439/1355 1356/1440/1356 1340/1423/1340
f 1340/1423/1340 1356/1440/1356 1357/1441/1357 1341/1424/1341
f 1341/1424/1341 1357/1441/1357 1358/1442/1358 1342/1425/1342
f 1342/1425/1342 1358/1442/1358 1359/1443/1359 1343/1426/1343
f 1343/1426/1343 1359/1443/1359 1360/1444/1360 1344/1427/1344
f 1344/1427/1344 1360/1444/1360 1345/1445/1345 1329/1428/1329
f 1345/1430/1345 1361/1447/1361 1362/1446/1362 1346/1429/1346
f 1346/1429/1346 1362/1446/1362 1363/1448/1363 1347/1431/1347
f 1347/1431/1347 1363/1448/1363 1364/1449/1364 1348/1432/1348
f 1348/1432/1348 1364/1449/1364 1365/1450/1365 1349/1433/1349
f 1349/1433/1349 1365/1450/1365 1366/1451/1366 1350/1434/1350
f 1350/1434/1350 1366/1451/1366 1367/1452/1367 1351/1435/1351
f 1351/1435/1351 1367/1452/1367 1368/1453/1368 1352/1436/1352
f 1352/1436/1352 1368/1453/1368 1369/1454/1369 1353/1437/1353
f 1353/1437/1353 1369/1454/1369 1370/1455/1370 1354/1438/1354
f 1354/1438/1354 1370/1455/1370 1371/1456/1371 1355/1439/1355
f 1355/1439/1355 1371/1456/1371 1372/1457/1372 1356/1440/1356
f 1356/1440/1356 1372/1457/1372 1373/1458/1373 1357/1441/1357
f 1357/1441/1357 1373/1458/1373 1374/1459/1374 1358/1442/1358
f 1358/1442/1358 1374/1459/1374 1375/1460/1375 1359/1443/1359
f 1359/1443/1359 1375/1460/1375 1376/1461/1376 1360/1444/1360
f 1360/1444/1360 1376/1461/1376 1361/1462/1361 1345/1445/1345
f 1361/1447/1361 1377/1464/1377 1378/1463/1378 1362/1446/1362
f 1362/1446/1362 1378/1463/1378 1379/1465/1379 1363/1448/1363
f 1363/1448/1363 1379/1465/1379 1380/1466/1380 1364/1449/1364
f 1364/1449/1364 1380/1466/1380 1381/1467/1381 1365/1450/1365
f 1365/1450/1365 1381/1467/1381 1382/1468/1382 1366/1451/1366
f 1366/1451/1366 1382/1468/1382 1383/1469/1383 1367/1452/1367
f 1367/1452/1367 1383/1469/1383 1384/1470/1384 1368/1453/1368
f 1368/1453/1368 1384/1470/1384 1385/1471/1385 1369/1454/1369
f 1369/1454/1369 1385/1471/1385 1386/1472/1386 1370/1455/1370
f 1370/1455/1370 1386/1472/1386 1387/1473/1387 1371/1456/1371
f 1371/1456/1371 1387/1473/1387 1388/1474/1388 1372/1457/1372
f 1372/1457/1372 1388/1474/1388 1389/1475/1389 1373/1458/1373
f 1373/1458/1373 1389/1475/1389 1390/1476/1390 1374/1459/1374
f 1374/1459/1374 1390/1476/1390 1391/1477/1391 1375/1460/1375
f 1375/1460/1375 1391/1477/1391 1392/1478/1392 1376/1461/1376
f 1376/1461/1376 1392/1478/1392 1377/1479/1377 1361/1462/1361
